"Site_id","year","min_date","max_date","avg_salinity..ppt.","std_deviation_salinity..ppt.","min_salinity..ppt.","max_salinity..ppt.","avg_adj_water_elev_datum.ft.","std_deviation_adj_water_elev_datum.ft.","min_adj_water_elev_datum.ft.","max_adj_water_elev_datum.ft.","avg_adj_water_elev_to_marsh.ft.","std_deviation_adj_water_elev_to_marsh..ft.","min_adj_water_elev_to_marsh.ft.","max_adj_water_elev_to_marsh.ft.","avg_water_temperature..C.DegC.","std_deviation_water_temperature..C.DegC.","min_temperature..C.DegC.","max_temperature..C.DegC.","percent_salinity_complete","percent_water_level_complete","GEOID"
"CRMS0002_2007",2007,"9/29/2007 9:00:00 AM","12/31/2007 11:00:00 PM",9.73899018242489,1.6812115282404,5.78,17.25,0.907357141649949,0.6143996918391,-0.56,2.58,0.46735714230121,0.614399692798275,-1,2.14,18.8040898859527,5.0480400983828,6.9,29.48,25.54795,25.57078,"GEOID99   "
"CRMS0003_2007",2007,"11/1/2007 12:00:00 PM","12/31/2007 11:00:00 PM",26.2891942036053,2.30967236751275,15.55,33.49,0.531005509192581,0.65754987188777,-1.25,2.85,-0.828994489385241,0.65754987155291,-2.61,1.49,16.8396763262998,3.03918110031871,9.46,23.7,16.57534,16.57534,"GEOID99   "
"CRMS0006_2007",2007,"9/28/2007 11:00:00 AM","12/31/2007 11:00:00 PM",6.86858951851429,0.957277731396888,4.21,10.99,0.928883361949284,0.599862165112838,-0.21,2.66,-0.246794755192504,0.600213053917651,-1.39,1.49,18.9347152048166,5.40911172282727,3.85,30.97,25.25114,25.25114,"GEOID99   "
"CRMS0030_2007",2007,"5/9/2007 1:00:00 PM","12/31/2007 11:00:00 PM",4.20490007665139,0.812753163043518,2.06,7.06,1.00465588401886,0.530078372932761,-0.03,2.68,-0.125344114739578,0.530078371869572,-1.16,1.55,24.2671324820738,6.40384663145077,5.53,37.42,63.9726,63.5274,"GEOID99   "
"CRMS0033_2007",2007,"5/10/2007 1:00:00 PM","12/31/2007 11:00:00 PM",4.10420521632716,0.619445597337052,2.43,6.33,1.05168865883083,0.491981088281009,0.07,2.63,0.121540656151215,0.492084715422575,-0.86,1.7,25.5561486757329,6.68462947277087,4.74,41.27,64.41781,64.01826,"GEOID99   "
"CRMS0034_2007",2007,"5/9/2007 5:00:00 PM","12/31/2007 11:00:00 PM",3.54611160851762,0.919049218030815,1.35,7.05,1.02176945071832,0.529730654411007,-0.11,2.66,0.0374811761099251,0.530068539758364,-1.09,1.68,25.1463592791519,6.45819748251292,3.41,39.93,64.23516,63.6758,"GEOID99   "
"CRMS0035_2007",2007,"8/21/2007 8:00:00 AM","12/31/2007 11:00:00 PM",1.98404349324937,1.38884205080551,0.11,9.46,0.717213425754043,0.745097688246673,-0.92,2.59,-0.532786573192542,0.745097688056369,-2.17,1.34,21.9964572778299,5.64223774090699,11.03,32.52,36.22146,36.05023,"GEOID99   "
"CRMS0038_2007",2007,"9/19/2007 9:00:00 AM","12/31/2007 11:00:00 PM",0.997619664009762,0.402182068169531,0.24,2.06,NA,NA,NA,NA,NA,NA,NA,NA,19.4511861781974,5.14951342138459,7.63,28.86,26.4726,0,"GEOID99   "
"CRMS0039_2007",2007,"11/6/2007 10:00:00 AM","12/31/2007 11:00:00 PM",0.438028482460547,0.0766805437746541,0.2,0.6,1.43433719942468,0.0817186729312046,1.31,1.69,0.486048903627899,0.0814381863198286,0.36,0.74,15.1510794591689,4.00483899196719,5.73,24.42,15.22831,8.869864,"GEOID99   "
"CRMS0046_2007",2007,"9/15/2007 8:00:00 AM","12/31/2007 11:00:00 PM",0.825904502831284,0.651756430492973,0.04,3.2,0.854375244298847,0.618180104006235,-0.66,2.39,-0.355624754936133,0.618180103523654,-1.87,1.18,19.5521525325029,4.74705248725348,12.14,28.62,29.40639,29.14384,"GEOID99   "
"CRMS0047_2007",2007,"6/21/2007 11:00:00 AM","12/31/2007 11:00:00 PM",0.998412182931638,0.43165633163593,0.37,2.71,1.05928787765178,0.528032239491472,-0.31,2.55,0.16786796533426,0.52830124725026,-1.2,1.66,23.4297072024597,5.81636747537572,1.52,33.83,52.84247,52.73973,"GEOID99   "
"CRMS0056_2007",2007,"9/17/2007 3:00:00 PM","12/31/2007 11:00:00 PM",1.71755634965327,0.152071788878527,1.38,2.09,1.40627520892308,0.316502042177064,1.1,2.48,0.566275207656511,0.316502039777212,0.26,1.64,18.0495610800879,4.32055872803327,11.45,24.97,28.86986,28.86986,"GEOID99   "
"CRMS0058_2007",2007,"6/19/2007 3:00:00 PM","12/31/2007 11:00:00 PM",NA,NA,NA,NA,1.35853913573218,0.238289504738165,0.97,2.48,0.278539134021058,0.23828950536655,-0.11,1.4,NA,NA,NA,NA,0,53.5274,"GEOID99   "
"CRMS0059_2007",2007,"6/21/2007 2:00:00 PM","12/31/2007 11:00:00 PM",NA,NA,NA,NA,1.15469409414326,0.302195234254336,0.37,2.3,0.20457561409405,0.302322124789524,-0.58,1.35,NA,NA,NA,NA,0,52.99087,"GEOID99   "
"CRMS0061_2007",2007,"9/19/2007 8:00:00 AM","12/31/2007 11:00:00 PM",0.953143662357398,0.532660464866412,0.24,2.45,1.01270606990635,0.611432934656675,-0.8,2.49,0.143486128126132,0.611568705923939,-1.67,1.62,19.890052279268,4.50778960062286,12.58,28.04,28.28767,28.39041,"GEOID99   "
"CRMS0063_2007",2007,"6/22/2007 1:00:00 PM","12/31/2007 11:00:00 PM",0.608006060910602,0.344357139541288,0.09,1.9,1.22726564281073,0.479899920767781,-0.62,2.41,0.457265641297931,0.479899920135413,-1.39,1.64,22.6290668907504,5.56368568721503,9.78,32.47,52.72831,52.72831,"GEOID99   "
"CRMS0086_2007",2007,"8/21/2007 11:00:00 AM","12/31/2007 11:00:00 PM",3.91719182685205,2.08716293143967,0.16,9.38,0.742072326373075,0.764932677043965,-1.23,2.63,-0.327927672625197,0.764932676737415,-2.3,1.56,22.1636635249516,5.60403063183155,9.44,32.26,36.30137,36.30137,"GEOID99   "
"CRMS0089_2007",2007,"6/21/2007 1:00:00 PM","12/31/2007 11:00:00 PM",NA,NA,NA,NA,1.36133791802491,0.322365508405794,0.72,2.51,0.830846075086297,0.322660284745395,0.19,1.98,NA,NA,NA,NA,0,44.79452,"GEOID99   "
"CRMS0090_2007",2007,"6/21/2007 10:00:00 AM","12/31/2007 11:00:00 PM",NA,NA,NA,NA,1.30917347955437,0.253308707172259,0.98,2.39,1.08917347980993,0.25330870834803,0.76,2.17,NA,NA,NA,NA,0,53.03653,"GEOID99   "
"CRMS0097_2007",2007,"9/19/2007 4:00:00 PM","12/31/2007 11:00:00 PM",0.90784676982871,0.376845516936512,0.22,2.12,1.17712499936892,0.604067363791844,-0.72,2.49,0.177124999784264,0.604067362841598,-1.72,1.49,19.1393871111255,4.66235034593262,11.56,27.85,28.3105,28.3105,"GEOID99   "
"CRMS0103_2007",2007,"9/15/2007 12:00:00 PM","12/31/2007 11:00:00 PM",2.18408235249858,1.29195227906544,0.08,5.95,1.20544670717747,0.608059128838835,-0.38,2.65,-0.0545532914684344,0.608059128066923,-1.64,1.39,19.2400658902272,5.16912429522904,2.67,28.47,29.10959,29.13242,"GEOID99   "
"CRMS0108_2007",2007,"11/1/2007 3:00:00 PM","12/31/2007 11:00:00 PM",15.9482705168528,1.54719383548241,13.07,17.98,0.413087479147172,0.680323910238581,-0.99,2.33,-0.546912522529656,0.680323911402303,-1.95,1.37,16.628938380986,3.98086352622439,9.05,24.36,6.666667,6.655251,"GEOID99   "
"CRMS0114_2007",2007,"10/29/2007 1:00:00 PM","12/31/2007 11:00:00 PM",NA,NA,NA,NA,0.926011826847919,0.181660273067695,0.68,1.64,-0.544520366619954,0.181878393405343,-0.79,0.17,NA,NA,NA,NA,0,17.37443,"GEOID99   "
"CRMS0115_2007",2007,"10/29/2007 1:00:00 PM","12/31/2007 11:00:00 PM",NA,NA,NA,NA,0.963302696173863,0.176382630758797,0.73,1.48,NA,NA,NA,NA,NA,NA,NA,NA,0,17.38585,"GEOID99   "
"CRMS0117_2007",2007,"10/29/2007 12:00:00 PM","12/31/2007 11:00:00 PM",NA,NA,NA,NA,1.2652790517065,0.216035166946493,0.95,1.78,-0.022396585641726,0.216361551204408,-0.34,0.49,NA,NA,NA,NA,0,17.38585,"GEOID99   "
"CRMS0118_2007",2007,"5/17/2007 1:00:00 PM","12/31/2007 11:00:00 PM",0.735722973080319,0.888571243034194,0.15,13.48,1.60104575122753,0.664857974776724,0.11,4.08,-0.216337690153413,0.665080673098822,-1.7,2.26,24.0440312153886,6.03343887913527,8.24,34.09,58.18493,52.39726,"GEOID99   "
"CRMS0119_2007",2007,"5/17/2007 3:00:00 PM","12/31/2007 11:00:00 PM",8.61817686720316,2.14533665080709,3.02,13,1.08235538890912,0.673560440833645,-0.11,3.81,-0.347644609620747,0.673560440362404,-1.54,2.38,25.4038919163457,5.80683823209992,5.2,35.78,52.40868,52.10046,"GEOID99   "
"CRMS0120_2007",2007,"10/29/2007 3:00:00 PM","12/31/2007 11:00:00 PM",NA,NA,NA,NA,1.12004601861363,0.160557204336313,0.88,1.69,-0.698106510095656,0.160521658245822,-0.94,-0.13,NA,NA,NA,NA,0,17.36301,"GEOID99   "
"CRMS0121_2007",2007,"10/30/2007 1:00:00 PM","12/31/2007 11:00:00 PM",1.25229034382243,0.400376990129294,0.42,5.02,0.715736543177957,0.402187616489889,-0.03,2.41,-0.324263455479461,0.402187615424301,-1.07,1.37,17.2379119369171,3.94183812146991,5.73,25.11,16.19863,16.11872,"GEOID99   "
"CRMS0128_2007",2007,"10/29/2007 11:00:00 AM","12/31/2007 11:00:00 PM",0.415101638582886,0.0933501184850439,0.22,0.64,1.01901639203556,0.356746861515525,0.44,1.8,NA,NA,NA,NA,16.5613377111466,3.21472448397028,9.36,23.97,17.40868,17.40868,"GEOID99   "
"CRMS0129_2007",2007,"5/17/2007 11:00:00 AM","12/31/2007 11:00:00 PM",7.64910862351719,2.78441804425557,0.42,16.9,1.14792602353138,0.687322624908841,-0.11,3.76,-0.0520739753089619,0.68732262314366,-1.31,2.56,24.6482314783317,5.67683452841507,5.1,35.38,50.97032,51.84932,"GEOID99   "
"CRMS0131_2007",2007,"10/30/2007 1:00:00 PM","12/31/2007 11:00:00 PM",1.66670446677396,0.297525306954548,0.99,2.5,0.702528351386034,0.3957760265078,-0.85,1.96,-0.640240158936664,0.395730816831832,-2.19,0.62,17.9758305610061,3.3939810175612,11.29,24.65,17.11187,17.11187,"GEOID99   "
"CRMS0132_2007",2007,"10/30/2007 2:00:00 PM","12/31/2007 11:00:00 PM",2.49232977000034,0.266803947922723,1.71,4.44,0.826682242214212,0.374642300780378,-0.41,2.12,-0.29315086736534,0.374708729084918,-1.53,1,17.9985781011976,3.76653878914871,7.78,25.76,17.10046,17.10046,"GEOID99   "
"CRMS0135_2007",2007,"1/1/2007 12:00:00 AM","12/31/2007 11:00:00 PM",1.51075476018127,1.45437810660019,0.17,11.39,0.784310621350455,0.614471908415386,-1.49,2.93,-0.0138362008998357,0.614108183577061,-2.286,2.13,22.8316769927542,6.88992563714028,4.64,35.75,99.52055,99.52055,"GEOID99   "
"CRMS0136_2007",2007,"1/1/2007 12:00:00 AM","12/31/2007 11:00:00 PM",2.5001970267348,1.06980575347657,0.97,7.82,0.710357512513129,0.682545652669587,-1.55,2.96,-0.629642486117506,0.682545653326933,-2.89,1.62,23.0825974031805,6.76773215381967,6.12,35.09,99.07534,98.98402,"GEOID99   "
"CRMS0139_2007",2007,"6/28/2007 4:00:00 PM","12/31/2007 11:00:00 PM",1.5698532861277,2.48295714327626,0.18,17.21,1.55976063655976,0.628141199850106,0.49,3.97,0.170416666282314,0.628493713491432,-0.9,2.58,24.4817107359166,6.63893559893272,7.15,37.46,38.90411,38.63014,"GEOID99   "
"CRMS0146_2007",2007,"10/30/2007 3:00:00 PM","12/31/2007 11:00:00 PM",4.05005406737328,0.431883768898111,2.31,5.36,0.64924999949321,0.443994611496973,-0.81,2.32,-0.272709458876351,0.444109545597407,-1.73,1.39,17.7116152990919,4.1312602588782,5.77,24.97,16.89498,16.89498,"GEOID99   "
"CRMS0147_2007",2007,"1/1/2007 12:00:00 AM","12/31/2007 11:00:00 PM",8.27871986290891,3.2901905679048,1.34,20.88,0.655324704661776,0.805468420064998,-1.6,3.55,-0.214675294581595,0.805468419566127,-2.47,2.68,22.5737311564274,7.00970384923086,0.36,35.83,99.42923,99.66895,"GEOID99   "
"CRMS0148_2007",2007,"5/17/2007 12:00:00 PM","12/31/2007 11:00:00 PM",6.17028022816946,1.81359809561387,1.11,12.81,0.913852474530326,0.742448405923451,-0.62,3.68,-0.666147525017566,0.742448406746026,-2.2,2.1,25.9194238040373,5.62152674618536,4.67,35.33,58.25343,58.34475,"GEOID99   "
"CRMS0151_2007",2007,"11/28/2007 11:00:00 AM","12/31/2007 11:00:00 PM",3.61601243315276,2.45573917900042,0.22,13.32,NA,NA,NA,NA,NA,NA,NA,NA,16.2315527803409,2.9333710873606,10.58,21.82,9.189498,0,"GEOID99   "
"CRMS0153_2007",2007,"11/27/2007 3:00:00 PM","12/31/2007 11:00:00 PM",4.92099394408139,3.4192485906421,0.37,21.93,1.57259393813935,0.617133255555198,-0.17,3.35,1.40259393924791,0.617133258976055,-0.34,3.18,16.7415636201338,3.32746632831106,10.65,23.66,9.417809,9.417809,"GEOID99   "
"CRMS0154_2007",2007,"6/25/2007 2:00:00 PM","12/31/2007 11:00:00 PM",1.79742191096352,1.1408627016299,0.19,5.52,2.01118125564927,0.577557611493555,0.58,3.71,-0.0113308403208308,0.578003552553881,-1.45,1.69,24.6081918218405,6.60918648475046,8.05,34.36,51.89497,51.89497,"GEOID99   "
"CRMS0156_2007",2007,"6/27/2007 10:00:00 AM","12/31/2007 11:00:00 PM",2.27641714785971,1.73633517235008,0.19,17.16,1.73474677800735,0.581180119715538,0.18,3.4,0.0347467794259725,0.581180118888103,-1.52,1.7,24.3929542361869,6.73159814920269,8.06,34.82,51.39269,51.39269,"GEOID99   "
"CRMS0157_2007",2007,"6/25/2007 12:00:00 PM","12/31/2007 11:00:00 PM",1.67713311382332,1.07232796133589,0.19,4.92,2.18383973502414,0.520200236534195,1.05,3.74,0.435667340604624,0.520484005300835,-0.7,1.99,24.3110655057941,6.46733971802009,7.98,36.64,45.19406,45.15982,"GEOID99   "
"CRMS0159_2007",2007,"6/27/2007 9:00:00 AM","12/31/2007 11:00:00 PM",2.93592716116469,2.2057575585255,0.19,18.16,NA,NA,NA,NA,NA,NA,NA,NA,24.5674594605522,6.53636205803881,8.06,33,51.40411,0,"GEOID99   "
"CRMS0161_2007",2007,"6/26/2007 2:00:00 PM","12/31/2007 11:00:00 PM",6.4828438754039,5.26012210899807,0.27,31.72,1.40918398796087,0.623748486195445,-0.31,3.32,0.719183988871662,0.623748485675424,-1,2.63,25.0872445916349,5.90983656438404,10.53,34.23,51.621,51.621,"GEOID99   "
"CRMS0162_2007",2007,"6/28/2007 12:00:00 PM","12/31/2007 11:00:00 PM",2.33218498514021,1.6146758950028,0.2,15.78,NA,NA,NA,NA,NA,NA,NA,NA,24.6346291225866,6.24362262873971,8.08,35.37,51.09589,0,"GEOID99   "
"CRMS0163_2007",2007,"6/25/2007 8:00:00 AM","12/31/2007 11:00:00 PM",3.93141256953689,3.95626902052191,0.17,24.89,1.38395210847779,0.564348873559335,-0.17,3.36,0.143952109089435,0.564348872756685,-1.41,2.12,25.0153866392447,6.42108363274711,8.13,36.19,51.96347,51.96347,"GEOID99   "
"CRMS0164_2007",2007,"1/1/2007 12:00:00 AM","12/31/2007 11:00:00 PM",20.7517169239917,3.35421845964232,8.09,27.51,0.972483160094155,0.516596103080799,-0.5,2.84,0.0401609773119334,0.516883288300346,-1.43,1.91,23.23146024681,6.53580545079701,4.42,35.98,85.17123,99.98859,"GEOID99   "
"CRMS0171_2007",2007,"5/22/2007 12:00:00 PM","12/31/2007 11:00:00 PM",22.8359041357078,5.0874220957551,11.09,33.71,1.31762490115637,0.596375183425466,-0.18,3.22,0.0376249022067908,0.596375184179885,-1.46,1.94,25.7673947712637,5.53298773473307,6.78,36.36,58.58448,58.49315,"GEOID99   "
"CRMS0172_2007",2007,"5/15/2007 3:00:00 PM","12/31/2007 11:00:00 PM",21.9863527354331,5.11843934556553,9.89,34.76,1.3433634841934,0.572893598022576,0.15,3.19,0.17336348525063,0.572893597649242,-1.02,2.02,25.8863411028188,5.64925242366478,7.98,38.13,61.81507,61.8379,"GEOID99   "
"CRMS0173_2007",2007,"1/1/2007 12:00:00 AM","12/31/2007 11:00:00 PM",14.5934216390853,3.17224730074801,7.1,23.37,0.973086577443052,0.619294114307178,-0.45,3.17,0.0330865774333979,0.619294113257941,-1.39,2.23,22.4899475035109,6.31401188072347,-1.74,34.64,98.25343,98.23059,"GEOID99   "
"CRMS0174_2007",2007,"1/1/2007 12:00:00 AM","12/31/2007 11:00:00 PM",17.5996156354084,4.08708004175144,7.53,27.9,1.14106868360208,0.651282611695583,-0.6,3.42,0.151068684536604,0.651282611930211,-1.59,2.43,23.1636602411478,6.57926020287469,1.33,36.81,88.20776,99.55479,"GEOID99   "
"CRMS0175_2007",2007,"1/1/2007 12:00:00 AM","12/31/2007 11:00:00 PM",16.3209282856985,3.86347347223601,6.36,24.55,NA,NA,NA,NA,NA,NA,NA,NA,23.2081116542572,6.85845426170294,2.88,37.24,99.97717,0,"GEOID99   "
"CRMS0176_2007",2007,"1/1/2007 12:00:00 AM","12/31/2007 11:00:00 PM",16.2117469809893,5.64538205805485,1.68,27.39,1.04914468372354,0.653633262948791,-1.1,3.31,-0.41085531549762,0.653633262831409,-2.56,1.85,23.3397648204665,6.39014364698872,7.16,35.71,99.97717,99.96575,"GEOID99   "
"CRMS0178_2007",2007,"4/25/2007 11:00:00 AM","12/31/2007 11:00:00 PM",19.5463961335282,3.03656269957767,11.13,29.23,0.88070846387939,0.56665239778587,-0.83,2.79,-0.284291534857295,0.566652397967382,-1.995,1.625,25.5361084367875,5.31111453310098,10.96,34.63,68.64156,68.64156,"GEOID99   "
"CRMS0179_2007",2007,"1/1/2007 12:00:00 AM","12/31/2007 11:00:00 PM",17.1069991351146,4.36260940819428,9.4,27.31,1.0371369039791,0.687049959386447,-1.19,3.21,-0.0228630947089605,0.687049960885951,-2.25,2.15,23.7586981998056,6.85112036227449,2.54,37.2,78.40182,79.46347,"GEOID99   "
"CRMS0181_2007",2007,"5/15/2007 11:00:00 AM","12/31/2007 11:00:00 PM",19.2316073949879,4.91026834078071,6.25,31.64,1.17562996067483,0.595018420557286,-0.1,3.08,0.155629961317871,0.595018420078178,-1.12,2.06,25.4318063526684,5.79827609801391,7.68,35.64,55.53653,56.08447,"GEOID99   "
"CRMS0184_2007",2007,"1/1/2007 12:00:00 AM","12/31/2007 11:00:00 PM",NA,NA,NA,NA,1.64343552994572,0.225756416186029,0.88,3.14,0.893435530221965,0.225756414153054,0.13,2.39,20.8173954686203,3.89792391896237,12.9,26.11,0,96.06164,"GEOID99   "
"CRMS0188_2007",2007,"1/1/2007 12:00:00 AM","12/31/2007 11:00:00 PM",0.844477440695093,0.457742405631267,0.18,3.06,0.910997144137533,0.494983054617207,-0.89,2.52,NA,NA,NA,NA,22.5276630498014,6.06298679668456,7.2,34.32,99.94292,99.94292,"GEOID99   "
"CRMS0189_2007",2007,"5/24/2007 1:00:00 PM","12/31/2007 11:00:00 PM",0.729345247054145,0.220819086635992,0.22,1.72,1.31617685807615,0.287361069896725,0.89,2.45,NA,NA,NA,NA,22.3547225356438,3.89995878811093,12.74,27.39,60.67352,60.67352,"GEOID99   "
"CRMS0190_2007",2007,"1/1/2007 12:00:00 AM","12/31/2007 11:00:00 PM",NA,NA,NA,NA,1.01435138502672,0.420188143115306,0.23,2.48,0.054200547917709,0.36516181679527,-0.59,1.41,20.506195915223,1.65572628081313,17.84,24.17,0,90.63927,"GEOID99   "
"CRMS0192_2007",2007,"1/1/2007 12:00:00 AM","12/31/2007 11:00:00 PM",0.125357057547794,0.0323602420921488,0.06,0.27,1.39127235760865,0.274747036374478,0.85,2.3,-0.00014210678436839,0.193875635226093,-0.38,0.61,18.0317757429187,5.42861790516248,7.14,25.52,95.59361,89.98859,"GEOID99   "
"CRMS0209_2007",2007,"1/1/2007 12:00:00 AM","12/31/2007 11:00:00 PM",11.2364751049909,3.72815097859049,2.51,20.92,0.876443653332832,0.605096026352173,-0.79,2.82,-0.0419899016246371,0.61459009011007,-1.72,1.92,23.0354344106072,6.60125159372805,2.82,35.24,99.71461,99.47488,"GEOID99   "
"CRMS0211_2007",2007,"1/1/2007 12:00:00 AM","12/31/2007 11:00:00 PM",0.256721086838376,0.0275936618258468,0.19,0.34,0.790464770743547,0.260281107887931,0.25,1.78,0.0910537727864019,0.23714142448718,-0.38,1.06,18.1418266914821,4.48281298378509,7.55,24.81,99.98859,99.96575,"GEOID99   "
"CRMS0219_2007",2007,"1/1/2007 12:00:00 AM","12/31/2007 11:00:00 PM",0.859340028434509,0.0628477898053203,0.65,0.99,1.15938530501559,0.267269041340825,0.67,2.25,0.238066910192682,0.264486284203061,-0.3,1.34,19.8090636974656,2.6092969116581,14.78,23.98,99.97717,96.94064,"GEOID99   "
"CRMS0220_2007",2007,"1/1/2007 12:00:00 AM","12/31/2007 11:00:00 PM",4.63031648898351,2.7199809064171,0.54,13.48,0.917253917735712,0.516560325499865,-0.46,2.38,-0.25314357349071,0.516710050250074,-1.63,1.21,22.409032295679,6.98653295708407,0.91,37.04,91.25571,91.03881,"GEOID99   "
"CRMS0224_2007",2007,"1/1/2007 12:00:00 AM","12/31/2007 11:00:00 PM",8.21682670999039,2.87723961766,1.88,15.3,1.39584380991728,0.499928795130138,0.31,3.33,0.135843809980474,0.499928795128572,-0.95,2.07,22.5361667986994,7.15395507398361,-1.17,37.37,87.02055,94.42922,"GEOID99   "
"CRMS0225_2007",2007,"1/1/2007 12:00:00 AM","12/31/2007 11:00:00 PM",4.17986766064649,2.68186089567221,0.51,12.52,0.803165138998163,0.37647741988148,-0.3,1.63,-0.126834862066621,0.376477416568887,-1.23,0.7,19.4274975784245,6.43454970089679,5.8,32.2,47.44292,4.977169,"GEOID99   "
"CRMS0226_2007",2007,"1/1/2007 12:00:00 AM","12/31/2007 11:00:00 PM",7.93515897390056,3.62092100714723,1.43,18.32,0.941505628254402,0.581559735768025,-1.2,2.93,-0.526069528380503,0.581637158927072,-2.67,1.47,22.5597142062387,6.82627889378667,5.14,34.66,92.27169,92.27169,"GEOID99   "
"CRMS0232_2007",2007,"1/1/2007 12:00:00 AM","12/31/2007 11:00:00 PM",7.42087814171335,3.95758284743441,0.69,20.43,0.905153417933033,0.551957027774767,-0.44,2.75,-0.041230973556519,0.552245884529209,-1.39,1.8,22.9180719511222,7.10617965670522,-0.46,36.33,94.89725,94.49772,"GEOID99   "
"CRMS0237_2007",2007,"1/1/2007 12:00:00 AM","12/31/2007 11:00:00 PM",9.37073958961882,3.40309626676898,1.72,18.89,1.15217973399348,0.645875140220884,-0.92,3.51,0.0410891235766556,0.645983518075146,-2.03,2.4,23.4655075231563,6.4576549960037,6.15,35.12,84.12101,76.72374,"GEOID99   "
"CRMS0248_2007",2007,"5/14/2007 9:00:00 AM","12/31/2007 11:00:00 PM",4.1203114904643,2.44543818237537,0.73,12.77,1.16919877532357,0.438491869195532,-0.16,2.41,-0.00304105145797042,0.438766777525876,-1.33,1.24,26.2759308662181,5.70141353177526,8.47,37.19,63.40182,63.40182,"GEOID99   "
"CRMS0251_2007",2007,"1/1/2007 12:00:00 AM","12/31/2007 11:00:00 PM",6.71667782151572,3.22480408037826,0.25,16.79,1.02364203194076,0.464100750939666,0.14,2.71,0.1183216131112,0.464347712826928,-0.77,1.81,21.8913380606223,7.89037181149363,-0.47,37.31,88.68722,86.03881,"GEOID99   "
"CRMS0253_2007",2007,"1/1/2007 12:00:00 AM","12/31/2007 11:00:00 PM",4.81169701199961,2.88587318196597,0.77,13.61,0.917138802976193,0.471277860030859,-0.18,2.48,-0.21229013904346,0.471420498645498,-1.31,1.35,22.9691092834741,7.11700437443896,0.04,35.9,97.80822,96.55251,"GEOID99   "
"CRMS0258_2007",2007,"9/12/2007 3:00:00 PM","12/31/2007 11:00:00 PM",13.8224348771703,1.88991344496803,9.68,17.39,1.06595318980034,0.546134043032124,-0.23,2.65,0.0175726683406042,0.546556540787084,-1.28,1.6,21.4704077032297,5.48346307942936,6.51,34.01,30.23973,30.23973,"GEOID99   "
"CRMS0260_2007",2007,"7/25/2007 4:00:00 PM","12/31/2007 11:00:00 PM",10.1030360887365,3.93881073644595,1.78,17.71,1.18694298955657,0.490055849786961,-0.33,2.68,-0.0424973845762438,0.490312121578936,-1.56,1.45,24.3207897464102,6.45597083175893,7.43,36.45,43.65297,43.65297,"GEOID99   "
"CRMS0261_2007",2007,"5/14/2007 11:00:00 AM","12/31/2007 11:00:00 PM",2.95258711051653,1.96688619705581,0.39,11.71,1.21684238946664,0.451786724722036,-0.32,2.46,0.0975356559842653,0.452023031795272,-1.44,1.34,26.0049900579892,6.07386678635623,6.49,37.67,63.23059,63.23059,"GEOID99   "
"CRMS0263_2007",2007,"11/2/2007 12:00:00 PM","12/31/2007 11:00:00 PM",11.7945409870348,1.68547074131903,7.52,16.34,0.76728100806198,0.387243513215271,-0.45,1.8,-0.447421162511263,0.387352929983075,-1.67,0.59,17.7849334150072,3.89150374543865,4.55,27.58,16.28995,16.28995,"GEOID99   "
"CRMS0268_2007",2007,"1/1/2007 12:00:00 AM","12/31/2007 11:00:00 PM",0.121446512710549,0.0401324771217432,0.05,0.36,1.32896106812402,0.418534609660595,0.08,2.34,NA,NA,NA,NA,22.0582429388503,6.11774101202615,8.3,33.17,99.98859,99.98859,"GEOID99   "
"CRMS0272_2007",2007,"9/26/2007 11:00:00 AM","12/31/2007 11:00:00 PM",19.8025371917683,3.38941035283621,7.75,25.27,1.10120160152873,0.679813288699432,-0.31,3.19,0.371201601960378,0.679813288119886,-1.04,2.46,20.7045787822102,5.18275248703017,6.32,31.94,25.33105,25.65069,"GEOID99   "
"CRMS0273_2007",2007,"1/1/2007 12:00:00 AM","12/31/2007 11:00:00 PM",0.713784677351306,0.168682356702284,0.24,1.15,1.43438660169212,0.284797941412466,0.81,2.55,0.153026601041055,0.264392270612651,-0.4,1.18,19.4555337565418,4.62012167532422,7.37,25.72,99.98859,84.86301,"GEOID99   "
"CRMS0278_2007",2007,"5/24/2007 4:00:00 PM","12/31/2007 11:00:00 PM",0.390205726153904,0.108981379545684,0.11,0.8,1.07554107317098,0.404398665248282,0.33,2.39,NA,NA,NA,NA,23.7039258392117,5.90127646896153,0,33.36,53.8242,57.80822,"GEOID99   "
"CRMS0282_2007",2007,"9/26/2007 2:00:00 PM","12/31/2007 11:00:00 PM",17.25857267619,2.74517029358001,11.63,21.86,1.06359618562766,0.668166998972745,-0.74,2.96,-0.086403812733729,0.668167000048792,-1.89,1.81,20.4209161546587,4.77187922102287,9.81,30.72,26.39269,26.34703,"GEOID99   "
"CRMS0292_2007",2007,"1/1/2007 12:00:00 AM","12/31/2007 11:00:00 PM",26.5547940355979,3.21609408032879,8.36,36.76,0.769036765456628,0.640482528719146,-1.46,2.59,-0.316402473336451,0.640509077083103,-2.55,1.5,23.5134235551208,6.96303835837083,2.48,40.4,93.39041,99.66895,"GEOID99   "
"CRMS0293_2007",2007,"1/1/2007 12:00:00 AM","12/31/2007 11:00:00 PM",10.5067397529327,4.2016710547113,1.33,21.43,0.847580221351978,0.504211707358467,-1.28,2.06,-0.568114651007174,0.504309429400312,-2.69,0.64,23.0329073851166,7.01553923183761,3.53,36.47,99.96575,99.96575,"GEOID99   "
"CRMS0294_2007",2007,"1/1/2007 12:00:00 AM","12/31/2007 11:00:00 PM",0.347814095074612,0.535428000480597,0.14,5.96,1.39203158996723,0.334624069382029,0.03,2.26,NA,NA,NA,NA,22.7525613577369,6.77980197450281,8.3,34.49,93.94977,93.94977,"GEOID99   "
"CRMS0296_2007",2007,"1/1/2007 12:00:00 AM","12/31/2007 11:00:00 PM",3.72110543974633,0.346013101925736,2.66,4.3,1.37597706681644,0.256886841644496,0.83,2.23,0.037850118010446,0.252772517854756,-0.41,1.07,20.9930959933279,3.09321179608981,15.43,25.96,91.70091,73.66438,"GEOID99   "
"CRMS0302_2007",2007,"1/1/2007 12:00:00 AM","12/31/2007 11:00:00 PM",22.4566832549177,4.50143347162435,9.38,35.77,0.849564441373706,0.76303329316197,-2,3.32,-0.270435557828792,0.763033293471236,-3.12,2.2,22.4133732374437,6.62655501800986,6.09,36.27,75.71918,89.6347,"GEOID99   "
"CRMS0303_2007",2007,"1/1/2007 12:00:00 AM","12/31/2007 11:00:00 PM",13.3284274220058,4.64063120414858,1.24,25.25,0.848558218626425,0.724293285464638,-1.28,2.96,-0.411441780337171,0.724293285065672,-2.54,1.7,22.9713378958506,7.01255203721742,2.4,37.86,99.88585,100,"GEOID99   "
"CRMS0305_2007",2007,"1/1/2007 12:00:00 AM","12/31/2007 11:00:00 PM",1.38710541839427,2.19969859467504,0,14.99,0.782148655783651,0.71939168478346,-1.5,2.88,-0.587851342670044,0.719391683796145,-2.87,1.51,22.8505398578641,7.31246439018322,4.29,37.44,77.10046,99.82877,"GEOID99   "
"CRMS0307_2007",2007,"5/9/2007 10:00:00 AM","12/31/2007 11:00:00 PM",13.3456150845066,2.29455061674033,7.74,20.72,1.1534555705234,0.583220113707959,-0.72,2.81,0.0901815937510173,0.58346249252064,-1.78,1.75,25.6867853338802,5.50115573111155,8.29,34.98,64.77169,64.74886,"GEOID99   "
"CRMS0309_2007",2007,"1/1/2007 12:00:00 AM","12/31/2007 11:00:00 PM",11.7663999970754,4.8191893189637,1.16,25.18,0.78316543127069,0.653013660013366,-1.26,2.53,-0.512327571527519,0.653018381827176,-2.55,1.24,24.5179293575954,5.81766924242001,8.94,34.84,69.34931,69.34931,"GEOID99   "
"CRMS0310_2007",2007,"1/1/2007 12:00:00 AM","12/31/2007 11:00:00 PM",18.4714895295229,4.41022312512838,7.05,28.74,0.898395856275314,0.567737714123519,-0.47,2.45,0.00839585657252368,0.567737712621171,-1.36,1.56,21.8555173970387,6.90275512196443,0.56,36.92,74.64612,81.55251,"GEOID99   "
"CRMS0311_2007",2007,"1/1/2007 12:00:00 AM","12/31/2007 11:00:00 PM",17.4063907746346,4.35247117801407,2.39,26.75,0.951624237028407,0.608433425015493,-0.62,2.94,0.204213036060718,0.591601625375828,-1.51,2.05,23.1894621449382,6.40043031511071,1.1,36.06,99.44064,99.09818,"GEOID99   "
"CRMS0312_2007",2007,"1/1/2007 12:00:00 AM","12/31/2007 11:00:00 PM",2.95999056555913,0.771286509726887,0.26,7.53,1.05773501546883,0.462868561845196,-0.21,2.74,NA,NA,NA,NA,22.0374927363712,5.50294212359188,4.85,32.22,84.70319,90.46804,"GEOID99   "
"CRMS0315_2007",2007,"1/1/2007 12:00:00 AM","12/31/2007 11:00:00 PM",9.86003440819366,2.77140786198626,1.25,16.48,1.19117442738453,0.609206759164538,-0.15,3.49,-0.0822243506549776,0.609488439145194,-1.42,2.22,22.9847416074508,6.90528696275245,-1.22,37.24,96.21004,95.35388,"GEOID99   "
"CRMS0318_2007",2007,"1/1/2007 12:00:00 AM","12/31/2007 11:00:00 PM",20.5066911806644,2.53620291668892,3.01,26.61,1.02340254429603,0.635779944245106,-0.33,3.02,0.0534025446998704,0.635779942975025,-1.3,2.05,23.0072522837287,7.30448041443047,-1.29,40.12,96.25571,95.11415,"GEOID99   "
"CRMS0319_2007",2007,"6/14/2007 11:00:00 AM","12/31/2007 11:00:00 PM",19.9397957849898,1.41731748355779,11.06,24,0.820223213766865,0.52883334695325,-0.87,2.07,-0.176306818098634,0.529337213426564,-1.87,1.07,25.1999074990669,6.96901426917547,10.68,36.67,35.77625,28.12786,"GEOID99   "
"CRMS0322_2007",2007,"1/1/2007 12:00:00 AM","12/31/2007 11:00:00 PM",15.922451730103,4.24708876177458,3.76,26.55,0.917025114046452,0.505258192095848,-0.59,2.55,-0.192974885645616,0.505258190919553,-1.7,1.44,23.2525559397593,6.69703493553296,4.29,35.9,99.9201,100,"GEOID99   "
"CRMS0326_2007",2007,"1/1/2007 12:00:00 AM","12/31/2007 11:00:00 PM",9.04556963738377,4.04404711166994,0.94,18.73,1.00588926856946,0.614101022661507,-1.02,3.63,-0.227110730620903,0.614101024315103,-2.253,2.397,23.1501678050381,6.50997940536771,5.81,35.89,100,100,"GEOID99   "
"CRMS0327_2007",2007,"5/8/2007 1:00:00 PM","12/31/2007 11:00:00 PM",0.487066578193234,0.708881756751656,0.19,7.48,1.1571179620116,0.382042503156232,-0.32,2.18,NA,NA,NA,NA,27.1133355753458,5.27504807118219,13.79,35.06,51.09589,51.09589,"GEOID99   "
"CRMS0331_2007",2007,"1/1/2007 12:00:00 AM","12/31/2007 11:00:00 PM",0.253484017617966,0.0371226014348066,0.1,0.38,1.30080821925294,0.407525575473521,-0.01,2.56,NA,NA,NA,NA,21.635574200382,5.54793876008129,9.16,30.51,100,100,"GEOID99   "
"CRMS0332_2007",2007,"1/1/2007 12:00:00 AM","12/31/2007 11:00:00 PM",8.50949505217152,4.89830281361879,0.47,22.49,0.991146069280077,0.606908028805079,-1.26,2.8,-0.464853929834605,0.60690802956781,-2.716,1.344,22.6255066387961,6.79268386363357,3.83,35.9,92.23744,95.42238,"GEOID99   "
"CRMS0335_2007",2007,"6/25/2007 10:00:00 AM","12/31/2007 11:00:00 PM",NA,NA,NA,NA,1.47161538315343,0.34743681206986,0.96,2.99,0.481615384671387,0.347436812304099,-0.03,2,NA,NA,NA,NA,0,51.94064,"GEOID99   "
"CRMS0336_2007",2007,"1/1/2007 12:00:00 AM","12/31/2007 11:00:00 PM",18.880455318046,2.33003137817555,10.24,23.22,0.966070170825329,0.676474240671527,-0.9,2.99,-0.0852239891675052,0.676740798778495,-1.95,1.94,23.6704087734158,6.45451672839312,0.48,35.72,86.99772,94.02969,"GEOID99   "
"CRMS0337_2007",2007,"1/1/2007 12:00:00 AM","12/31/2007 11:00:00 PM",18.1049491086312,3.59894358407923,8.37,25.26,0.926018846666283,0.661322221288512,-0.56,2.99,-0.105981152558169,0.661322220959114,-1.592,1.958,22.277742225338,7.18500884759699,-0.46,36.13,65.04566,73.89269,"GEOID99   "
"CRMS0338_2007",2007,"1/1/2007 12:00:00 AM","12/31/2007 11:00:00 PM",19.2520669839842,2.95157971806795,7.42,24.61,0.923840254244587,0.692814063727306,-0.8,3.03,0.00884025496197315,0.692814064185336,-1.715,2.115,23.2037542670196,6.73791693984501,3.83,37.05,89.96575,96.75799,"GEOID99   "
"CRMS0341_2007",2007,"5/17/2007 2:00:00 PM","12/31/2007 11:00:00 PM",21.3867743527993,2.75549411051862,9.64,30.45,1.06230518152533,0.68382637319885,-1.11,3.15,-0.0381401151315007,0.684100017775213,-2.21,2.05,23.9189592918547,6.13293293351104,4.01,36.76,47.3516,59.47488,"GEOID99   "
"CRMS0345_2007",2007,"1/1/2007 12:00:00 AM","12/31/2007 11:00:00 PM",21.6683958042526,3.08476973909938,11.59,32.03,0.47155857465963,0.660767530091751,-1.47,2.55,-0.104441424829781,0.660767530495099,-2.046,1.974,23.0366499132967,6.82458051590075,3.84,36.57,80.69634,99.97717,"GEOID99   "
"CRMS0347_2007",2007,"1/1/2007 12:00:00 AM","12/31/2007 11:00:00 PM",20.1773349643904,3.33219276113824,5.96,27.22,0.659317162883046,0.574482365641814,-0.44,2.79,0.11331716384595,0.574482366400652,-0.986,2.244,22.7181025587079,7.08225766871325,0.19,39.63,88.71004,86.59818,"GEOID99   "
"CRMS0354_2007",2007,"1/1/2007 12:00:00 AM","12/31/2007 11:00:00 PM",4.80677850777214,3.53435809167524,0.06,17.24,1.05442233814805,0.520789777993535,-0.2,2.76,-0.196807446114507,0.52112782867653,-1.45,1.51,22.9638154130682,7.11368238168413,0.8,37.85,99.00685,98.11644,"GEOID99   "
"CRMS0355_2007",2007,"1/1/2007 12:00:00 AM","12/31/2007 11:00:00 PM",NA,NA,NA,NA,1.35364419135559,0.356615611656646,0.74,3.29,0.158644194716702,0.356615610995862,-0.455,2.095,17.5675589331326,3.16034533913038,12.05,23.8,0,91.43836,"GEOID99   "
"CRMS0367_2007",2007,"1/1/2007 12:00:00 AM","12/31/2007 11:00:00 PM",0.218968706378222,0.0484413688558932,0.09,0.45,1.21218039294396,0.433458605939055,-0.16,2.6,NA,NA,NA,NA,23.1332309286907,6.77690372005295,6.44,35.71,99.95434,90.3653,"GEOID99   "
"CRMS0369_2007",2007,"5/31/2007 11:00:00 AM","12/31/2007 11:00:00 PM",10.1245299126979,4.01242778255024,1.24,18.56,1.41651479445071,0.479906682766176,-0.26,2.6,-0.249859088502943,0.480043043466926,-1.92,0.94,26.1523605834967,6.07006473044355,6.77,36.85,56.09589,48.6073,"GEOID99   "
"CRMS0371_2007",2007,"1/1/2007 12:00:00 AM","12/31/2007 11:00:00 PM",0.411167808335496,0.692707859064474,0.11,7.89,0.965102739007421,0.371889045559132,-0.52,2.1,NA,NA,NA,NA,22.1868059433759,6.7982303192984,7.85,34.62,100,100,"GEOID99   "
"CRMS0374_2007",2007,"1/1/2007 12:00:00 AM","12/31/2007 11:00:00 PM",21.0458665185119,3.09142479236124,9.34,27.63,0.98027941313316,0.53419426339567,-0.1,2.77,-0.0997205855690454,0.534194262165399,-1.18,1.69,23.1217151646616,6.96223624681384,0.29,38.72,83.98402,83.34475,"GEOID99   "
"CRMS0376_2007",2007,"1/1/2007 12:00:00 AM","12/31/2007 11:00:00 PM",21.9449637531771,3.87262316657991,9.58,38.77,0.900424802461651,0.721120297426017,-1.21,3.02,0.100424802793936,0.721120296930647,-2.01,2.22,23.127468309079,6.69053702502057,5.65,36.29,88.19635,99.96575,"GEOID99   "
"CRMS0377_2007",2007,"6/6/2007 12:00:00 PM","12/31/2007 11:00:00 PM",17.6278280970138,3.49547816591047,8.96,25.6,1.02664328607953,0.691276495455109,-1.23,2.98,-0.225937875539796,0.691367143004474,-2.49,1.73,25.6066246015521,6.00268919685711,10.53,34.27,56.97489,56.96347,"GEOID99   "
"CRMS0381_2007",2007,"1/1/2007 12:00:00 AM","12/31/2007 11:00:00 PM",1.95444696809596,0.297516045473601,1.17,2.53,1.27981364926058,0.270450661506853,0.86,2.11,NA,NA,NA,NA,21.5008148485857,5.55238068539712,6.74,28.69,70.28539,76.57535,"GEOID99   "
"CRMS0382_2007",2007,"1/1/2007 12:00:00 AM","12/31/2007 11:00:00 PM",1.52063477360021,0.573230952141777,0.17,2.46,1.27112912355268,0.307393280827519,0.53,2.18,NA,NA,NA,NA,21.9751512624042,5.38680009944033,7.88,30.85,99.98859,99.98859,"GEOID99   "
"CRMS0383_2007",2007,"1/1/2007 12:00:00 AM","12/31/2007 11:00:00 PM",16.6571772449563,4.0774197114164,4.86,26.23,1.16042298531564,0.657122456854561,-1.03,2.82,-0.154755809236667,0.657224912534415,-2.345,1.5,23.1859400647952,6.86802982521606,6.61,36.85,76.8379,82.04338,"GEOID99   "
"CRMS0386_2007",2007,"1/1/2007 12:00:00 AM","12/31/2007 11:00:00 PM",11.9867016739709,3.42842198842085,2.59,19.75,1.05031396217159,0.491690118716381,-0.44,2.73,-0.164098641214094,0.491946775626468,-1.65,1.52,23.5213563194802,6.72140370726522,5.34,36.83,99.98859,99.98859,"GEOID99   "
"CRMS0387_2007",2007,"1/1/2007 12:00:00 AM","12/31/2007 11:00:00 PM",14.0616108968986,3.82855437496915,3.54,24.16,0.802876105983803,0.512729183204097,-0.84,2.64,-0.498743085977487,0.512798778882408,-2.15,1.34,23.4097149974839,6.9364479665517,4.45,50,82.55708,82.55708,"GEOID99   "
"CRMS0390_2007",2007,"1/1/2007 12:00:00 AM","12/31/2007 11:00:00 PM",8.27313258084112,1.72496511606067,4.3,12.18,0.984245618785043,0.477861330035217,-0.14,2.34,-0.0902401038692112,0.478207453790887,-1.21,1.27,23.1216053018627,7.24677254686796,3.82,37.03,79.98859,70.3653,"GEOID99   "
"CRMS0392_2007",2007,"7/26/2007 11:00:00 AM","12/31/2007 11:00:00 PM",9.02534734241754,0.854322553976712,6.84,10.11,1.22980598917021,0.433181016652431,0.31,2.56,0.0266590581800305,0.421728943176667,-0.92,1.32,25.4662884103813,5.41994654987626,8.21,31.43,26.621,40.01141,"GEOID99   "
"CRMS0394_2007",2007,"1/1/2007 12:00:00 AM","12/31/2007 11:00:00 PM",5.69502038121701,1.75483072808388,-0.02,12.43,1.14926704268378,0.380927338453446,0.46,2.58,NA,NA,NA,NA,23.4642724247571,6.86992181732008,0.11,36.63,92.43151,86.90639,"GEOID99   "
"CRMS0395_2007",2007,"1/1/2007 12:00:00 AM","12/31/2007 11:00:00 PM",3.86646613837598,2.41132936607511,0.5,15,1.09164916876534,0.471473844669272,-0.38,2.64,NA,NA,NA,NA,23.6741049448261,6.66364528518058,4.8,36.48,93.55023,93.51598,"GEOID99   "
"CRMS0396_2007",2007,"1/1/2007 12:00:00 AM","12/31/2007 11:00:00 PM",6.35081449507642,3.37804585315735,0.78,18.57,1.03363144919665,0.485448767104627,-0.7,2.58,NA,NA,NA,NA,22.8655479008208,6.64245061396527,4.85,34.58,92.92237,92.92237,"GEOID99   "
"CRMS0397_2007",2007,"1/1/2007 12:00:00 AM","12/31/2007 11:00:00 PM",15.7044418656549,2.79923998002793,6.14,20.58,0.927737345103916,0.513831131128588,-0.49,2.7,-0.0705714950879811,0.514084673136734,-1.48,1.7,23.6210812610059,6.78292651930185,0,36.34,88.35617,97.87671,"GEOID99   "
"CRMS0398_2007",2007,"1/1/2007 12:00:00 AM","12/31/2007 11:00:00 PM",NA,NA,NA,NA,1.21329717923142,0.295286596249839,0.51,2.35,-0.240840278689011,0.295268468102206,-0.95,0.89,15.8796643749638,2.01426013672789,11.17,19.96,0,99.98859,"GEOID99   "
"CRMS0399_2007",2007,"1/1/2007 12:00:00 AM","12/31/2007 11:00:00 PM",5.8984242365693,3.27780393355737,0.44,18.61,1.07870300659444,0.385477764305582,0.1,2.37,-0.532296992322141,0.385477765608118,-1.511,0.759,23.4522032699319,7.08281579306069,4.03,36.16,84.97717,85.02283,"GEOID99   "
"CRMS0400_2007",2007,"1/1/2007 12:00:00 AM","12/31/2007 11:00:00 PM",5.88353379707209,4.14425692580471,0.39,17.91,1.37430121474663,0.390824162405727,0.11,2.51,0.144204471311447,0.390914164045391,-1.12,1.28,23.7726513336088,6.1744322656996,8.94,37.05,87.31735,87.31735,"GEOID99   "
"CRMS0416_2007",2007,"1/1/2007 12:00:00 AM","12/31/2007 11:00:00 PM",6.52702249347218,1.74341205040859,2.06,12.89,1.18142586801685,0.424051484875509,0,2.48,-0.177230707129708,0.424458014347914,-1.36,1.12,23.8396848765039,6.60953834156559,4.8,37.65,99.98859,84.46347,"GEOID99   "
"CRMS0421_2007",2007,"1/1/2007 12:00:00 AM","12/31/2007 11:00:00 PM",19.6665624514933,4.08768211421922,6.25,29.28,0.808696439253885,0.691523758835265,-1.8,2.92,0.108696439229829,0.691523758361556,-2.5,2.22,22.9128002491354,6.81031032012035,7.89,34.96,94.57763,94.57763,"GEOID99   "
"CRMS0434_2007",2007,"1/1/2007 12:00:00 AM","12/31/2007 11:00:00 PM",7.38091315794977,5.56375279229147,0.15,23.38,1.13808074939933,0.499986843810094,-0.38,2.74,-0.222321857107384,0.500169801946087,-1.74,1.38,26.1323668451326,6.2234836040872,10.94,38.37,97.00913,99.80593,"GEOID99   "
"CRMS0461_2007",2007,"1/1/2007 12:00:00 AM","12/31/2007 11:00:00 PM",0.226280910805556,0.0634597429380089,0.1,0.81,1.37853851601611,0.597043874158855,-0.57,3.01,-0.293461482048871,0.5970438747145,-2.242,1.338,20.4044085692686,7.86515091063705,5.5,35.59,93.71004,93.65297,"GEOID99   "
"CRMS0463_2007",2007,"1/1/2007 12:00:00 AM","12/31/2007 11:00:00 PM",0.438114895898558,0.60452136661009,0.06,9.23,1.13195190277217,0.6739581878326,-0.4,3.4,NA,NA,NA,NA,23.3543486923875,6.03289710766606,5.77,36.16,85.44521,85.44521,"GEOID99   "
"CRMS0464_2007",2007,"1/1/2007 12:00:00 AM","12/31/2007 11:00:00 PM",0.214715671751836,0.230024777871097,0,0.81,1.2831108637779,0.663622663716061,-0.78,3.57,NA,NA,NA,NA,22.3391605413984,6.19418791955025,7.86,30.44,49.38356,82.27169,"GEOID99   "
"CRMS0465_2007",2007,"1/1/2007 12:00:00 AM","12/31/2007 11:00:00 PM",0.19433805341465,0.0669271522067238,0.09,0.39,1.25822056892525,0.523544094281151,-0.16,2.9,NA,NA,NA,NA,19.592245456368,8.03569204799019,6.93,32.73,50.78767,46.06165,"GEOID99   "
"CRMS0482_2007",2007,"6/7/2007 1:00:00 PM","12/31/2007 11:00:00 PM",0.263024812472342,0.0283732648720723,0.21,0.36,0.818845831815819,0.664015153256863,-1.15,2.49,-0.43715416773004,0.664015153330933,-2.406,1.234,23.4599079959466,6.17258817490614,10.85,32.62,40.94749,40.94749,"GEOID99   "
"CRMS0488_2007",2007,"1/1/2007 12:00:00 AM","12/31/2007 11:00:00 PM",0.346513891065334,0.0601992799051907,0.16,0.54,1.98175477326203,0.217887336512141,1.58,3.1,0.451754775940202,0.217887338223035,0.05,1.57,18.8998347141443,5.4515891790048,7.29,26.37,97.38585,97.38585,"GEOID99   "
"CRMS0489_2007",2007,"1/1/2007 12:00:00 AM","12/31/2007 11:00:00 PM",1.58706853659214,2.04611055075637,0.1,9.96,1.22839039138385,0.645420909668402,-0.26,3.72,-0.378928122538182,0.645560366527784,-1.87,2.11,21.3835744553164,7.31841175971369,-1.54,36.43,73.28767,63.68722,"GEOID99   "
"CRMS0490_2007",2007,"3/27/2007 11:00:00 AM","12/31/2007 11:00:00 PM",NA,NA,NA,NA,1.77348494024871,0.17392150102298,1.45,2.53,0.503484937841505,0.173921501286395,0.18,1.26,22.1802204753246,2.88478142495914,13.88,26.09,0,76.55251,"GEOID99   "
"CRMS0493_2007",2007,"11/5/2007 12:00:00 PM","12/31/2007 11:00:00 PM",0.672433660936862,0.323771975068902,0.22,2.14,0.659460076022567,0.685975356405746,-0.99,2.2,-1.19685931522187,0.685788844321021,-2.85,0.35,16.4156538180483,3.51776338370384,7.37,24.14,15.05708,15.01141,"GEOID99   "
"CRMS0494_2007",2007,"1/1/2007 12:00:00 AM","12/31/2007 11:00:00 PM",1.15816607097105,0.876460417206204,0.08,5.76,1.46149112991245,0.317285427503651,1.01,3.2,-0.0241158536788667,0.321409481894037,-0.48,1.72,21.3002581662161,6.91711209090567,-1.4,34.52,92.93379,82.37443,"GEOID99   "
"CRMS0498_2007",2007,"4/17/2007 11:00:00 AM","12/31/2007 11:00:00 PM",9.02342465951691,2.76476036255378,3.41,14.54,1.45355841979492,0.284888484686178,0.14,2.39,0.353558420273119,0.28488848463894,-0.96,1.29,25.4556357742605,5.39373331596268,8.57,36.34,70.83333,70.83333,"GEOID99   "
"CRMS0499_2007",2007,"4/18/2007 10:00:00 AM","12/31/2007 11:00:00 PM",5.62055868294613,2.52131039328153,2.01,11.69,1.31340052801051,0.455276383339499,-0.01,2.7,0.0334005286007312,0.455276382779687,-1.29,1.42,25.7679097651253,5.86336420108217,2.78,37.47,69.06393,69.08676,"GEOID99   "
"CRMS0504_2007",2007,"4/17/2007 1:00:00 PM","12/31/2007 11:00:00 PM",5.72529576576163,2.05817474711262,2.04,10.85,1.29920350555647,0.393896458842391,0.1,2.32,0.442156313448961,0.394029288433863,-0.76,1.46,24.4698302692896,5.84543990883332,4.32,37.55,61.1758,61.19863,"GEOID99   "
"CRMS0513_2007",2007,"1/1/2007 12:00:00 AM","12/31/2007 11:00:00 PM",0.578702307996306,0.134581613741882,0.12,0.86,1.81023217700272,0.22599449828034,1.41,2.77,0.34023217834536,0.22599449526869,-0.06,1.3,18.9930597381539,5.12144588527521,7.72,28.42,90.95891,90.95891,"GEOID99   "
"CRMS0514_2007",2007,"1/1/2007 12:00:00 AM","12/31/2007 11:00:00 PM",1.61702180916797,0.640027473100714,0.24,3.62,1.19908312357793,0.778870615663937,-0.71,3.26,-1.03091687445732,0.778870612858848,-2.94,1.03,21.9927905901133,6.84242666419788,2.17,37.35,99.96575,99.97717,"GEOID99   "
"CRMS0517_2007",2007,"1/1/2007 12:00:00 AM","12/31/2007 11:00:00 PM",1.32495220662876,1.74165253182776,0.09,7.63,1.17034952048428,0.823368409323002,-1.28,3.68,-0.879650478027284,0.823368409459622,-3.33,1.63,22.4876420675217,6.70563053150835,0.09,34.54,99.121,98.96119,"GEOID99   "
"CRMS0520_2007",2007,"4/19/2007 12:00:00 PM","12/31/2007 11:00:00 PM",5.49515284984092,2.3882004827103,1.27,13.37,1.21916260058923,0.689443196577285,-1.42,3.2,-0.470837398033922,0.689443196150602,-3.11,1.51,25.4851341272366,5.90076263886777,8.15,35.92,70.20548,70.20548,"GEOID99   "
"CRMS0522_2007",2007,"4/17/2007 9:00:00 AM","12/31/2007 11:00:00 PM",NA,NA,NA,NA,1.18614634137328,0.306042487569548,0.63,2.12,0.276146341503666,0.306042487075268,-0.28,1.21,22.5478879335675,2.09250059154174,17.96,25.1,0,28.08219,"GEOID99   "
"CRMS0523_2007",2007,"11/28/2007 2:00:00 PM","12/31/2007 11:00:00 PM",7.86326032016695,0.604750726225118,6.85,10.15,0.614038214979658,0.666627493375645,-0.81,2.26,-0.905961781118516,0.66662749339261,-2.33,0.74,15.6089694645569,4.04424131177189,5.56,24.24,8.858447,8.961187,"GEOID99   "
"CRMS0527_2007",2007,"10/10/2007 11:00:00 AM","12/31/2007 11:00:00 PM",4.66377473833112,1.07251654117725,1.27,7.07,1.07561332556987,0.833964724235055,-0.73,3.75,-0.628717819443147,0.83386072365518,-2.44,2.05,17.9178318064264,4.98243464054477,4.62,29.19,22.5,22.61415,"GEOID99   "
"CRMS0528_2007",2007,"10/31/2007 11:00:00 AM","12/31/2007 11:00:00 PM",3.0813343545268,0.672693645306848,0.86,4.43,NA,NA,NA,NA,NA,NA,NA,NA,16.4657616895096,5.12388856411928,-0.97,27.14,15.05708,0,"GEOID99   "
"CRMS0529_2007",2007,"12/17/2007 1:00:00 PM","12/31/2007 11:00:00 PM",5.73536021015486,0.414544883022936,5.13,6.54,2.65239193631868,0.456636085419129,1.37,3.72,0.997521611794786,0.456290231029944,-0.28,2.06,13.1734581983055,2.82820406191233,8.15,19.11,3.961187,3.961187,"GEOID99   "
"CRMS0530_2007",2007,"4/18/2007 12:00:00 PM","12/31/2007 11:00:00 PM",NA,NA,NA,NA,1.33110873767789,0.766079805244963,-0.48,3.65,0.481108738120484,0.766079804555562,-1.33,2.8,22.6677424729558,3.00197852742172,16.8,26.71,0,69.49772,"GEOID99   "
"CRMS0531_2007",2007,"12/19/2007 12:00:00 PM","12/31/2007 11:00:00 PM",2.37194538116455,0.153183018615874,1.7,2.64,1.0910309238865,0.590921809335622,-0.17,2.12,-1.08896907050278,0.590921807170503,-2.35,-0.06,13.2917667007446,2.37834838511941,8.1,19.24,3.344749,3.321918,"GEOID99   "
"CRMS0532_2007",2007,"3/28/2007 10:00:00 AM","12/31/2007 11:00:00 PM",2.17773238667469,0.886144915516535,0.71,5.38,0.779144746216019,0.773751682669137,-1.08,3.37,-0.940855251748382,0.773751682490309,-2.8,1.65,25.0622808606832,6.03817215413787,6.35,37.99,74.05251,74.21233,"GEOID99   "
"CRMS0543_2007",2007,"1/1/2007 12:00:00 AM","12/31/2007 11:00:00 PM",0.391507170125596,0.233497340282455,0.05,2.47,1.14169039848147,0.648258723888583,-0.09,3.38,-0.80998026227021,0.648250933124818,-2.04,1.43,22.6861867958282,6.75673359053621,0,36.78,82.78539,80.97031,"GEOID99   "
"CRMS0544_2007",2007,"1/1/2007 12:00:00 AM","12/31/2007 11:00:00 PM",1.98054458599362,1.03556500577084,0.12,6.63,1.17833999138126,0.743607932609547,-1.14,3.34,-0.190035392306656,0.743796440489773,-2.51,1.97,20.6944137519456,3.96509117207797,10.6,28.21,99.98859,99.98859,"GEOID99   "
"CRMS0545_2007",2007,"10/16/2007 1:00:00 PM","12/31/2007 11:00:00 PM",1.58537077130252,0.630042212837127,0.35,5.96,1.26002726207955,0.811303968970767,-0.77,4.16,-0.29508178873595,0.811614822959415,-2.32,2.6,18.3682933358096,4.22545302827236,9.42,28,20.93607,20.93607,"GEOID99   "
"CRMS0547_2007",2007,"11/26/2007 11:00:00 AM","12/31/2007 11:00:00 PM",0.832378640458964,0.333453774456976,0.06,1.75,0.335317646376789,0.729077513341663,-1.69,1.85,-1.00468235203448,0.729077512503323,-3.03,0.51,15.7217469858836,3.29682022824122,10.88,24.07,9.406393,9.703197,"GEOID99   "
"CRMS0549_2007",2007,"1/1/2007 12:00:00 AM","12/31/2007 11:00:00 PM",1.58764812284562,0.694184414506417,0.2,4.54,1.95218010057276,0.416458105012442,1.45,3.81,-0.196432010312496,0.416798186047064,-0.7,1.66,21.6095356205398,7.24659355889138,-2.95,37.72,50.47945,56.91781,"GEOID99   "
"CRMS0550_2007",2007,"11/6/2007 11:00:00 AM","12/31/2007 11:00:00 PM",0.397644787060248,0.148914455005652,0.19,1.08,0.809460074583444,0.712217962053264,-1.14,2.41,-0.692942964716216,0.71216068351716,-2.64,0.91,16.2974600766548,3.28247813041108,9.34,24.63,14.7831,15.01141,"GEOID99   "
"CRMS0551_2007",2007,"11/27/2007 12:00:00 PM","12/31/2007 11:00:00 PM",0.324251207392573,0.0632210349612337,0.23,0.5,1.33597087522842,0.4708904548451,-0.2,2.41,-1.12402912443142,0.47089044976562,-2.66,-0.05,14.9687077204386,2.40257880120937,10.46,20.24,9.452055,9.406393,"GEOID99   "
"CRMS0552_2007",2007,"12/6/2007 11:00:00 AM","12/31/2007 11:00:00 PM",1.13352136739299,0.694759427459282,0.1,3.16,0.939421335838156,0.50450975845248,0.2,2.12,-0.540578662062478,0.504509761663427,-1.28,0.64,15.3084812176512,4.00590558976752,3.74,23.31,6.678082,6.312785,"GEOID99   "
"CRMS0553_2007",2007,"3/6/2007 3:00:00 PM","12/31/2007 11:00:00 PM",2.43524992141587,0.831280252215276,0.95,7.16,1.36397600537417,0.329216320708066,0.78,1.97,0.773976003000467,0.329216317262969,0.19,1.38,25.9139184689224,5.22848391472423,6.58,38.73,69.42922,69.45206,"GEOID99   "
"CRMS0554_2007",2007,"7/24/2007 11:00:00 AM","12/31/2007 11:00:00 PM",0.547222945035825,0.122165007585705,0.27,0.83,1.14776220105333,0.341238337033328,0.54,2.01,0.212458462107671,0.341479290296093,-0.4,1.07,23.4473260597772,6.79875096365795,8.17,37.99,43.77854,43.9726,"GEOID99   "
"CRMS0556_2007",2007,"11/2/2007 11:00:00 AM","12/31/2007 11:00:00 PM",1.28354794099833,0.288892061295875,0.66,1.58,1.55170749083026,0.0908805163668282,1.36,1.75,0.351707487276503,0.0908805095068558,0.16,0.55,16.1830160889782,2.66886490617196,10.14,20.94,16.31279,16.31279,"GEOID99   "
"CRMS0557_2007",2007,"12/4/2007 1:00:00 PM","12/31/2007 11:00:00 PM",NA,NA,NA,NA,NA,NA,NA,NA,NA,NA,NA,NA,NA,NA,NA,NA,0,0,"GEOID99   "
"CRMS0562_2007",2007,"1/3/2007 3:00:00 PM","9/5/2007 5:00:00 AM",1.10761904266832,0.429802408916179,0.4,3.63,1.18638234620483,0.395122512625998,0.5,2.15,0.376382347479977,0.395122515269972,-0.31,1.34,24.2713867016494,7.5869428655399,5.62,36.37,65.44521,65.44521,"GEOID99   "
"CRMS0574_2007",2007,"7/12/2007 1:00:00 PM","12/31/2007 11:00:00 PM",0.615511733006543,0.129261476447614,0.31,0.86,1.13224425636583,0.346397443213993,0.47,2.04,0.542244255768435,0.346397442401607,-0.12,1.45,24.224822326994,6.74811450047948,9.03,36.8,47.18037,47.20319,"GEOID99   "
"CRMS0575_2007",2007,"8/9/2007 11:00:00 AM","12/31/2007 11:00:00 PM",NA,NA,NA,NA,1.76087696041891,0.133520847687088,1.49,2.06,0.350876959853766,0.133520846171856,0.08,0.65,NA,NA,NA,NA,0,34.23516,"GEOID99   "
"CRMS0581_2007",2007,"1/1/2007 12:00:00 AM","12/31/2007 11:00:00 PM",8.54995089975601,4.21155649361018,1.8,30.18,0.750247800984556,0.306169500727724,-0.06,1.82,0.327285599652446,0.306214746688685,-0.48,1.4,21.9728046127878,7.07482672048506,2.11,34.91,99.96575,99.96575,"GEOID99   "
"CRMS0583_2007",2007,"10/10/2007 2:00:00 PM","12/31/2007 11:00:00 PM",2.8505915001984,0.541405191775812,1.89,4.02,1.30606168177058,0.141940844601494,1.13,1.63,0.246061678294043,0.141940842240633,0.07,0.57,17.9474873677785,3.51765562348591,10.36,25.87,22.57991,22.57991,"GEOID99   "
"CRMS0584_2007",2007,"1/1/2007 12:00:00 AM","12/31/2007 11:00:00 PM",4.17736536883572,2.78402557764279,0.75,16.86,1.24610700246669,0.388623934275924,0.14,2.47,-0.00389299755741659,0.388623932899155,-1.11,1.22,23.0584816225743,7.26582263315322,1.75,38.84,98.35616,98.78996,"GEOID99   "
"CRMS0587_2007",2007,"10/10/2007 11:00:00 AM","12/31/2007 11:00:00 PM",0.90937404994228,0.180559766436897,0.59,1.23,1.2597375136322,0.0995892197744801,1.09,1.47,0.619737504197756,0.0995892169113992,0.45,0.83,16.6616860020949,4.08901320395972,7.3,25.14,22.61415,22.61415,"GEOID99   "
"CRMS0588_2007",2007,"1/3/2007 12:00:00 PM","12/31/2007 11:00:00 PM",3.93598087683708,2.84525050738676,0.93,14.06,1.30491150340561,0.285441473571992,0.85,3.27,0.337564447967435,0.285417560272714,-0.12,2.31,25.0557815322856,6.40104634110489,2.79,38.82,69.24658,59.3379,"GEOID99   "
"CRMS0589_2007",2007,"1/1/2007 12:00:00 AM","12/31/2007 11:00:00 PM",NA,NA,NA,NA,2.34406101383597,0.547170083798994,1.08,3.35,0.954061016584605,0.547170084486355,-0.31,1.96,22.2096538250906,4.99836038863723,9.33,27.83,0,84.1895,"GEOID99   "
"CRMS0590_2007",2007,"1/1/2007 12:00:00 AM","12/31/2007 11:00:00 PM",0.298364724199515,0.151888173576258,0.04,0.97,1.40757098141277,0.321374998743993,0.51,2.5,0.671514696298893,0.321431810814035,-0.23,1.77,23.1179660786891,6.72100370051344,0,37.21,91.51826,91.26712,"GEOID99   "
"CRMS0593_2007",2007,"10/9/2007 11:00:00 AM","12/31/2007 11:00:00 PM",0.211860348525785,0.0533347098572314,0.11,0.29,1.60728179623659,0.133670144896637,1.33,1.82,0.747281793480799,0.133670147501387,0.47,0.96,16.7263341608785,3.6033538133354,8.39,25.15,22.88813,22.88813,"GEOID99   "
"CRMS0595_2007",2007,"3/26/2007 11:00:00 AM","12/31/2007 11:00:00 PM",0.558581759626011,0.102669823859415,0.28,0.88,1.11350471641189,0.35743947449214,0.05,2.1,0.250380502995279,0.35771471504843,-0.82,1.24,24.6017814385816,5.97016849481121,9.51,35.82,72.60274,72.60274,"GEOID99   "
"CRMS0599_2007",2007,"1/1/2007 12:00:00 AM","12/31/2007 11:00:00 PM",14.9465123658401,5.57656644963995,1.59,31.07,1.52023611891475,0.381542737845359,0.76,2.69,0.250236119492242,0.381542736925247,-0.51,1.42,23.6313121997044,7.57558395173778,2.9,40.11,72.00913,71.55251,"GEOID99   "
"CRMS0600_2007",2007,"12/11/2007 1:00:00 PM","12/31/2007 11:00:00 PM",NA,NA,NA,NA,2.16020370500879,0.0617166146389266,2.04,2.4,-0.139796333467159,0.0617165941498416,-0.26,0.1,NA,NA,NA,NA,0,5.605023,"GEOID99   "
"CRMS0603_2007",2007,"7/12/2007 11:00:00 AM","12/31/2007 11:00:00 PM",1.25107169193312,0.189988471473557,0.76,1.66,1.44355339739219,0.363826930764543,0.75,2.33,0.450570386250784,0.3638894423159,-0.25,1.33,24.7660412746726,6.12332840076533,12.21,36.1,46.97488,47.03196,"GEOID99   "
"CRMS0604_2007",2007,"7/11/2007 2:00:00 PM","12/31/2007 11:00:00 PM",1.03517266994753,0.256981683130776,0.4,1.51,1.50139121631125,0.354477455213265,0.83,2.39,0.422316230783909,0.354570436482588,-0.25,1.31,24.9672249660859,6.04760168351952,12.17,35.17,46.27854,46.27854,"GEOID99   "
"CRMS0605_2007",2007,"1/1/2007 12:00:00 AM","12/31/2007 11:00:00 PM",2.03781106336003,0.594653111840972,0.84,5.11,1.43058326630639,0.35551841193928,0.67,2.22,0.300583270498704,0.355518415744329,-0.46,1.09,22.8530146525057,7.30924486900338,2.73,37.74,99.45206,75.742,"GEOID99   "
"CRMS0608_2007",2007,"1/1/2007 12:00:00 AM","12/31/2007 11:00:00 PM",NA,NA,NA,NA,1.33873732737224,0.341700510582172,0.66,2.88,0.378737329238816,0.341700510870018,-0.3,1.92,20.9387242212797,4.51405137035375,10.77,26.88,0,76.57535,"GEOID99   "
"CRMS0609_2007",2007,"12/11/2007 11:00:00 AM","12/31/2007 11:00:00 PM",12.5266125700295,1.90063228261551,9.42,19.28,1.16154158381371,0.137560247079307,0.93,1.47,-0.291460446480654,0.137677811187835,-0.52,0.02,14.7508316373728,4.70959260015463,3.84,27.19,5.627854,5.627854,"GEOID99   "
"CRMS0610_2007",2007,"1/1/2007 12:00:00 AM","12/31/2007 11:00:00 PM",NA,NA,NA,NA,1.77283916501185,0.179220980366319,1.32,2.71,0.542839161903614,0.179220984726156,0.09,1.48,20.4841033780625,5.64985167800939,0,28.82,0,86.16438,"GEOID99   "
"CRMS0614_2007",2007,"7/11/2007 11:00:00 AM","12/31/2007 11:00:00 PM",16.2815169787482,1.65227184487369,11.46,20.8,1.06594042505406,0.177954903285808,0.73,1.99,-0.207732405090705,0.178249803347479,-0.55,0.72,24.252839290377,7.1835106695034,3.11,39.44,47.40868,47.52283,"GEOID99   "
"CRMS0615_2007",2007,"1/1/2007 12:00:00 AM","12/31/2007 11:00:00 PM",11.263108724707,3.40721516798639,5.16,21.35,1.10875871524782,0.284862838045887,0.46,1.73,0.146718481646489,0.285038098284178,-0.51,0.77,22.7971916345223,7.31095533796751,3.64,37.6,99.95434,99.87443,"GEOID99   "
"CRMS0616_2007",2007,"1/1/2007 12:00:00 AM","12/31/2007 11:00:00 PM",3.61305724444096,0.848935442765389,0.77,5.32,1.27322860772196,0.358103526234521,0.55,2.35,0.0232286072597563,0.3581035255801,-0.7,1.1,22.9117734953272,6.24756171534875,5.56,31.95,99.9201,99.9201,"GEOID99   "
"CRMS0618_2007",2007,"1/1/2007 12:00:00 AM","12/31/2007 11:00:00 PM",2.09880325741935,0.868796672451587,0.49,5.28,1.38164500879391,0.496254660228952,0.61,3.57,-0.0483549904404736,0.496254659502101,-0.82,2.14,22.0991611929497,7.55035634606776,-2.77,40.42,91.09589,82.57991,"GEOID99   "
"CRMS0622_2007",2007,"10/10/2007 12:00:00 PM","12/31/2007 11:00:00 PM",NA,NA,NA,NA,1.47404041236097,0.0840945444520498,1.32,1.67,0.794040403281799,0.084094548588314,0.64,0.99,NA,NA,NA,NA,0,22.60274,"GEOID99   "
"CRMS0624_2007",2007,"1/1/2007 12:00:00 AM","12/31/2007 11:00:00 PM",2.57152105147646,2.66138023819737,0.48,15.28,1.20095824449191,0.403823409410832,0.48,2,0.480958243370652,0.403823408103941,-0.24,1.28,22.7474303314584,7.08691760641646,4.16,37.85,93.81279,63.9726,"GEOID99   "
"CRMS0626_2007",2007,"1/8/2007 2:00:00 PM","12/31/2007 11:00:00 PM",NA,NA,NA,NA,1.55498135454532,0.422439741756614,0.69,2.6,0.146942411137169,0.422435862825098,-0.72,1.19,19.1067421810773,3.96962433692474,0,25.95,0,82.65982,"GEOID99   "
"CRMS0630_2007",2007,"1/1/2007 12:00:00 AM","12/31/2007 11:00:00 PM",4.42634483504684,2.51081433689742,0.86,12.53,1.23192294064887,0.670369227510884,0.05,2.43,0.541922944876967,0.670369232276856,-0.64,1.74,22.4493081181503,7.00035178365314,3.63,35.07,91.63242,99.85159,"GEOID99   "
"CRMS0632_2007",2007,"8/6/2007 11:00:00 AM","12/31/2007 11:00:00 PM",2.41299999909198,0.733562759727993,0.63,5.33,1.06666929191492,0.14363154712275,0.84,1.31,0.756669289507265,0.143631548527872,0.53,1,21.269233374791,6.7467664700659,7.4,38.35,26.82648,28.99543,"GEOID99   "
"CRMS0633_2007",2007,"8/6/2007 1:00:00 PM","12/31/2007 11:00:00 PM",4.33962281702078,1.77819377903508,1.41,10.98,0.781756551743775,0.400825120076925,-0.39,1.68,0.231756552881565,0.400825120241668,-0.94,1.13,23.9616069632986,6.46780898761253,6.67,37.59,37.83105,37.88813,"GEOID99   "
"CRMS0635_2007",2007,"2/28/2007 2:00:00 PM","12/31/2007 11:00:00 PM",NA,NA,NA,NA,1.4188235279728,0.253505091962541,0.69,2.05,0.298894440170789,0.253444235889119,-0.43,0.93,20.6428430282749,2.47199856054896,14.98,24.52,0,70.83333,"GEOID99   "
"CRMS0638_2007",2007,"1/1/2007 12:00:00 AM","12/31/2007 11:00:00 PM",NA,NA,NA,NA,1.41896892797812,0.228170207218644,0.89,2.04,0.173929121355327,0.228191129278005,-0.36,0.79,19.077019367743,4.18117650696933,12.47,25.61,0,88.90411,"GEOID99   "
"CRMS0639_2007",2007,"2/28/2007 4:00:00 PM","12/31/2007 11:00:00 PM",NA,NA,NA,NA,1.4941786371463,0.276474530090988,0.59,2.2,0.162172692841873,0.276489363026112,-0.75,0.87,22.3469428645543,3.46075048822745,13.86,27.44,0,69.14384,"GEOID99   "
"CRMS0641_2007",2007,"1/1/2007 12:00:00 AM","12/31/2007 11:00:00 PM",5.61478897508898,3.51473383595295,2.13,17.19,1.31566438323831,0.296356598927385,0.56,1.99,0.0883858446946121,0.296739671097338,-0.67,0.76,22.7314988475956,7.19955116572984,4.15,36.88,99.80593,100,"GEOID99   "
"CRMS0642_2007",2007,"2/27/2007 12:00:00 PM","12/31/2007 11:00:00 PM",NA,NA,NA,NA,1.59588291773468,0.259460043975459,0.75,2.14,0.416595708946788,0.25953694285943,-0.43,0.96,21.5533379990666,2.48524084118051,16.89,26.3,0,70.78767,"GEOID99   "
"CRMS0644_2007",2007,"8/7/2007 12:00:00 PM","12/31/2007 11:00:00 PM",NA,NA,NA,NA,1.46206304932503,0.413483951619353,0.89,2.72,0.882063049669336,0.413483953019441,0.31,2.14,NA,NA,NA,NA,0,24.62329,"GEOID99   "
"CRMS0645_2007",2007,"8/7/2007 1:00:00 PM","12/31/2007 11:00:00 PM",10.5467127264707,2.78611470919707,3.72,20.13,0.672620198758025,0.36489664912107,0.02,1.69,0.032620198714678,0.364896647293681,-0.62,1.05,23.3028677093864,6.82314074747807,6.69,35.73,32.22602,40.12557,"GEOID99   "
"CRMS0647_2007",2007,"2/28/2007 12:00:00 PM","12/31/2007 11:00:00 PM",NA,NA,NA,NA,1.77902771716007,0.187285481641438,1.18,2.26,0.288223534979589,0.187378664124349,-0.31,0.77,20.6930236644573,3.29866260755595,13.52,25.01,0,75.37672,"GEOID99   "
"CRMS0648_2007",2007,"11/7/2007 1:00:00 PM","12/31/2007 11:00:00 PM",NA,NA,NA,NA,0.796702371723522,0.165742764597249,0.56,1.51,0.286702371922813,0.165742763729143,0.05,1,NA,NA,NA,NA,0,14.92009,"GEOID99   "
"CRMS0650_2007",2007,"11/9/2007 11:00:00 AM","12/31/2007 11:00:00 PM",NA,NA,NA,NA,1.35778747079488,0.0708605073364222,1.23,1.6,0.325900080147761,0.0705955577747875,0.2,0.57,NA,NA,NA,NA,0,14.39498,"GEOID99   "
"CRMS0651_2007",2007,"3/30/2007 10:00:00 AM","12/31/2007 11:00:00 PM",NA,NA,NA,NA,1.43659535938446,0.255978871663786,0.97,2.15,0.186306115853819,0.256220964113126,-0.28,0.9,22.1637627727539,2.89050171861557,16.46,26.17,0,75.77625,"GEOID99   "
"CRMS0655_2007",2007,"8/3/2007 12:00:00 PM","12/31/2007 11:00:00 PM",9.60158058435707,0.749112228396761,6.75,10.93,1.34034557756581,0.319614254243534,0.79,2.05,0.2059317579475,0.319761785433858,-0.35,0.92,26.0501880904404,5.25705560293138,11.56,35.62,25.63927,26.09589,"GEOID99   "
"CRMS0656_2007",2007,"12/11/2007 3:00:00 PM","12/31/2007 11:00:00 PM",NA,NA,NA,NA,1.28987729549408,0.0854327586591035,1.13,1.89,0.0457873208779682,0.0854630810393259,-0.11,0.64,NA,NA,NA,NA,0,5.582192,"GEOID99   "
"CRMS0660_2007",2007,"1/1/2007 12:00:00 AM","12/31/2007 11:00:00 PM",2.74618660789527,0.794689081476334,1.47,5.45,1.29095486988072,0.35078883359762,0.55,2.27,-0.0392325343977335,0.350887397430719,-0.78,0.94,22.5929969138992,7.37281650221417,2.2,38.66,99.71461,89.54338,"GEOID99   "
"CRMS0661_2007",2007,"11/19/2007 2:00:00 PM","12/31/2007 11:00:00 PM",2.41966600783447,0.167363402916039,1.97,2.76,0.751188603828136,0.207850502340562,0.36,1.37,-0.582730843581274,0.207587651918332,-0.98,0.03,16.1394007758682,4.74299120306033,6.11,26.37,11.621,11.621,"GEOID99   "
"CRMS0665_2007",2007,"12/7/2007 1:00:00 PM","12/31/2007 11:00:00 PM",7.50577513403949,0.450260691084266,4.97,7.89,1.74516183909606,0.425794298116185,0.52,3.16,0.57516183897066,0.425794298357425,-0.65,1.99,16.495366270335,1.17888646852909,14.79,18.52,6.700913,6.700913,"GEOID99   "
"CRMS0669_2007",2007,"1/1/2007 12:00:00 AM","12/31/2007 11:00:00 PM",3.6241759979248,1.26009341220531,1.8,7.88,NA,NA,NA,NA,NA,NA,NA,NA,22.7459002129086,7.32625109544932,2.65,38.25,99.88585,0,"GEOID99   "
"CRMS0672_2007",2007,"1/1/2007 12:00:00 AM","12/31/2007 11:00:00 PM",NA,NA,NA,NA,1.1950977511238,0.187886755399086,0.71,1.86,0.111219186473776,0.187684120619798,-0.37,0.78,18.749026105886,4.55888963767013,11.53,26.79,0,94.00685,"GEOID99   "
"CRMS0677_2007",2007,"3/7/2007 3:00:00 PM","12/31/2007 11:00:00 PM",NA,NA,NA,NA,2.02672427731501,0.25503102208488,1.14,2.94,0.785702535612049,0.255077643678258,-0.1,1.7,21.6558235204307,3.34537510979378,12.8,26.91,0,81.89497,"GEOID99   "
"CRMS0680_2007",2007,"7/30/2007 2:00:00 PM","12/31/2007 11:00:00 PM",1.13080949802303,0.436024852686278,0.4,2.16,1.78822179877687,0.113222674894364,1.52,2.19,0.162209929822991,0.113401107981741,-0.11,0.56,21.8437048075203,6.7698349806301,6.99,35.32,42.30594,42.30594,"GEOID99   "
"CRMS0682_2007",2007,"11/19/2007 3:00:00 PM","12/31/2007 11:00:00 PM",1.78784660732734,0.559916142116491,1,2.92,1.32538839626687,0.211962318737422,0.97,1.67,-0.354611601566964,0.211962314401083,-0.71,-0.01,14.7448279137926,3.94590175307565,6.77,23.09,11.60959,11.60959,"GEOID99   "
"CRMS0683_2007",2007,"3/29/2007 12:00:00 PM","12/31/2007 11:00:00 PM",2.57603337754885,0.663725668613827,1.39,4.66,1.3938140663639,0.335547143668897,0.62,2.28,0.118720947945001,0.335629754512134,-0.65,1,25.0471487562147,6.03506986483671,4.88,38.83,74.56621,74.16666,"GEOID99   "
"CRMS0684_2007",2007,"12/12/2007 11:00:00 AM","12/31/2007 11:00:00 PM",9.74229849345648,1.18611922010937,5.81,11.62,NA,NA,NA,NA,NA,NA,NA,NA,14.6943165335438,4.15648891552188,5.68,24.99,3.824201,0,"GEOID99   "
"CRMS0685_2007",2007,"1/1/2007 12:00:00 AM","12/31/2007 11:00:00 PM",13.4259723257979,4.69979594948074,3.33,24.45,1.18124203673375,0.494524657338796,-0.05,2.74,-0.249425234884071,0.494920309336686,-1.48,1.31,23.3112572021907,7.5185699818748,2.45,38.76,75.0799,75.27397,"GEOID99   "
"CRMS0687_2007",2007,"9/28/2007 10:00:00 AM","12/31/2007 11:00:00 PM",18.1758792329959,2.94937899487046,10.38,23.69,1.25905726623397,0.675115965076585,-0.88,2.89,-0.211268722397247,0.675256099225268,-2.35,1.42,19.6864449152337,5.70797082029965,5.49,31.28,25.90183,25.91324,"GEOID99   "
"CRMS0691_2007",2007,"12/11/2007 4:00:00 PM","12/31/2007 11:00:00 PM",NA,NA,NA,NA,1.14522540984584,0.0309724404175016,1.1,1.22,0.487438521363208,0.0314109715687128,0.44,0.56,NA,NA,NA,NA,0,5.570776,"GEOID99   "
"CRMS0693_2007",2007,"3/29/2007 1:00:00 PM","12/31/2007 11:00:00 PM",3.64473644287416,1.45405864207322,1.29,8.36,1.56372658611244,0.322633579423006,0.75,2.26,0.977720538382714,0.3225082743396,0.17,1.67,25.0468188664261,6.31038129900936,6.69,41.44,75.58219,75.57077,"GEOID99   "
"CRMS0694_2007",2007,"1/1/2007 12:00:00 AM","12/31/2007 11:00:00 PM",3.85404765318944,0.723776059256719,2.19,6.29,1.5166097043889,0.320677779184883,0.81,2.39,0.673981537651635,0.320701441123543,-0.03,1.54,23.1697205963078,6.05317709172462,5.89,36.2,91.51826,91.51826,"GEOID99   "
"CRMS0978_2007",2007,"1/1/2007 12:00:00 AM","12/31/2007 11:00:00 PM",17.8909863501552,3.24488496330939,7.15,24.24,0.918345322921801,0.521503598105396,-0.71,2.8,-0.0437768644901486,0.52156570046172,-1.672,1.84,23.4662963748727,6.59007987740864,4.74,35.59,95.3653,99.96575,"GEOID99   "
"CRMS1069_2007",2007,"11/1/2007 2:00:00 PM","12/31/2007 11:00:00 PM",27.2008249814404,2.74347147442372,5.82,32.3,0.677216876036233,0.623588026884675,-0.42,3.08,-0.632783123474709,0.623588025737586,-1.73,1.77,16.6773172500216,3.88181700435901,4.7,26.88,15.91324,15.42237,"GEOID99   "
"CRMS1205_2007",2007,"12/13/2007 12:00:00 PM","12/31/2007 11:00:00 PM",2.9634684641082,0.26351015819934,2.32,3.6,1.42849100146208,0.0572091497324754,1.24,1.54,-0.0715090091935955,0.0572091522642781,-0.26,0.04,8.14657657452532,3.41321181108467,1.73,15.18,5.068493,5.068493,"GEOID99   "
"CRMS1409_2007",2007,"11/15/2007 11:00:00 AM","12/31/2007 11:00:00 PM",1.58015218128983,0.26428485723649,1.24,2.22,1.41274843508363,0.0990576782971552,1.24,1.62,0.70274843274213,0.0990576695764529,0.53,0.91,14.7999194340719,3.28037270816028,8.25,22.15,12.75114,12.75114,"GEOID99   "
"CRMS1446_2007",2007,"1/1/2007 12:00:00 AM","12/31/2007 11:00:00 PM",0.387834773983325,0.153766462087952,0.07,0.91,1.48615240457182,0.397026132090188,0.7,2.52,0.462062879758545,0.3971865837604,-0.32,1.5,22.0756064517723,7.18325208951669,3.21,36.74,97.69406,97.67123,"GEOID99   "
"CRMS1650_2007",2007,"12/12/2007 12:00:00 PM","12/31/2007 11:00:00 PM",3.06779859272602,0.777099382566826,1.83,4.66,NA,NA,NA,NA,NA,NA,NA,NA,14.8854098331174,3.52311933557753,8.88,25.1,4.874429,0,"GEOID99   "
"CRMS1738_2007",2007,"12/19/2007 12:00:00 PM","12/31/2007 11:00:00 PM",12.2659566789758,1.59940171631094,9.29,18.01,0.195471697687259,0.225945538198855,-0.31,0.78,-0.484528301803852,0.225945540182228,-0.99,0.1,13.7091666682561,4.2246906569416,4.38,22.25,3.162101,3.025114,"GEOID99   "
"CRMS1743_2007",2007,"12/19/2007 1:00:00 PM","12/31/2007 11:00:00 PM",NA,NA,NA,NA,NA,NA,NA,NA,NA,NA,NA,NA,NA,NA,NA,NA,0,0,"GEOID99   "
"CRMS1838_2007",2007,"8/10/2007 10:00:00 AM","12/31/2007 11:00:00 PM",NA,NA,NA,NA,1.27769520644353,0.331351234561918,0.72,1.93,-0.282304788585239,0.331351234921026,-0.84,0.37,NA,NA,NA,NA,0,39.32648,"GEOID99   "
"CRMS1858_2007",2007,"3/7/2007 12:00:00 PM","12/31/2007 11:00:00 PM",NA,NA,NA,NA,1.70171328890879,0.279652184248496,0.92,2.41,0.188622129553243,0.279703240642171,-0.6,0.9,21.6889871075942,3.1193825567768,13.79,25.55,0,82.02055,"GEOID99   "
"CRMS2154_2007",2007,"12/13/2007 11:00:00 AM","12/31/2007 11:00:00 PM",NA,NA,NA,NA,NA,NA,NA,NA,NA,NA,NA,NA,NA,NA,NA,NA,0,0,"GEOID99   "
"CRMS2156_2007",2007,"1/1/2007 12:00:00 AM","12/31/2007 11:00:00 PM",2.86090069180242,0.772256411939272,1.55,5.57,NA,NA,NA,NA,NA,NA,NA,NA,23.7602652019341,6.49314989914311,4.87,37.18,88.9726,0,"GEOID99   "
"CRMS2189_2007",2007,"3/9/2007 10:00:00 AM","12/31/2007 11:00:00 PM",4.73962716641144,2.20319458565222,0.74,10.17,1.59314390645863,0.268160131571541,1.19,3.56,0.224059836048282,0.268245000886803,-0.18,2.19,24.5076445978638,4.84167196936752,7.66,39.84,73.78996,68.29909,"GEOID99   "
"CRMS2334_2007",2007,"1/1/2007 12:00:00 AM","12/31/2007 11:00:00 PM",5.19590776717967,2.82316968365817,1.92,14.65,1.65782639106845,0.308054223877909,0.92,2.42,0.507826390691589,0.308054223864132,-0.23,1.27,22.701757044578,7.3221882283248,3.87,37.44,98.02512,98.10503,"GEOID99   "
"CRMS2418_2007",2007,"11/7/2007 1:00:00 PM","12/31/2007 11:00:00 PM",5.22882937910726,1.8879714584908,2.83,9.62,0.502226471102867,0.145354350411129,0.26,1.05,-0.547773525503613,0.145354351517865,-0.79,0,16.4429915894419,4.57163177244533,6.55,25.43,14.92009,14.92009,"GEOID99   "
"CRMS2568_2007",2007,"6/7/2007 2:00:00 PM","12/31/2007 11:00:00 PM",0.257661711497928,0.035235602962197,0.18,0.77,0.774809159687206,0.668026952712513,-1.47,2.51,-0.559190840312841,0.668026952758001,-2.804,1.176,24.9455403875471,6.01727374768113,9.85,33.86,56.82648,56.82648,"GEOID99   "
"CRMS2614_2007",2007,"6/26/2007 10:00:00 AM","12/31/2007 11:00:00 PM",3.25335837281019,3.44550467584579,0.18,19.78,1.61542642446728,0.676408606707623,-0.34,3.76,0.0149536015753113,0.67677825290775,-1.94,2.16,24.8123884177872,6.52373467680752,7.45,37.88,51.66666,51.66666,"GEOID99   "
"CRMS2785_2007",2007,"1/1/2007 12:00:00 AM","12/31/2007 11:00:00 PM",0.30675419542323,0.505965825990438,0.07,8.68,1.24773718358615,0.346062665027163,-0.24,2.09,NA,NA,NA,NA,22.7808185917749,6.98014584808596,8.05,35.78,99.98859,99.98859,"GEOID99   "
"CRMS2854_2007",2007,"9/28/2007 1:00:00 PM","12/31/2007 11:00:00 PM",4.80212808339257,1.13821273426632,1.51,7.03,0.865750499273476,0.268339638363851,0.3,1.97,0.00575050051566996,0.268339639325776,-0.56,1.11,16.7404869851309,3.92433090608632,5.93,23.95,17.11187,17.11187,"GEOID99   "
"CRMS2939_2007",2007,"6/5/2007 10:00:00 AM","12/31/2007 11:00:00 PM",0.502633583059908,0.0645094259678426,0.34,0.63,1.86601908537853,0.527251033042986,0.94,3.72,0.397658049907335,0.551299554970242,-0.36,1.53,23.3146381768744,1.95579437336538,18.96,26.31,50.84475,57.40868,"GEOID99   "
"CRMS3054_2007",2007,"12/14/2007 1:00:00 PM","12/31/2007 11:00:00 PM",0.365632457316349,0.131717648556378,0.2,0.66,0.599045347031161,0.342553101707612,-0.35,1.14,-0.580954652661924,0.342553101096239,-1.53,-0.04,14.909355596028,2.06772262387223,11.92,21.88,4.783105,4.783105,"GEOID99   "
"CRMS3296_2007",2007,"5/17/2007 10:00:00 AM","12/31/2007 11:00:00 PM",NA,NA,NA,NA,1.40462610772077,0.44592838034853,0.48,3.21,0.256478664190219,0.446191194822132,-0.67,2.06,NA,NA,NA,NA,0,54.04109,"GEOID99   "
"CRMS3565_2007",2007,"1/1/2007 12:00:00 AM","12/31/2007 11:00:00 PM",NA,NA,NA,NA,1.09116703188613,0.403257129965101,0.26,2.75,-0.00401362089751348,0.403445217654494,-0.83,1.655,NA,NA,NA,NA,0,98.89269,"GEOID99   "
"CRMS3590_2007",2007,"12/4/2007 3:00:00 PM","12/31/2007 11:00:00 PM",14.2861795940719,2.61347239143182,7.98,20.52,0.751765599961944,0.524090023920093,-0.69,2.26,-0.598234397703654,0.52409002348233,-2.04,0.91,16.915038055118,3.37765436697994,11.7,24.26,7.5,7.5,"GEOID99   "
"CRMS3617_2007",2007,"9/12/2007 10:00:00 AM","12/31/2007 11:00:00 PM",11.0595569885034,2.19902332167536,6,16.29,1.05641502217137,0.526099543527456,-0.31,2.47,0.0764150227432751,0.526099543305128,-1.29,1.49,21.4320271383485,5.38339932153217,7.39,32.68,30.1484,30.09132,"GEOID99   "
"CRMS3626_2007",2007,"9/29/2007 11:00:00 AM","12/31/2007 11:00:00 PM",9.30644988333993,0.944354325626811,5.85,12.59,0.771826279276198,0.633631030908019,-0.96,2.45,-0.29778619137632,0.633753248232656,-2.03,1.38,19.0724276160344,5.0748302331438,5.76,30.12,25.62786,25.62786,"GEOID99   "
"CRMS3639_2007",2007,"11/9/2007 10:00:00 AM","12/31/2007 11:00:00 PM",12.0777195685338,1.24139158944422,7.75,15.54,0.82108129947257,0.369573304685781,-0.11,1.52,-0.504325202772227,0.369650495320727,-1.44,0.19,17.4161965076217,3.98279442117967,5.05,25.99,14.16667,14.0411,"GEOID99   "
"CRMS3641_2007",2007,"11/9/2007 12:00:00 PM","12/31/2007 11:00:00 PM",10.6167197550178,0.999443389122522,6.83,11.95,0.970749394870592,0.434803629655725,-0.29,1.83,-0.12925060392987,0.434803628318662,-1.39,0.73,17.22189832548,4.28815290014284,4.56,26.08,14.3379,14.16667,"GEOID99   "
"CRMS3650_2007",2007,"9/29/2007 12:00:00 PM","12/31/2007 11:00:00 PM",9.92701292867061,1.44244671994266,5.16,13.71,0.771639927994267,0.792207467505738,-1.2,3.07,-0.717023172292115,0.792160629684346,-2.69,1.58,19.5646167528183,4.68999632198839,10.21,30.21,25.60502,25.61644,"GEOID99   "
"CRMS3664_2007",2007,"11/9/2007 12:00:00 PM","12/31/2007 11:00:00 PM",11.905370382871,1.69990573784651,4.1,15.79,0.903035426669831,0.424383760689349,-0.29,1.76,-0.277753622889003,0.424828573774147,-1.47,0.58,17.1666163712669,3.12903294379077,7.04,24.22,14.17808,14.17808,"GEOID99   "
"CRMS3667_2007",2007,"9/28/2007 10:00:00 AM","12/31/2007 11:00:00 PM",8.0043111972069,1.07516502506296,4.84,12.25,1.00807932160592,0.572652751080018,-0.01,2.9,0.0664795004827454,0.573163075394326,-0.95,1.96,19.3118226415546,5.16892509298213,6.93,31.26,25.60502,25.61644,"GEOID99   "
"CRMS4014_2007",2007,"7/9/2007 2:00:00 PM","12/31/2007 11:00:00 PM",0.269491968995741,0.147428792480919,0.17,4.45,0.763651261012116,0.649442112156625,-1.19,2.52,-0.717348738079366,0.64944211189242,-2.671,1.039,27.1883021967015,4.08957451243951,16.37,34.1,34.82877,34.82877,"GEOID99   "
"CRMS4016_2007",2007,"6/7/2007 12:00:00 PM","12/31/2007 11:00:00 PM",0.244161053326957,0.0330058818662607,0.16,0.35,1.22917130105961,0.618179847461438,-0.65,2.89,-0.37482869724319,0.618179849022319,-2.254,1.286,27.5221112679946,3.97640189296877,15.56,34.53,38.98402,38.98402,"GEOID99   "
"CRMS4107_2007",2007,"11/5/2007 5:00:00 PM","12/31/2007 11:00:00 PM",7.77551445689226,0.511696119848861,6.16,8.51,0.58369355871005,0.125231254193239,0.34,1.01,0.19369356075976,0.125231252043857,-0.05,0.62,16.1641006752088,3.58298485547266,8.14,23.73,15.42237,15.42237,"GEOID99   "
"CRMS4110_2007",2007,"12/18/2007 1:00:00 PM","12/31/2007 11:00:00 PM",0.436416936935159,0.364676675177802,0.05,2.06,0.591237785470602,0.473331019452889,-0.34,1.79,-0.768762213563249,0.473331018112668,-1.7,0.43,14.0709597525582,1.52561463300831,11.01,17.75,3.504566,3.504566,"GEOID99   "
"CRMS4406_2007",2007,"11/2/2007 9:00:00 AM","12/31/2007 11:00:00 PM",8.62072676499352,1.30591329400084,5.25,14.18,0.38518518460153,0.292795455890565,-0.46,1.33,-0.374814814004779,0.2927954552318,-1.22,0.57,17.0472047713818,4.1839262518522,5.31,26.15,16.33562,16.33562,"GEOID99   "
"CRMS4407_2007",2007,"11/2/2007 11:00:00 AM","12/31/2007 11:00:00 PM",6.78171030862437,1.14711643069272,2.68,11.89,0.550901500977737,0.201913209837679,0.23,1.36,-0.789098496774277,0.201913209868674,-1.11,0.02,17.4449999936469,4.10085866807996,6.77,25.38,13.94977,13.6758,"GEOID99   "
"CRMS4455_2007",2007,"1/1/2007 12:00:00 AM","12/31/2007 11:00:00 PM",11.7205844203099,4.53849365628253,1.13,20.36,1.01293938407522,0.524765681323085,-0.04,2.66,-0.0381748949895621,0.525287270969343,-1.15,1.55,22.8705950499726,6.96457647405652,0.99,36.37,77.54566,74.95434,"GEOID99   "
"CRMS4529_2007",2007,"7/25/2007 2:00:00 PM","12/31/2007 11:00:00 PM",14.3679256980531,3.52622233245474,5.32,21.4,1.00661760744505,0.64848840723377,-0.67,3.22,-0.583382391293733,0.648488408560715,-2.26,1.63,24.140899340561,6.28877226760384,8.54,36.27,43.64155,43.43607,"GEOID99   "
"CRMS4572_2007",2007,"11/1/2007 9:00:00 AM","12/31/2007 11:00:00 PM",15.3758181832053,1.62590722168298,8.78,22.71,0.228512396546435,0.602137852172802,-1.18,2.47,-0.201487603565016,0.602137853037425,-1.61,2.04,17.5575289300651,3.22501374586408,9.65,23.91,13.81279,13.81279,"GEOID99   "
"CRMS4596_2007",2007,"11/1/2007 11:00:00 AM","12/31/2007 11:00:00 PM",15.4666345449291,2.03330235819518,8.07,24.22,0.283158981097069,0.615021556638409,-1.07,2.46,-0.376841019014767,0.615021557300981,-1.73,1.8,16.7250791380345,2.89825897228634,10.89,23.07,16.58676,16.58676,"GEOID99   "
"CRMS4626_2007",2007,"6/26/2007 12:00:00 PM","12/31/2007 11:00:00 PM",6.18237179816494,5.36610480951764,0.22,25.91,1.70532051118331,0.627398960924146,-0.08,3.72,-0.119197612711921,0.627812105824657,-1.91,1.9,25.1057581840417,6.07285687730837,9.19,38.02,51.64384,51.64384,"GEOID99   "
"CRMS4690_2007",2007,"1/1/2007 12:00:00 AM","12/31/2007 11:00:00 PM",6.91547291095072,3.77190222483284,0.74,18.48,0.89804419918997,0.544148209258223,-0.68,2.69,-0.0622535212329951,0.544322132159491,-1.64,1.73,22.7613108117549,6.89031961795458,2.03,36.5,99.45206,99.69178,"GEOID99   "
"CRMS4900_2007",2007,"1/1/2007 12:00:00 AM","12/31/2007 11:00:00 PM",0.209651053115804,0.0622610794547867,0.09,0.38,2.09709569146358,0.618694355801127,0.09,4.02,0.117095691632515,0.618694354175314,-1.89,2.04,21.3355952150757,8.21411770975414,6.47,33.64,85.05708,85.05708,"GEOID99   "
"CRMS5167_2007",2007,"11/6/2007 1:00:00 PM","12/31/2007 11:00:00 PM",0.443208113032835,0.079386753365383,0.22,0.71,0.705522163601062,0.398248526485163,-0.83,1.49,-0.414477836123754,0.398248527534166,-1.95,0.37,15.5443125480463,1.91578313959306,11.66,19.2,15.19406,15.19406,"GEOID99   "
"CRMS5255_2007",2007,"6/22/2007 10:00:00 AM","12/31/2007 11:00:00 PM",1.11669480407955,0.587244153295076,0.17,2.6,1.13626221449587,0.538631281132318,0.05,2.51,0.226262215027398,0.538631281069731,-0.86,1.6,22.556549724104,6.13111021236997,-1.12,32.97,43.27626,42.05479,"GEOID99   "
"CRMS5373_2007",2007,"6/22/2007 2:00:00 PM","12/31/2007 11:00:00 PM",0.483228640249148,0.25753706174842,0.07,1.03,1.2376524981528,0.46003853816647,-0.39,2.24,0.0376524988240284,0.460038537813546,-1.59,1.04,22.6990050395033,5.48460257007461,5.57,32.63,51.97489,51.8379,"GEOID99   "
"CRMS5414_2007",2007,"6/22/2007 12:00:00 PM","12/31/2007 11:00:00 PM",0.86850654991368,0.490340676377176,0.16,2.42,1.0731237683384,0.468619904617165,-0.18,2.43,0.393123766884763,0.468619902112137,-0.86,1.75,23.1097530461525,6.26769694034572,1.83,37.08,52.2831,52.11187,"GEOID99   "
"CRMS5845_2007",2007,"9/19/2007 10:00:00 AM","12/31/2007 11:00:00 PM",1.0111504422736,0.536364581529286,0.34,2.59,1.01687222799749,0.628329879646875,-0.83,2.49,0.236872228371495,0.628329879486515,-1.61,1.71,20.0228399022011,4.51043133853988,12.74,29.04,28.379,28.32192,"GEOID99   "
"CRMS5992_2007",2007,"12/3/2007 12:00:00 PM","12/31/2007 11:00:00 PM",0.282445095555849,0.0478881998314405,0.17,0.35,NA,NA,NA,NA,NA,NA,NA,NA,14.9952416287334,2.99382050430082,10.03,21.24,7.796804,0,"GEOID99   "
"CRMS6088_2007",2007,"8/21/2007 1:00:00 PM","12/31/2007 11:00:00 PM",4.51942812010387,2.08120988470786,0.49,10.41,0.703955034457001,0.769694248153175,-1.16,2.57,-0.56604496429912,0.769694247379977,-2.43,1.3,21.7270264310459,5.77644004504381,7.42,32.33,36.13013,36.05023,"GEOID99   "
"CRMS6090_2007",2007,"8/21/2007 2:00:00 PM","12/31/2007 11:00:00 PM",4.37421649140572,2.4623493810278,0.05,10.86,0.681166981448226,0.768722689633296,-1.13,2.54,-0.448833016327604,0.768722690890449,-2.26,1.41,21.8683291576882,5.75272352829267,9.02,31.74,36.27854,36.09589,"GEOID99   "
"CRMS6209_2007",2007,"9/15/2007 11:00:00 AM","12/31/2007 11:00:00 PM",2.77416178587884,1.15086536376169,0.05,5.9,0.95397656222558,0.600035468408349,-0.74,2.42,0.203976562061143,0.600035467710364,-1.49,1.67,19.8005191931564,5.29963422673905,4.17,31.29,29.21233,29.22374,"GEOID99   "
