Station_id,year,min_date,max_date,avg_salinity (ppt),std_deviation_salinity (ppt),min_salinity (ppt),max_salinity (ppt),avg_adj_water_elev_datum(ft),std_deviation_adj_water_elev_datum(ft),min_adj_water_elev_datum(ft),max_adj_water_elev_datum(ft),avg_adj_water_elev_to_marsh(ft),std_deviation_adj_water_elev_to_marsh (ft),min_adj_water_elev_to_marsh(ft),max_adj_water_elev_to_marsh(ft),avg_water_temperature (C DegC),std_deviation_water_temperature (C DegC),min_temperature (C DegC),max_temperature (C DegC),percent_salinity_complete,percent_water_level_complete,GEOID
BA01-01,2006,1/1/2006 12:00:00 AM,12/31/2006 11:00:00 PM,1.342811742,0.491720733,0.2,3.15,0.776827995,0.432646406,-0.66,2.38,0.046519893,0.432897448,-1.39,1.65,23.62663634,6.638717248,7.14,34.73,94.10959,94.10959,GEOID99   
BA01-02,2006,1/1/2006 12:00:00 AM,12/31/2006 11:00:00 PM,0.87681773,0.866918773,0.07,6.2,0.652588362,0.473626814,-1.07,2.38,-0.137528558,0.473635568,-1.86,1.59,24.25493751,6.355697873,4.11,35.02,80.60503,84.94292,GEOID99   
BA01-03,2006,1/1/2006 12:00:00 AM,12/31/2006 11:00:00 PM,1.021933118,0.865132657,0.13,5.34,0.592872928,0.479590528,-1.03,2.38,-0.197643117,0.479616667,-1.82,1.59,22.82845855,6.721384384,5.6,33.13,99.68037,97.11188,GEOID99   
BA01-04,2006,1/1/2006 12:58:00 AM,12/31/2006 11:00:00 PM,1.298489036,0.423483192,0.21,2.98,0.755035403,0.451659632,-0.72,2.24,,,,,23.25712654,6.71945468,5.68,34.05,99.95434,99.95434,GEOID99   
BA01-07,2006,1/1/2006 12:08:00 AM,12/31/2006 11:00:00 PM,4.75991747,2.949986482,0.7,23.61,,,,,,,,,22.42843234,6.253308391,6.16,33.27,76.07306,0,GEOID99   
BA01-09,2006,1/1/2006 12:00:00 AM,12/31/2006 11:00:00 PM,1.509411198,1.301746348,0.24,12.69,0.784742214,0.415622702,-0.77,2.36,-0.245968606,0.41578711,-1.8,1.33,24.02268926,6.407214331,7.61,34.07,95,89.45205,GEOID99   
BA01-10,2006,1/1/2006 12:00:00 AM,12/31/2006 11:00:00 PM,3.344951653,1.536272456,0.82,12.4,0.774549849,0.441386755,-0.79,2.48,-0.356117039,0.441507465,-1.92,1.35,24.46226076,6.469983779,9.1,34.25,68.47031,68.47031,GEOID99   
BA01-14,2006,1/1/2006 12:00:00 AM,12/31/2006 11:00:00 PM,0.398270547,0.08968014,0.17,0.56,1.192614664,0.310879784,0.44,2.07,-0.031407534,0.300942679,-0.66,0.73,19.32182305,3.062217909,11.88,24.36,100,99.80593,GEOID99   
BA01-15,2006,1/1/2006 12:00:00 AM,12/31/2006 11:00:00 PM,1.352714616,0.18484957,0.85,1.77,0.755003997,0.45173249,-0.72,2.24,0.14898516,0.330478084,-0.52,1.55,21.3729897,2.50870083,17.27,25.47,100,99.94292,GEOID99   
BA01-16,2006,1/1/2006 12:00:00 AM,12/31/2006 11:00:00 PM,,,,,1.192614664,0.310879784,0.44,2.07,,,,,,,,,0,99.80593,GEOID99   
BA02-104,2006,1/1/2006 12:00:00 AM,1/24/2006 11:00:00 AM,7.794982281,0.283771547,7.34,8.1,1.038829807,0.040800789,0.99,1.1,,,,,13.98859929,0.939846536,11.48,15.39,6.438356,6.438356,GEOID99   
BA02-105,2006,1/1/2006 12:00:00 AM,1/24/2006 11:00:00 AM,5.100921988,0.127518489,4.76,5.33,0.396028369,0.169222984,0.15,0.81,,,,,15.50191489,0.223817696,14.99,15.95,6.438356,6.438356,GEOID99   
BA02-108,2006,1/1/2006 12:00:00 AM,1/24/2006 10:00:00 AM,6.118685605,0.079444512,5.95,6.26,0.933996445,0.022688821,0.9,0.98,,,,,15.28774423,0.430353352,14.25,16.11,6.426941,6.426941,GEOID99   
BA02-109,2006,1/1/2006 12:00:00 AM,1/24/2006 10:00:00 AM,3.004955599,0.157846217,2.61,3.19,0.596003551,0.141674707,0.45,0.94,,,,,15.1142451,0.526263183,14.33,16.09,6.426941,6.426941,GEOID99   
BA02-54,2006,1/1/2006 12:00:00 AM,1/24/2006 9:00:00 AM,4.298988462,0.461952823,3.26,5.23,0.621150439,0.098504461,0.48,0.84,,,,,15.38209965,4.11744796,0.13,22.56,3.949772,1.289954,GEOID99   
BA02-56,2006,1/1/2006 12:00:00 AM,12/31/2006 11:00:00 PM,3.704018726,1.700940648,0.63,13.7,0.896989982,0.398045573,-0.09,2.57,-0.263644078,0.398315188,-1.25,1.41,23.54833447,6.567496763,2.84,35.71,99.98859,96.86073,GEOID99   
BA02-57,2006,1/1/2006 12:00:00 AM,12/31/2006 11:00:00 PM,5.541000228,1.656626352,1.65,17.32,0.844339924,0.545652531,-0.8,3.64,0.014247342,0.545718691,-1.63,2.81,23.88199246,6.336285093,7.17,34.71,99.97717,99.87443,GEOID99   
BA03C-16,2006,1/1/2006 12:00:00 AM,12/31/2006 11:00:00 PM,3.530582326,1.68793682,0.18,10.96,0.806571134,0.474925901,-0.72,2.89,-0.174072847,0.475147792,-1.7,1.91,23.31083238,7.004614263,4.78,36.41,99.97717,99.97717,GEOID99   
BA03C-60,2006,1/1/2006 12:00:00 AM,12/31/2006 11:00:00 PM,3.068924043,1.698084093,0.32,13.07,0.882614506,0.493418445,-0.71,2.97,-0.257940605,0.493636866,-1.85,1.83,23.51306225,6.444885902,6.01,34.23,99.94292,99.94292,GEOID99   
BA03C-61,2006,1/1/2006 12:00:00 AM,12/31/2006 11:00:00 PM,7.678538314,2.57216396,1.01,20.18,0.675326024,0.471942008,-0.78,2.93,0.445267785,0.471995837,-1.01,2.7,23.66388717,6.725436687,3.85,36.2,99.96575,99.96575,GEOID99   
BA04-07,2006,1/1/2006 12:00:00 AM,12/31/2006 11:00:00 PM,18.69269441,2.923499034,2.03,22.51,0.872169084,0.509905693,-0.77,3.52,-0.027830916,0.509905692,-1.67,2.62,23.2988653,6.978355918,1.26,36.24,87.48859,87.36301,
BA04-10,2006,1/1/2006 12:00:00 AM,12/31/2006 11:00:00 PM,18.82278706,3.06304139,7.39,31.37,1.145495562,0.542643237,-0.74,3.76,0.245495563,0.542643236,-1.64,2.86,23.22063101,6.80479281,2.97,35.66,86.79224,91.33562,
BA04-17,2006,1/1/2006 12:00:00 AM,12/31/2006 11:00:00 PM,18.36308633,2.862757952,3.74,23.86,0.977978508,0.450009325,-0.54,2.94,0.377978509,0.450009325,-1.14,2.34,24.19312835,6.842667739,1.66,36.76,85.03425,84.98858,
BA04-55,2006,1/1/2006 12:00:00 AM,12/31/2006 11:00:00 PM,18.87752187,2.222331085,4.28,23.48,1.177615939,0.58576019,-1.21,3.85,0.07761594,0.58576019,-2.31,2.75,23.54456844,6.699911106,4.93,34.83,97.84247,97.96803,
BA04-56,2006,1/1/2006 12:00:00 AM,12/31/2006 11:00:00 PM,18.86854633,2.3686148,7.97,25.56,0.978471445,0.668969648,-1.94,3.64,-0.441528553,0.668969646,-3.36,2.22,23.08758086,6.820256187,5.8,36.05,88.34475,46.97488,
BS08-02,2006,4/25/2006 2:30:00 PM,4/25/2006 3:30:00 PM,,,,,,,,,,,,,,,,,0,0,
BS08-09,2006,1/1/2006 12:00:00 AM,12/31/2006 11:00:00 PM,4.360290068,1.62911722,0.79,10.46,0.420278382,0.509948165,-1.27,2.58,-0.589721616,0.509948166,-2.28,1.57,24.06369109,6.810537227,5.77,36.72,94.45206,94.31507,
BS08-13,2006,1/1/2006 12:00:00 AM,12/31/2006 11:00:00 PM,7.885080694,3.741182896,0.61,17.75,0.589446128,0.709384414,-1.94,3.4,-0.350823227,0.709430468,-2.88,2.46,23.54976666,6.518541332,6.15,34.14,98.32192,97.89954,
BS08-30,2006,4/24/2006 10:30:00 PM,12/31/2006 11:00:00 PM,,,,,0.815280381,0.440020592,0.04,2.26,,,,,25.29178159,7.032491491,7,39,0,62.08904,
BS08-31,2006,4/26/2006 5:00:00 PM,12/31/2006 11:00:00 PM,,,,,0.709188459,0.395235094,0,2.26,,,,,24.3249695,6.556425746,1.8,42.7,0,55,
CRMS0135-H01,2006,6/20/2006 11:00:00 AM,12/31/2006 11:00:00 PM,5.605426907,2.541324465,0.33,14.35,0.763432987,0.516083536,-0.96,2.96,-0.032567013,0.516083536,-1.756,2.164,26.02885229,6.828218321,5.89,35.62,45.05708,45.05708,GEOID99   
CRMS0136-H01,2006,8/23/2006 10:00:00 AM,12/31/2006 11:00:00 PM,8.012481621,1.828850472,4.02,13.46,0.657734699,0.670394612,-1.44,2.95,-0.682265299,0.670394613,-2.78,1.61,21.72691447,6.818223551,6.38,33.82,35.69635,35.62785,GEOID99   
CRMS0147-H01,2006,6/8/2006 2:00:00 PM,12/31/2006 11:00:00 PM,13.55738662,2.550288892,5.94,21.84,0.601790491,0.713999056,-1.49,3.2,-0.268209508,0.713999055,-2.36,2.33,24.78514539,7.223851557,4.36,35.65,56.13013,55.46803,GEOID99   
CRMS0164-H01,2006,6/5/2006 1:00:00 PM,12/31/2006 11:00:00 PM,25.46852169,2.723415116,16.95,31.01,0.824114604,0.466136724,-0.55,2.73,-0.108093912,0.466259966,-1.48,1.79,25.28120574,6.664504158,4.14,35.55,57.37443,57.37443,GEOID99   
CRMS0173-H01,2006,6/8/2006 5:00:00 PM,12/31/2006 11:00:00 PM,19.35880551,3.077528128,13.08,26.42,0.988729762,0.577279278,-0.32,3.57,0.048729764,0.577279279,-1.26,2.63,25.13387351,7.072480809,-1.01,37.5,55.52511,55,GEOID99   
CRMS0174-H01,2006,6/8/2006 11:00:00 AM,12/31/2006 11:00:00 PM,20.61574728,3.292379853,12.42,27.76,1.094679895,0.623407989,-0.57,3.57,0.104679896,0.623407989,-1.56,2.58,24.41194854,6.931246614,2.52,37.03,48.42466,48.32192,GEOID99   
CRMS0175-H01,2006,6/5/2006 5:00:00 PM,12/31/2006 11:00:00 PM,22.56376907,3.438965058,11.35,29.87,,,,,,,,,25.66248093,7.311518394,2.03,38.14,53.88128,0,GEOID99   
CRMS0176-H01,2006,6/8/2006 3:00:00 PM,12/31/2006 11:00:00 PM,21.30710239,3.705382177,13.79,33.61,1.023128765,0.616415642,-1.09,3.44,-0.436871234,0.616415643,-2.55,1.98,24.92388642,6.944792664,3.85,35.92,51.1758,51.15297,GEOID99   
CRMS0179-H01,2006,6/21/2006 12:00:00 PM,12/31/2006 11:00:00 PM,19.12408178,4.268063289,8.4,28.05,0.938431609,0.646122202,-1.28,3.46,-0.12156839,0.646122201,-2.34,2.4,25.13713388,7.434283304,2.42,38.45,47.18037,47.23744,GEOID99   
CRMS0184-W01,2006,6/5/2006 3:00:00 PM,12/31/2006 11:00:00 PM,,,,,1.384756121,0.315755743,0.5,2.4,0.634756121,0.315755741,-0.25,1.65,22.32586583,4.164841298,12.52,26.36,0,57.34018,GEOID99   
CRMS0188-H01,2006,8/3/2006 1:00:00 PM,12/31/2006 11:00:00 PM,1.668431908,1.268744026,0,7.12,0.843826355,0.470205977,-0.64,2.32,,,,,23.48399108,6.42717148,6.96,33,33.19635,33.26484,GEOID99   
CRMS0188-M01,2006,10/6/2006 10:00:00 AM,12/31/2006 11:00:00 PM,2.251661036,0.158261237,2.05,2.8,0.791872443,0.621617531,-0.64,2.3,-0.145336112,0.465009085,-0.84,1.23,21.56441503,1.554934906,19.04,24.16,23.71004,13.96119,GEOID99   
CRMS0190-M01,2006,6/13/2006 10:00:00 AM,12/31/2006 11:00:00 PM,5.622916559,0.009078961,5.62,5.66,0.81242569,0.318378229,0.36,2.59,-0.032370297,0.332030802,-0.58,1.71,21.89485098,0.903878055,18.95,25.16,0.2739726,54.92009,GEOID99   
CRMS0190-W01,2006,6/13/2006 9:00:00 AM,12/31/2006 11:00:00 PM,,,,,0.834977262,0.307434968,0.36,2.59,,,,,22.45536998,4.186478886,13.14,27.53,0,55.22831,GEOID99   
CRMS0192-M01,2006,6/27/2006 10:00:00 AM,12/31/2006 11:00:00 PM,0.117134607,0.0221427,0.07,0.18,0.723825806,0.479268888,-0.03,1.73,-0.457574413,0.485292126,-1.3,0.51,19.22370055,4.953262035,9.64,23.9,51.39269,45.74201,GEOID99   
CRMS0192-W01,2006,6/27/2006 10:00:00 AM,12/31/2006 11:00:00 PM,,,,,0.723825806,0.479268888,-0.03,1.73,,,,,21.18007736,3.679346564,11.21,24.49,0,45.74201,GEOID99   
CRMS0209-H01,2006,6/20/2006 3:00:00 PM,12/31/2006 11:00:00 PM,18.52913244,2.05848147,8.54,23.21,0.822762976,0.593564086,-0.77,3.43,-0.128360129,0.593888641,-1.72,2.48,24.50019753,7.08260629,1.3,36.17,49.73744,49.7032,GEOID99   
CRMS0211-M01,2006,11/9/2006 3:00:00 PM,12/31/2006 11:00:00 PM,0.340365954,0.033806206,0.24,0.39,0.715322194,0.179404745,0.51,1.19,-0.039554495,0.18215175,-0.25,0.44,11.73170246,2.179183645,6.54,15.93,14.34931,14.34931,GEOID99   
CRMS0211-W01,2006,11/9/2006 3:00:00 PM,12/31/2006 11:00:00 PM,,,,,0.715322194,0.179404745,0.51,1.19,,,,,13.66152744,1.138125081,11.63,17.38,0,14.34931,GEOID99   
CRMS0219-M01,2006,8/3/2006 1:00:00 PM,12/31/2006 11:00:00 PM,0.835155212,0.136833478,0.64,1.06,0.840675277,0.307445753,0.22,1.85,0.043920188,0.332526605,-0.6,0.94,21.51823822,2.67941712,14.97,24.39,41.18721,38.88128,GEOID99   
CRMS0219-W01,2006,8/3/2006 1:00:00 PM,12/31/2006 11:00:00 PM,,,,,0.840701495,0.307404426,0.22,1.85,,,,,,,,,0,38.8927,GEOID99   
CRMS0220-H01,2006,6/13/2006 4:00:00 PM,12/31/2006 11:00:00 PM,11.51614524,3.371319995,1.96,24.19,0.810304709,0.429603215,-0.37,2.91,-0.359754954,0.429623096,-1.54,1.74,24.93907321,7.324105559,-0.49,38.04,54.07534,53.57306,GEOID99   
CRMS0224-H01,2006,6/7/2006 3:00:00 PM,12/31/2006 11:00:00 PM,17.33041979,2.635985478,6.92,23.92,1.458178548,0.511865518,0.43,3.84,0.198178548,0.511865518,-0.83,2.58,24.6736656,7.092477895,-1.31,37.67,50.30822,53.96119,GEOID99   
CRMS0225-H01,2006,6/21/2006 3:00:00 PM,12/31/2006 11:00:00 PM,12.07355386,4.01699045,2.18,19.61,,,,,,,,,20.54160348,6.434244163,4.11,32.43,31.57534,0,GEOID99   
CRMS0226-H01,2006,6/20/2006 11:00:00 AM,12/31/2006 11:00:00 PM,17.00236607,2.679526869,8.13,22.92,0.92487141,0.594366546,-1.57,3.42,-0.542696099,0.594355602,-3.04,1.95,24.73121517,7.23756444,5.46,35.06,53.26484,53.26484,GEOID99   
CRMS0232-H01,2006,6/6/2006 2:00:00 PM,12/31/2006 11:00:00 PM,14.28096409,3.719572952,2.03,27.98,0.84852879,0.447438891,-0.35,2.99,-0.098967248,0.447878446,-1.29,2.04,26.8758954,6.002900169,7.48,36.79,43.21918,43.21918,GEOID99   
CRMS0237-H01,2006,6/7/2006 11:00:00 AM,12/31/2006 11:00:00 PM,16.16233833,3.396604581,4.09,22.96,0.871361991,0.603197022,-1.34,3.33,-0.239570109,0.603366831,-2.45,2.22,25.13902771,6.837699813,4.1,35.09,45.54794,56.82648,GEOID99   
CRMS0251-H01,2006,6/13/2006 5:00:00 PM,12/31/2006 11:00:00 PM,14.23025222,3.36365231,3.76,25.67,0.85496492,0.346611453,0.17,2.23,-0.050469509,0.346921523,-0.73,1.32,24.41293934,7.985421798,-1.6,39.2,51.59818,42.30594,GEOID99   
CRMS0253-H01,2006,6/13/2006 1:00:00 PM,12/31/2006 11:00:00 PM,11.17256286,3.218982092,2.21,22.65,0.807734391,0.419632249,-0.09,2.9,-0.321606,0.419727328,-1.22,1.77,24.77927233,7.459449518,-1.57,36.21,52.2032,51.74658,GEOID99   
CRMS0268-H01,2006,7/11/2006 2:00:00 PM,12/31/2006 11:00:00 PM,0.51790485,0.186750972,0.14,1.08,1.055634312,0.420143536,-0.15,2,,,,,22.93972849,6.551925213,7.39,31.5,47.51142,47.51142,GEOID99   
CRMS0268-M01,2006,7/11/2006 1:00:00 PM,12/31/2006 11:00:00 PM,0.38004564,0.069474047,0.27,0.55,1.055634312,0.420143536,-0.15,2,-0.811838057,0.260494065,-1.16,0.1,20.07818883,2.13982331,15.65,23.56,47.52283,47.51142,GEOID99   
CRMS0273-M01,2006,8/3/2006 11:00:00 AM,12/31/2006 11:00:00 PM,1.23505954,0.200538792,0.91,1.96,0.970952382,0.531613865,-0.05,2.25,-0.102090833,0.257088058,-0.58,0.75,20.59286624,4.863242764,5.95,27.2,41.22146,26.36986,GEOID99   
CRMS0273-W01,2006,8/3/2006 11:00:00 AM,12/31/2006 11:00:00 PM,,,,,0.971021204,0.531518448,-0.05,2.25,,,,,,,,,0,26.38128,GEOID99   
CRMS0292-H01,2006,5/12/2006 11:00:00 AM,12/31/2006 11:00:00 PM,27.66935225,3.058097101,12.18,33.82,0.745456816,0.653143899,-1.2,2.8,-0.339946466,0.653199866,-2.28,1.71,25.93291933,7.007452431,2.41,39.62,63.9726,63.9726,GEOID99   
CRMS0293-H01,2006,6/7/2006 2:00:00 PM,12/31/2006 11:00:00 PM,10.73184047,3.542603558,3.4,23.63,0.761691781,0.51034829,-1.27,2.67,-0.653803495,0.510332763,-2.68,1.25,25.14265021,7.170194528,2.02,37.71,56.81507,56.81507,GEOID99   
CRMS0294-H01,2006,4/25/2006 2:00:00 PM,12/31/2006 11:00:00 PM,0.721073755,1.270782992,0.17,12.61,1.188574195,0.341439282,0.21,2.6,,,,,25.37938215,6.497745737,6.44,34.9,64.8516,64.8516,GEOID99   
CRMS0294-M01,2006,4/25/2006 5:00:00 PM,12/31/2006 11:00:00 PM,4.144271492,0.323290359,3.34,5.23,1.207129915,0.346913173,0.21,2.6,-0.338479182,0.308867812,-1.16,1.01,22.4321131,2.599323011,15.61,25.26,62.99087,59.22375,GEOID99   
CRMS0296-M01,2006,4/25/2006 11:00:00 AM,12/31/2006 11:00:00 PM,4.349927889,0.17874497,4.01,4.89,1.201686627,0.273379164,0.79,2.8,-0.085542249,0.228986517,-0.43,1.44,22.42629636,2.06268522,17.58,25.49,60.1484,68.63013,GEOID99   
CRMS0296-W01,2006,4/25/2006 10:00:00 AM,12/31/2006 11:00:00 PM,,,,,1.201668052,0.273360221,0.79,2.8,,,,,22.5806137,3.550505323,13.78,26.19,0,68.64156,GEOID99   
CRMS0302-H01,2006,6/6/2006 3:00:00 PM,12/31/2006 11:00:00 PM,25.39132052,3.311361748,14.54,35.03,0.802489493,0.728322159,-1.68,4.12,-0.317510506,0.72832216,-2.8,3,25.17888755,7.126406435,4.81,34.9,57.05479,57.04338,GEOID99   
CRMS0303-H01,2006,6/15/2006 12:00:00 PM,12/31/2006 11:00:00 PM,16.8770723,4.29200495,2.16,28.91,0.688021522,0.717198546,-1.36,3.45,-0.571978475,0.717198543,-2.62,2.19,25.33878587,7.342301772,0.69,38.48,41.36987,41.36987,GEOID99   
CRMS0305-H01,2006,12/6/2006 3:00:00 PM,12/31/2006 11:00:00 PM,1.342611566,0.836682852,0.24,5.17,0.481206613,0.754189206,-1.51,2.48,-0.888793388,0.754189205,-2.88,1.11,14.08055828,3.656443016,0.32,19.93,6.906393,6.906393,GEOID99   
CRMS0309-H01,2006,6/7/2006 1:00:00 PM,12/31/2006 11:00:00 PM,10.78482269,2.839723694,4.05,19.91,0.629550088,0.655091374,-1.38,2.95,-0.666077127,0.655065381,-2.68,1.65,25.954621,6.656486041,5.74,35.66,51.50685,51.50685,GEOID99   
CRMS0310-H01,2006,11/13/2006 4:00:00 PM,12/31/2006 11:00:00 PM,22.59392957,3.784349328,8.23,26.55,0.701087786,0.58838451,-0.47,2.47,-0.188912214,0.588384511,-1.36,1.58,15.3177069,4.175801245,-1.42,23.51,12.31735,11.96347,GEOID99   
CRMS0311-H01,2006,6/5/2006 1:00:00 PM,12/31/2006 11:00:00 PM,20.67686404,3.054259482,6.49,27.27,0.851637376,0.572814208,-0.53,3.15,,,,,25.07773512,6.690092281,0.16,36.84,53.40183,53.26484,GEOID99   
CRMS0312-H01,2006,5/2/2006 9:00:00 AM,12/31/2006 11:00:00 PM,5.754235268,2.006551964,2.61,16.36,0.97930653,0.461498977,-0.36,3.43,,,,,25.55609443,6.379173635,6.38,36.8,53.66439,53.66439,GEOID99   
CRMS0312-M01,2006,5/2/2006 10:00:00 AM,12/31/2006 11:00:00 PM,9.460704383,1.338398505,6.95,14.72,0.927783628,0.412063098,-0.36,2.18,-0.166091844,0.319922741,-0.97,0.93,22.80382899,2.553983904,16.42,27.31,56.88356,47.69406,GEOID99   
CRMS0315-H01,2006,6/13/2006 11:00:00 AM,12/31/2006 11:00:00 PM,15.17817693,3.390808379,-0.02,21.08,1.061356786,0.596874877,-0.05,2.69,-0.21218593,0.597320207,-1.33,1.42,24.57313655,7.152148974,-2.22,39.04,53.1621,4.543379,GEOID99   
CRMS0318-H01,2006,11/13/2006 1:00:00 PM,12/31/2006 11:00:00 PM,23.10518927,4.224690755,4.95,28,0.705370034,0.635868372,-0.22,2.84,-0.26462996,0.63586837,-1.19,1.87,14.76245057,5.198250565,-1.49,26.55,11.46119,12.6484,GEOID99   
CRMS0322-H01,2006,4/28/2006 1:00:00 PM,12/31/2006 11:00:00 PM,18.4482132,3.814427154,6.65,26.99,0.825914449,0.447245248,-0.62,2.88,-0.28408555,0.447245247,-1.73,1.77,25.58198889,6.502836532,1.71,37.17,67.78539,67.78539,GEOID99   
CRMS0326-H01,2006,4/28/2006 10:00:00 AM,12/31/2006 11:00:00 PM,11.04754488,3.098000272,2.11,23.9,0.838545994,0.529435044,-0.71,3,-0.394454006,0.529435043,-1.943,1.767,25.23530786,6.514057892,1.64,35.53,52.77397,61.55251,GEOID99   
CRMS0331-H01,2006,6/28/2006 11:00:00 AM,12/31/2006 11:00:00 PM,0.776159916,0.519480988,0.19,3.25,1.157475247,0.424236073,-0.09,2.62,,,,,24.29777655,7.503443403,8.25,55,43.40182,48.42466,GEOID99   
CRMS0331-M01,2006,6/28/2006 9:00:00 AM,12/31/2006 11:00:00 PM,0.589316811,0.217363566,0.33,1.41,1.157487626,0.424186832,-0.09,2.62,-0.001087296,0.166336538,-0.35,0.72,22.23070776,3.327670583,15.23,27.13,51.13014,48.43607,GEOID99   
CRMS0332-H01,2006,4/27/2006 10:00:00 AM,12/31/2006 11:00:00 PM,10.82544416,4.330653713,2.8,25.86,0.724720744,0.563926328,-1.35,2.38,-0.731279255,0.563926329,-2.806,0.924,23.48116223,7.234674457,3.88,36.61,42.92237,42.92237,GEOID99   
CRMS0336-H01,2006,6/6/2006 12:00:00 PM,12/31/2006 11:00:00 PM,23.73521591,3.531044374,5.83,31.24,0.747571428,0.703354938,-0.78,2.57,-0.30392857,0.703696713,-1.84,1.52,25.1846343,7.164440548,-1.59,35.26,56.31279,4.79452,GEOID99   
CRMS0337-H01,2006,5/11/2006 10:00:00 AM,12/31/2006 11:00:00 PM,23.51876323,2.796413286,11.97,29.78,0.821202792,0.64458294,-0.57,3.48,-0.210797209,0.644582941,-1.602,2.448,25.25222597,6.830425437,-1.61,38.23,62.57991,63.77854,GEOID99   
CRMS0338-H01,2006,6/6/2006 3:00:00 PM,12/31/2006 11:00:00 PM,21.18971526,3.187803231,7.45,28.08,0.821752448,0.698930727,-0.9,3.48,-0.093247552,0.698930727,-1.815,2.565,23.9598093,7.128804925,0.7,36.94,36.88356,45.46804,GEOID99   
CRMS0345-H01,2006,11/8/2006 3:00:00 PM,12/31/2006 11:00:00 PM,30.88231644,3.896243795,19.62,38.46,0.064465262,0.714950861,-1.53,1.98,-0.511534738,0.71495086,-2.106,1.404,14.99408276,4.359103309,1.87,26.65,9.018265,14.62329,GEOID99   
CRMS0347-H01,2006,6/8/2006 4:00:00 PM,12/31/2006 11:00:00 PM,23.25723287,2.751922134,12.11,31.07,0.587631702,0.535011269,-0.33,2.97,0.041631702,0.535011269,-0.876,2.424,24.7566082,7.37087138,-1.1,41.09,50,48.9726,GEOID99   
CRMS0354-H01,2006,4/27/2006 2:00:00 PM,12/31/2006 11:00:00 PM,6.542303393,3.308188713,0.75,23.93,0.949916615,0.48840724,-0.09,3.1,-0.302324588,0.488602174,-1.34,1.85,26.81131666,9.848728605,-1.26,55,57.19178,56.13013,GEOID99   
CRMS0355-W01,2006,5/3/2006 12:00:00 PM,12/31/2006 11:00:00 PM,,,,,1.24373024,0.352795022,0.7,3.57,0.048730241,0.352795021,-0.495,2.375,24.3305176,4.411899367,12.74,29.89,0,66.43836,GEOID99   
CRMS0367-H01,2006,6/28/2006 3:00:00 PM,12/31/2006 11:00:00 PM,0.533903966,0.406829857,0.2,3.79,1.058264903,0.414391628,-0.22,2.14,,,,,24.08550916,7.067071648,4.53,34.41,49.21233,49.21233,GEOID99   
CRMS0367-M01,2006,6/28/2006 1:00:00 PM,12/31/2006 11:00:00 PM,0.457152436,0.118630423,0.24,1.16,1.058264903,0.414391628,-0.22,2.14,-0.258956191,0.220145788,-0.6,0.87,22.50918194,3.674345967,14.7,27.36,51.07306,49.21233,GEOID99   
CRMS0371-H01,2006,11/7/2006 4:00:00 PM,12/31/2006 11:00:00 PM,0.323190183,0.089154504,0.2,0.73,0.628473925,0.433227958,-0.53,1.54,,,,,15.26528374,3.299705071,7.05,22.16,14.88584,14.88584,GEOID99   
CRMS0371-M01,2006,11/7/2006 4:00:00 PM,12/31/2006 11:00:00 PM,1.636832818,0.305729149,1.04,2.16,0.628473925,0.433227958,-0.53,1.54,-0.038949387,0.207663352,-0.35,0.55,17.02131902,1.774505387,14.31,21.2,14.88584,14.88584,GEOID99   
CRMS0374-H01,2006,5/5/2006 9:00:00 AM,12/31/2006 11:00:00 PM,23.67384236,2.930723247,8.9,30.38,0.916327696,0.539011272,-0.1,3.25,-0.163672302,0.539011271,-1.18,2.17,24.35465427,7.80070164,-2.62,38.49,41.56393,47.93379,GEOID99   
CRMS0376-H01,2006,6/8/2006 12:00:00 PM,12/31/2006 11:00:00 PM,24.35934511,3.20899333,11.45,30.44,0.767382722,0.721060905,-1.27,3.32,-0.032617278,0.721060904,-2.07,2.52,24.21536693,7.136530747,5.51,35.7,49.15525,49.15525,GEOID99   
CRMS0381-H01,2006,6/7/2006 3:00:00 PM,12/31/2006 11:00:00 PM,3.236560721,0.559130009,1.04,4.36,,,,,,,,,24.17387862,6.774824037,4.09,38.42,48.12785,0,GEOID99   
CRMS0381-M01,2006,6/7/2006 1:00:00 PM,12/31/2006 11:00:00 PM,3.356863621,0.758936858,0.53,4.39,,,,,-0.387667143,0.278156318,-0.95,0.25,21.55696994,4.178526606,11.9,25.46,55.83333,0,GEOID99   
CRMS0382-H01,2006,6/7/2006 10:00:00 AM,12/31/2006 11:00:00 PM,1.523685218,1.105377427,0.25,3.85,1.123328892,0.33358725,0.59,2.36,,,,,25.02784589,5.037491411,10.14,33.95,47.7968,51.40411,GEOID99   
CRMS0382-M01,2006,6/7/2006 9:00:00 AM,12/31/2006 11:00:00 PM,3.942247641,0.801693393,1.75,5.06,1.123328892,0.33358725,0.59,2.36,0.175741521,0.201751381,-0.32,0.79,21.65402167,3.959602421,11.58,25.57,56.88356,51.40411,GEOID99   
CRMS0383-H01,2006,6/6/2006 11:00:00 AM,12/31/2006 11:00:00 PM,20.41239245,1.926511744,12.61,25.84,1.130043879,0.705273357,-0.95,3.52,-0.18495612,0.705273357,-2.265,2.205,24.18614608,7.281461951,3.91,36.03,26.00456,49.42922,GEOID99   
CRMS0386-H01,2006,5/9/2006 9:00:00 AM,12/31/2006 11:00:00 PM,17.36909017,4.565603188,5,27.82,1.057560283,0.468975292,-0.59,3.31,-0.156593718,0.469099482,-1.8,2.1,25.16823506,6.936133584,3.83,35.58,56.33562,56.33562,GEOID99   
CRMS0387-H01,2006,5/9/2006 12:00:00 PM,12/31/2006 11:00:00 PM,20.28090589,4.347945971,2.68,28.71,0.814081776,0.492210157,-1.15,3.25,-0.487476206,0.492387503,-2.45,1.95,25.67637998,6.691335341,2.79,36.63,64.77169,64.77169,GEOID99   
CRMS0390-H01,2006,6/12/2006 11:00:00 AM,12/31/2006 11:00:00 PM,12.18218313,2.466504782,6.51,18.62,0.925672838,0.408139075,-0.12,2.77,-0.148925926,0.408279055,-1.2,1.7,24.5582963,7.037941322,1.73,35.41,55.47945,55.47945,GEOID99   
CRMS0394-H01,2006,3/23/2006 3:00:00 PM,12/31/2006 11:00:00 PM,8.568973778,2.234293012,2.79,18.89,1.009190676,0.338538507,0,3.11,,,,,25.01197956,6.659286288,-1.86,38.04,64.8516,62.2032,GEOID99   
CRMS0394-M01,2006,3/23/2006 4:00:00 PM,12/31/2006 11:00:00 PM,7.808748457,1.794497695,3.67,16.54,1.017784442,0.342327084,0.46,3.11,0.121942589,0.307269306,-0.58,2.21,23.81047779,4.586556505,6.97,33.21,74.06393,58.99543,GEOID99   
CRMS0395-H01,2006,3/23/2006 11:00:00 AM,12/31/2006 11:00:00 PM,7.168766763,2.719569569,2,22.48,1.009694554,0.433988474,-0.39,3.21,,,,,25.37238718,6.315974075,3.31,35.95,77.47717,77.36301,GEOID99   
CRMS0395-M01,2006,3/23/2006 1:00:00 PM,12/31/2006 11:00:00 PM,8.931681939,3.057681124,1.75,18.54,1.019926379,0.436382612,-0.39,3.21,0.194476059,0.290917709,-0.38,2.21,24.1302564,3.531251844,16.1,29.94,74.79452,74.42923,GEOID99   
CRMS0396-H01,2006,3/28/2006 1:00:00 PM,12/31/2006 11:00:00 PM,9.743648612,3.473110027,3.23,25.65,0.951276563,0.446740764,-1.41,3.2,,,,,25.45694402,6.20853571,3.12,36.02,76.27853,76.27853,GEOID99   
CRMS0396-M01,2006,3/28/2006 1:00:00 PM,12/31/2006 11:00:00 PM,11.40122567,2.286126558,6.82,21.16,0.951197783,0.446809564,-1.41,3.2,0.134918401,0.262444828,-0.41,2.06,22.57729721,2.475569256,15.85,26.91,76.27853,76.24429,GEOID99   
CRMS0397-H01,2006,6/13/2006 4:00:00 PM,12/31/2006 11:00:00 PM,19.71767238,2.873428563,8.67,23.82,0.87330842,0.519165998,-0.35,2.99,-0.125199302,0.519226837,-1.34,1.99,23.98266617,6.96921694,-0.03,37.36,45.85616,45.82192,GEOID99   
CRMS0398-W01,2006,12/12/2006 11:00:00 AM,12/31/2006 11:00:00 PM,,,,,1.154584218,0.175521468,0.66,1.54,-0.299381662,0.175638764,-0.79,0.08,16.22594881,0.808777316,14.44,17.51,0,5.353881,GEOID99   
CRMS0399-H01,2006,12/6/2006 12:00:00 PM,12/31/2006 11:00:00 PM,5.99802288,1.802233796,3.01,12.61,0.917532678,0.338952787,0.38,2.06,-0.693467322,0.338952789,-1.231,0.449,14.68039217,4.083839283,3.7,21.8,6.986301,6.986301,GEOID99   
CRMS0400-H01,2006,2/17/2006 3:00:00 PM,12/31/2006 11:00:00 PM,11.35083874,7.355444784,0.41,23.85,1.269269874,0.336600131,0.13,2.3,0.038928949,0.336936524,-1.1,1.07,25.70114554,5.917660414,6.41,37.44,75.67352,75.67352,GEOID99   
CRMS0416-H01,2006,6/20/2006 12:00:00 PM,12/31/2006 11:00:00 PM,9.483620392,4.043892537,2.51,19.79,,,,,,,,,25.37163665,6.888001006,2.82,37.84,53.28767,0,GEOID99   
CRMS0421-H01,2006,6/5/2006 4:00:00 PM,12/31/2006 11:00:00 PM,22.58355566,3.500228795,11.64,31.65,0.712897623,0.697839909,-1.74,3.21,0.012897624,0.697839909,-2.44,2.51,24.46816271,7.399135228,5.58,34.04,39.87443,49.95434,GEOID99   
CRMS0434-H01,2006,2/17/2006 6:00:00 PM,12/31/2006 11:00:00 PM,9.456787029,4.900061124,0.84,26.85,1.057182835,0.509621102,-0.39,3.27,-0.303208955,0.50972787,-1.75,1.91,23.40997546,6.693426652,3.09,35.73,55.63927,55.06849,GEOID99   
CRMS0461-H01,2006,11/14/2006 12:00:00 PM,12/31/2006 11:00:00 PM,0.208263159,0.057465957,0.15,0.43,0.848860423,0.617858907,-0.56,2.37,-0.823139576,0.617858907,-2.232,0.698,12.1145965,2.266810542,5.18,18.2,13.0137,12.92237,GEOID99   
CRMS0463-H01,2006,12/13/2006 3:00:00 PM,12/31/2006 11:00:00 PM,0.234172335,0.041107478,0.15,0.34,0.795260771,0.692437718,-0.22,2.95,,,,,15.28467117,3.119736114,5.49,22.67,5.034246,5.034246,GEOID99   
CRMS0463-M01,2006,12/13/2006 2:00:00 PM,12/31/2006 11:00:00 PM,0.688416292,0.029565693,0.6,0.73,1.695487528,0.692155591,0.68,3.85,-0.12914027,0.286291769,-0.46,1.06,15.54957011,0.580147801,14.48,16.5,5.045662,5.034246,GEOID99   
CRMS0464-H01,2006,11/28/2006 12:00:00 PM,12/31/2006 11:00:00 PM,0.188519901,0.026193519,0.09,0.25,0.759017412,0.660839236,-0.6,2.93,,,,,11.75441543,1.635195724,8.49,15.88,9.178082,9.178082,GEOID99   
CRMS0464-M01,2006,11/28/2006 11:00:00 AM,12/31/2006 11:00:00 PM,,,,,,,,,,,,,,,,,0,0,GEOID99   
CRMS0465-H01,2006,11/28/2006 3:00:00 PM,12/31/2006 11:00:00 PM,0.184769041,0.012863817,0.16,0.21,0.866354556,0.636557101,-0.47,2.78,,,,,12.08533082,2.077667934,7.36,17.81,9.143835,9.143835,GEOID99   
CRMS0465-M01,2006,11/28/2006 2:00:00 PM,12/31/2006 11:00:00 PM,1.071458842,0.066791948,0.92,1.16,0.866354556,0.636557101,-0.47,2.78,-0.276072318,0.256057518,-0.62,0.79,15.03012469,0.845574504,13.46,16.56,9.155252,9.143835,GEOID99   
CRMS0488-H01,2006,11/7/2006 2:00:00 PM,12/31/2006 11:00:00 PM,0.355068914,0.043246099,0.23,0.43,1.762128638,0.231281085,1.43,2.41,0.232128636,0.231281093,-0.1,0.88,12.19180705,2.709190982,6.77,17.76,14.90868,14.90868,GEOID99   
CRMS0489-H01,2006,6/6/2006 5:00:00 PM,12/31/2006 11:00:00 PM,1.365264227,1.007543413,0.18,5.55,1.260706506,0.547725546,0.55,4.25,-0.346520584,0.547920478,-1.06,2.64,23.54979191,7.253280263,-2.52,36.27,39.31507,42.97945,GEOID99   
CRMS0494-H01,2006,11/8/2006 1:00:00 PM,12/31/2006 11:00:00 PM,1.404903116,0.773554278,-0.22,5.23,1.282581772,0.265031828,1.02,2.24,-0.205140187,0.268588215,-0.47,0.76,14.27178628,5.248666904,-2.84,24.34,13.55023,9.771689,GEOID99   
CRMS0513-H01,2006,6/7/2006 11:00:00 AM,12/31/2006 11:00:00 PM,0.713195875,0.242125723,0.3,2.36,1.665937705,0.449119796,0.76,3.69,0.195937705,0.449119798,-0.71,2.22,20.76835271,5.739796768,7.51,27.6,52.04338,52.04338,GEOID99   
CRMS0514-H01,2006,11/8/2006 3:00:00 PM,12/31/2006 11:00:00 PM,2.507509761,0.813429835,0.21,3.92,0.831038251,0.765855893,-0.16,2.75,-1.398961739,0.765855883,-2.39,0.52,14.61685402,4.976025414,0.95,26.43,14.62329,14.62329,GEOID99   
CRMS0517-H01,2006,6/6/2006 2:00:00 PM,12/31/2006 11:00:00 PM,2.2765011,1.372228446,0.17,6.45,1.297619746,0.841579283,-1.14,4.73,-0.752380253,0.841579281,-3.19,2.68,26.48156775,6.607672172,4.53,36.22,46.65525,46.71233,GEOID99   
CRMS0543-H01,2006,6/7/2006 2:00:00 PM,12/31/2006 11:00:00 PM,0.474268383,0.301336389,0.13,2.38,0.978735025,0.67367049,-0.2,4.33,-0.972704568,0.673757328,-2.15,2.38,24.24753971,7.055772083,-0.69,38.08,46.10731,56.22146,GEOID99   
CRMS0544-H01,2006,11/7/2006 12:00:00 PM,12/31/2006 11:00:00 PM,1.923096327,0.216041028,1.03,2.36,0.628295106,0.869520836,-1.17,2.35,-0.740313455,0.869458129,-2.54,0.98,16.68321866,1.575259119,12.12,22.52,14.93151,14.93151,GEOID99   
CRMS0549-H01,2006,6/29/2006 12:00:00 PM,12/31/2006 11:00:00 PM,4.548494783,1.640225333,0.27,8.59,1.963146313,0.483157724,1.45,5.02,-0.185346535,0.483166626,-0.7,2.87,22.31576532,7.485098103,-2.97,40.86,22.97945,20.75343,GEOID99   
CRMS0581-H01,2006,6/8/2006 6:00:00 PM,12/31/2006 11:00:00 PM,20.82192893,5.79484595,6.45,32.78,0.715917541,0.317188073,-0.19,1.8,0.292809216,0.317216439,-0.62,1.38,24.9881346,7.243247262,2.74,36.89,56.22146,56.48402,GEOID99   
CRMS0584-H01,2006,12/7/2006 4:00:00 PM,12/31/2006 11:00:00 PM,7.5443322,1.411408028,3.47,9.77,0.870565069,0.273714408,0.32,1.58,-0.379434931,0.273714408,-0.93,0.33,14.94275685,5.224193494,-0.47,24.21,6.666667,6.666667,GEOID99   
CRMS0589-W01,2006,6/20/2006 12:00:00 PM,12/31/2006 11:00:00 PM,,,,,1.834916453,0.348057868,1.38,3.41,0.444916458,0.348057863,-0.01,2.02,23.32939861,5.643581605,8.67,29.74,0,32.11187,GEOID99   
CRMS0590-H01,2006,6/28/2006 12:00:00 PM,12/31/2006 11:00:00 PM,0.755388293,0.438785107,0.07,1.7,1.354859814,0.492200733,0.63,2.81,0.619035787,0.492126987,-0.11,2.08,23.59206741,7.386119323,2.76,36.62,50.12557,50.07991,GEOID99   
CRMS0599-H01,2006,11/14/2006 10:00:00 AM,12/31/2006 11:00:00 PM,14.26747602,5.912553209,2.92,27.52,1.084840887,0.304617456,0.8,1.89,-0.185159112,0.304617455,-0.47,0.62,14.91877407,5.357868914,-1.43,26.49,11.89498,11.8379,GEOID99   
CRMS0605-H01,2006,3/23/2006 12:00:00 PM,12/31/2006 11:00:00 PM,7.936687774,3.659865561,2.01,17.78,1.195959343,0.392827848,0.65,2.34,0.065959344,0.392827852,-0.48,1.21,24.87269226,6.456493634,3.65,37.24,72.10046,64.01826,GEOID99   
CRMS0608-W01,2006,6/8/2006 12:00:00 PM,12/31/2006 11:00:00 PM,,,,,1.263184406,0.363597322,0.63,2.25,0.303184409,0.363597323,-0.33,1.29,22.833473,4.114416001,11.31,27.01,0,50.07991,GEOID99   
CRMS0610-W01,2006,6/8/2006 2:00:00 PM,12/31/2006 11:00:00 PM,,,,,1.735812715,0.243287226,1.31,3.78,0.505812711,0.243287226,0.08,2.55,23.2113853,5.823714276,7.91,30.51,0,47.05479,GEOID99   
CRMS0615-H01,2006,6/20/2006 1:00:00 PM,12/31/2006 11:00:00 PM,14.81528992,3.894507718,5.98,24.68,1.013939615,0.406664183,0.47,2.17,0.053519881,0.406638723,-0.49,1.21,23.94933793,7.309350697,2.7,55,46.26712,46.50685,GEOID99   
CRMS0616-H01,2006,6/15/2006 2:00:00 PM,12/31/2006 11:00:00 PM,5.98135405,1.394250045,1.84,10.1,1.12823924,0.399402556,0.51,3.42,-0.121760759,0.399402556,-0.74,2.17,23.49770423,7.418555051,-2.79,39.15,51.42694,49.3379,GEOID99   
CRMS0618-H01,2006,6/15/2006 12:00:00 PM,12/31/2006 11:00:00 PM,5.470440384,1.580040102,1.54,9.82,1.131617384,0.308975762,0.64,1.92,-0.298382614,0.308975762,-0.79,0.49,23.51497264,8.288774478,-2.97,40.16,38.10502,32.04338,GEOID99   
CRMS0624-H01,2006,11/9/2006 3:00:00 PM,12/31/2006 11:00:00 PM,2.729204456,0.823855426,0.86,4.53,1.120501194,0.350732608,0.69,1.94,0.400501192,0.350732608,-0.03,1.22,14.60723151,4.41478359,2.85,24.21,14.34931,14.34931,GEOID99   
CRMS0630-H01,2006,12/7/2006 1:00:00 PM,12/31/2006 11:00:00 PM,6.494770023,0.441647629,5.4,6.97,1.593458269,0.083354174,1.46,1.85,0.903458262,0.083354167,0.77,1.16,14.76863714,4.139919313,6.2,20.88,6.700913,6.700913,GEOID99   
CRMS0638-W01,2006,6/1/2006 3:00:00 PM,12/31/2006 11:00:00 PM,,,,,1.311515718,0.271146123,0.62,1.93,0.069166473,0.271679991,-0.62,0.69,23.17317581,4.245933545,13.07,27.87,0,49.02968,GEOID99   
CRMS0641-H01,2006,6/1/2006 10:00:00 AM,12/31/2006 11:00:00 PM,8.096007075,5.309807741,3.4,29.24,1.212805852,0.349633871,0.5,2.08,-0.015267122,0.349649125,-0.728,0.85,24.84307453,7.127855992,2.79,37.24,58.09361,58.50456,GEOID99   
CRMS0660-H01,2006,4/26/2006 4:00:00 PM,12/31/2006 11:00:00 PM,7.575581757,2.848835366,3.89,13.77,1.171869563,0.413963948,0.58,2.69,-0.158274783,0.414071269,-0.75,1.36,24.88411568,6.950706274,-1.55,39.65,66.3242,65.63927,GEOID99   
CRMS0669-H01,2006,3/8/2006 2:00:00 PM,12/31/2006 11:00:00 PM,10.57529784,5.088754993,3.69,23.48,,,,,,,,,24.33949373,6.592005566,1.67,38.19,75.89041,0,GEOID99   
CRMS0672-W01,2006,3/22/2006 1:00:00 PM,12/31/2006 11:00:00 PM,12.9908809,2.801014232,6.02,18.58,1.046690342,0.396578681,0.47,2.22,-0.037334686,0.396450888,-0.61,1.13,21.83876335,3.608635684,10.39,26.5,59.22375,67.5,GEOID99   
CRMS0685-H01,2006,3/10/2006 1:00:00 PM,12/31/2006 11:00:00 PM,17.87584374,5.873292072,2.43,29.79,0.9575788,0.499581213,-0.08,3.88,-0.472811223,0.499644595,-1.51,2.45,23.9495011,6.716229679,1.64,38.83,65.89041,65.91324,GEOID99   
CRMS0694-H01,2006,3/10/2006 4:00:00 PM,12/31/2006 11:00:00 PM,7.215156084,1.565845366,4.35,11.43,1.606312166,0.244585178,1.05,2.77,0.766312167,0.244585175,0.21,1.93,24.08953379,6.735083573,5.21,42.34,43.15068,43.15068,GEOID99   
CRMS0978-H01,2006,5/11/2006 2:00:00 PM,12/31/2006 11:00:00 PM,23.18793672,3.753231103,11.69,29.33,0.885983999,0.479142411,-0.88,3.16,-0.076016,0.479142411,-1.842,2.198,25.59516089,6.674674054,3.43,35.87,56.26712,64.21233,GEOID99   
CRMS1446-H01,2006,6/28/2006 1:00:00 PM,12/31/2006 11:00:00 PM,1.295759818,0.500703815,0.32,2.54,1.327355702,0.449982404,0.63,2.67,0.303315437,0.449863376,-0.4,1.64,23.97118934,7.441973037,2.25,39.43,50.85617,51.0274,GEOID99   
CRMS2156-H01,2006,3/8/2006 4:00:00 PM,12/31/2006 11:00:00 PM,8.236739885,2.864707691,4.68,14.13,,,,,,,,,24.58572506,6.355481386,1.61,37.09,81.58676,0,GEOID99   
CRMS2334-H01,2006,6/1/2006 1:00:00 PM,12/31/2006 11:00:00 PM,8.507909111,5.984658458,3.12,28.24,1.428185255,0.234761561,0.83,1.97,0.278185255,0.234761561,-0.32,0.82,25.78371006,7.409803646,2.9,37.34,48.48174,48.3105,GEOID99   
CRMS2785-H01,2006,11/7/2006 1:00:00 PM,12/31/2006 11:00:00 PM,0.304789594,0.082677333,0.17,0.57,0.906503442,0.393987859,-0.15,1.65,,,,,14.84048969,3.348199725,6.59,21.49,14.92009,14.92009,GEOID99   
CRMS2785-M01,2006,11/7/2006 1:00:00 PM,12/31/2006 11:00:00 PM,2.751461375,0.314528647,1.75,3,0.906503442,0.393987859,-0.15,1.65,-0.00276205,0.119632954,-0.15,0.31,16.57283854,1.739246501,13.96,19.91,14.92009,14.92009,GEOID99   
CRMS3565-W01,2006,6/21/2006 12:00:00 PM,12/31/2006 11:00:00 PM,,,,,0.924213649,0.361661984,0.31,2.76,-0.170939663,0.36171463,-0.78,1.66,,,,,0,34.62329,GEOID99   
CRMS4455-H01,2006,5/12/2006 10:00:00 AM,12/31/2006 11:00:00 PM,14.01424479,3.207933419,3.29,24.89,0.933725215,0.489711763,0.06,3.15,-0.174274784,0.489711763,-1.048,2.042,24.87036032,6.693415798,-1.66,37.16,58.57306,56.99771,GEOID99   
CRMS4690-H01,2006,6/6/2006 12:00:00 PM,12/31/2006 11:00:00 PM,13.42575502,3.798040879,2.05,25.82,0.804621273,0.476428041,-0.62,2.97,-0.155793715,0.476575147,-1.58,2.01,25.09424831,7.366897436,-0.13,36.9,56.84931,56.66667,GEOID99   
CRMS4900-H01,2006,11/14/2006 1:00:00 PM,12/31/2006 11:00:00 PM,0.175952592,0.012144468,0.15,0.21,1.322756803,0.475567874,0.1,2.69,-0.657243195,0.475567872,-1.88,0.71,11.69807725,1.541908732,9.27,16.13,13.00228,13.00228,GEOID99   
CS02-05,2006,1/1/2006 12:00:00 AM,12/31/2006 11:00:00 PM,15.41470795,7.93543081,4.28,36.2,1.358314525,0.45270519,0.66,2.43,,,,,22.96502823,4.717111113,9.18,34.54,29.12101,32.37443,GEOID99   
CS20-03,2006,1/1/2006 12:00:00 AM,12/31/2006 11:00:00 PM,19.7048814,5.873588672,8.2,31.24,0.879070295,0.406658539,0.16,2.2,-0.631507076,0.406888457,-1.35,0.69,23.17843128,6.350193483,3.64,35.07,94.80594,95.15982,GEOID99   
CS20-07,2006,1/1/2006 12:00:00 AM,12/31/2006 11:00:00 PM,17.84791076,3.109529879,10.31,27.28,0.75935268,0.401533675,0.12,1.59,,,,,22.69080572,6.577425597,3.22,34.68,97.47717,15.34247,GEOID99   
CS20-09,2006,1/1/2006 12:00:00 AM,12/31/2006 11:00:00 PM,20.39070872,4.764884172,6.22,34.77,1.440821917,0.443296434,0.8,2.75,0.190293541,0.443742221,-0.45,1.5,22.31237279,6.884729825,2.96,37.14,90.84475,17.5,GEOID99   
CS20-106,2006,1/1/2006 12:00:00 AM,12/31/2006 11:00:00 PM,18.22468605,4.274003009,5.71,27.68,1.176319445,0.418931379,0.54,1.93,-0.094223485,0.419381402,-0.74,0.66,21.74645161,7.070357062,3.66,33.98,95.44521,18.08219,GEOID99   
CS20-14R,2006,1/1/2006 12:00:00 AM,12/31/2006 11:00:00 PM,22.86991509,5.680651485,2.93,35.42,1.624262607,0.526710461,-0.07,2.47,0.344304472,0.526734522,-1.35,1.186,23.04587605,7.083689709,0.5,37.01,92.76256,11.99772,GEOID99   
CS20-15R,2006,1/1/2006 12:00:00 AM,12/31/2006 11:00:00 PM,17.92404004,4.103915417,3.99,25.58,1.018668416,0.574999239,-0.5,3.66,-0.261767942,0.575178699,-1.78,2.38,21.82596644,5.929427478,5.87,50,80.98174,91.30137,GEOID99   
CS20-17,2006,1/1/2006 12:00:00 AM,12/31/2006 11:00:00 PM,18.20357696,4.343182605,0,28.4,2.046370033,0.40650438,1.42,2.79,1.236370039,0.406504387,0.61,1.98,22.80898139,6.950035461,3.88,35.57,97.30594,17.83105,GEOID99   
CS23-01R,2006,1/1/2006 12:00:00 AM,12/31/2006 11:00:00 PM,17.44974589,4.856814995,4.81,30.47,1.026668126,0.62142383,-0.67,3.94,-0.433673603,0.62141605,-2.13,2.48,23.24923988,6.746115363,3.75,37.46,52.11187,52.11187,GEOID99   
CS23-03,2006,1/1/2006 12:00:00 AM,12/31/2006 11:00:00 PM,9.0612945,3.899489219,3.8,21.7,1.004203615,0.62648311,-0.37,2.13,-0.398144762,0.648039175,-1.83,0.74,23.64151718,6.109021253,5.38,34.42,57.40868,57.40868,GEOID99   
CS23-05,2006,1/1/2006 12:00:00 AM,12/31/2006 11:00:00 PM,7.704365037,2.659393367,1.16,17.7,1.049186365,0.460554169,0.38,2.16,-0.389123144,0.449340365,-1.03,0.7,21.67786695,6.153706851,2.52,35.53,41.52968,41.52968,GEOID99   
CS27-25,2006,1/1/2006 12:00:00 AM,12/31/2006 11:00:00 PM,6.288228496,2.349480937,1.12,15.98,1.012329787,0.473343274,-0.37,3.09,,,,,22.87963369,7.077166513,4.4,36.22,86.92923,96.57534,GEOID99   
CS31-01,2006,1/1/2006 12:00:00 AM,12/31/2006 11:00:00 PM,6.641290583,3.775625584,0.67,16.56,1.392070563,0.395212321,0.2,2.44,,,,,22.94231305,6.784426083,4.58,35.64,99.86301,96.09589,GEOID99   
CS31-02,2006,1/1/2006 12:00:00 AM,12/31/2006 11:00:00 PM,7.838238869,4.448371087,0.88,16.5,1.46235348,0.354112996,0.66,2.41,,,,,22.97795136,6.927534841,3.31,36.41,99.69178,99.9201,GEOID99   
CS31-03,2006,1/1/2006 12:00:00 AM,12/31/2006 11:00:00 PM,5.378410681,4.246235326,0.31,16.28,1.406581116,0.276574441,0.82,2.15,,,,,25.27905432,5.709454735,4.58,35.56,61.98631,62.27169,GEOID99   
DCPTE03,2006,1/1/2006 12:00:00 AM,12/31/2006 11:45:00 PM,6.31037105,6.178827526,0.2,28.4,,,,,,,,,23.40283589,6.500497828,8.3,33.9,100,0,
ME04-06,2006,1/1/2006 12:00:00 AM,9/26/2006 10:00:00 AM,5.612056817,1.312789231,2.16,9.9,0.972742936,0.405629733,-0.48,2.63,-0.460971747,0.405874216,-1.91,1.2,24.71574201,6.409391986,7.33,35.4,73.53881,73.53881,GEOID99   
ME04-143R,2006,1/1/2006 12:00:00 AM,9/26/2006 1:00:00 PM,5.05481802,1.110182151,2.41,13.86,0.545890191,0.281712862,-0.3,1.22,-0.060547439,0.28189452,-0.9,0.61,24.34823423,7.503601549,-2.94,37.31,69.94292,71.10731,
ME04-26R,2006,1/1/2006 12:00:00 AM,9/26/2006 11:00:00 AM,6.919627336,1.267000244,4.2,10.24,0.830986411,0.587847798,-0.57,2.88,,,,,24.91222458,6.387415326,6.75,36.87,70.1484,68.04794,GEOID99   
ME04-29,2006,1/1/2006 12:00:00 AM,9/26/2006 11:00:00 AM,7.318165369,0.937121951,4.99,9.51,0.915865959,0.295649786,-0.1,1.79,0.060813814,0.295803389,-0.96,0.94,25.79115856,6.064348319,8.61,36.15,63.09361,66.76941,GEOID99   
ME04-43R,2006,1/1/2006 12:00:00 AM,9/26/2006 12:00:00 PM,6.853934502,1.334894541,3.06,11.06,1.110099609,0.533572265,-0.01,3.06,,,,,23.48519329,7.527173547,0.66,36.93,71.46119,52.71689,GEOID99   
ME11-01R,2006,1/1/2006 12:00:00 AM,12/31/2006 11:00:00 PM,6.450780428,7.052337418,0.09,24.63,0.837553495,0.576411343,-1.45,3.39,-0.192446505,0.576411342,-2.48,2.36,23.2412797,6.55782836,8.26,35.74,95.6621,96.0274,GEOID99   
ME16-06,2006,1/1/2006 12:00:00 AM,12/31/2006 11:00:00 PM,15.11072257,6.175804393,3.35,34.83,0.971984733,0.431640035,0,3.54,-0.288427079,0.431852103,-1.26,2.28,23.82817598,7.636014973,-0.56,39.06,56.08447,56.82648,GEOID99   
PO24-01,2006,1/1/2006 12:00:00 AM,12/31/2006 11:00:00 PM,15.20447465,3.007065336,6.37,25.07,0.108225217,0.464789755,-2.3,1.54,-0.612124257,0.464587077,-3.02,0.82,23.11603357,6.832117347,4.36,35.88,99.95434,99.95434,GEOID99   
PO24-02,2006,1/1/2006 12:00:00 AM,12/31/2006 11:00:00 PM,15.60917488,3.237433707,6.05,27.95,0.600415841,0.690886504,-1.05,2.93,,,,,23.06921776,6.858966892,4.38,35.31,99.61187,98.00228,GEOID99   
PO24-03,2006,1/1/2006 12:00:00 AM,12/31/2006 11:00:00 PM,13.54734136,3.322913238,4.76,22.82,0.613139154,0.421538375,-0.32,1.84,0.043139154,0.421538375,-0.89,1.27,23.15128582,6.884861779,2.38,37.01,98.58447,94.258,GEOID99   
PO24-04,2006,1/1/2006 12:00:00 AM,12/31/2006 11:00:00 PM,12.93423781,3.316470797,4.07,23.41,0.653992035,0.52738395,-0.27,3.07,,,,,23.0505277,6.932629866,0.57,34.99,96.00456,91.73516,GEOID99   
PO24-05,2006,1/1/2006 12:00:00 AM,12/31/2006 11:00:00 PM,15.29878316,2.634746384,7.18,20.4,0.186919151,0.415154707,-0.83,1.46,-0.353080849,0.415154707,-1.37,0.92,23.22414411,6.802549848,3.85,35.4,99.81735,98.41324,GEOID99   
SWMP0012,2006,1/1/2006 12:00:00 AM,12/31/2006 11:00:00 PM,18.32507353,4.075654655,3,28.6,,,,,,,,,23.10773378,6.610891459,7.4,33.6,93.15069,0,
SWMP0013,2006,1/1/2006 12:00:00 AM,12/31/2006 11:00:00 PM,17.59791073,4.589749397,2.6,28.5,,,,,,,,,23.34166,6.477884865,6.4,33.7,99.98859,0,
TE26-01R,2006,1/1/2006 12:00:00 AM,12/31/2006 11:00:00 PM,5.054226605,3.471426548,0.3,23.02,0.598442249,0.68650113,-1.51,3.18,-1.500279635,0.686199055,-3.61,1.08,24.88971851,6.230036802,8.64,37.06,82.21461,75.11415,GEOID99   
TE26-02R,2006,1/1/2006 12:00:00 AM,12/31/2006 11:00:00 PM,13.21947921,4.583555112,0.75,25.9,0.500376388,0.630135705,-0.98,2.9,-1.142225597,0.63006871,-2.62,1.26,23.45401393,6.517487691,4.33,35.76,99.95434,97.65982,GEOID99   
TE26-03,2006,1/1/2006 12:00:00 AM,12/31/2006 11:00:00 PM,12.45463339,4.615979045,1.25,25.27,0.44777981,0.675551936,-1.87,2.96,-1.02981365,0.675381387,-3.35,1.48,23.3147825,7.109203198,3.03,37.46,99.95434,99.85159,GEOID99   
TE26-05,2006,1/1/2006 12:00:00 AM,12/31/2006 11:00:00 PM,11.18109815,3.508322393,2.97,23.27,0.512203951,0.551904285,-1.61,2.94,-0.600395112,0.551925554,-2.72,1.82,23.28747803,7.095214483,2.66,36.62,90.95891,99.96575,GEOID99   
TE28-01,2006,1/1/2006 12:00:00 AM,12/31/2006 11:00:00 PM,4.953761548,1.778384831,1.62,12.25,0.920390875,0.461694167,-0.68,3.04,0,0,0,0,22.88424023,5.650894941,9.71,30.41,27.19178,96.08447,GEOID99   
TE28-02,2006,1/1/2006 12:00:00 AM,12/31/2006 11:00:00 PM,2.60135824,0.953817047,0.72,7.16,1.215098268,0.352562228,0.06,2.94,,,,,24.79254577,6.645953929,4.34,37.26,85.55936,68.53882,GEOID99   
TE28-03,2006,1/1/2006 12:00:00 AM,12/31/2006 11:00:00 PM,2.697700118,2.544728413,0.12,20.37,1.067164519,0.349824733,0.46,3.12,,,,,23.67512274,6.538105714,2.36,36.04,97.83105,85.0685,GEOID99   
TE28-07R,2006,1/1/2006 12:00:00 AM,12/31/2006 11:00:00 PM,0.665171205,1.223819242,0.17,12.83,1.202288184,0.358844602,-0.24,2.78,0,0,0,0,23.79860932,6.619262062,7.39,35.38,97.68265,97.68265,GEOID99   
TE28-218,2006,1/1/2006 12:00:00 AM,12/31/2006 11:00:00 PM,4.848390351,0.76185358,2.54,6.5,1.222061873,0.356311922,0.06,2.94,0.19208607,0.290332245,-0.59,1.07,22.35348408,2.86049218,16.76,27.27,87.08904,66.05022,GEOID99   
TV04-03,2006,1/1/2006 12:00:00 AM,10/11/2006 10:00:00 AM,0.679819056,0.431271741,0.23,2.66,0.72220568,0.799494608,-2.55,3.6,-0.568408153,0.799477267,-3.84,2.31,24.42029087,6.183751863,6.41,34.78,49.84018,49.84018,GEOID99   
TV04-04R,2006,1/1/2006 12:00:00 AM,12/31/2006 11:00:00 PM,0.517748354,0.383238561,0.17,3.83,1.087487833,0.830467162,-1.26,4.54,-0.463103349,0.830557308,-2.81,2.99,22.6389751,6.275236799,6.21,35.36,79.74886,79.74886,GEOID99   
TV04-22,2006,1/1/2006 12:00:00 AM,12/31/2006 11:00:00 PM,1.575554544,0.852509135,0.04,4.35,1.171149395,0.88579962,-2.14,4.7,-0.159223768,0.88596937,-3.47,3.37,22.41477961,6.646019485,1.79,35.53,87.7968,87.7968,GEOID99   
TV14-01,2006,1/1/2006 12:00:00 AM,12/31/2006 11:00:00 PM,8.02038079,3.028184892,2.86,16.31,0.684315123,0.744791491,-1.47,4.07,-0.675991029,0.744862178,-2.832,2.71,22.70376298,6.732633946,3.37,34.42,99.82877,99.258,GEOID99   
TV14-03R,2006,1/1/2006 12:00:00 AM,12/31/2006 11:00:00 PM,8.234177056,3.466206056,2.66,20.2,0.925263279,0.844894981,-1.74,4.28,-0.365155648,0.844937684,-3.03,2.99,23.06724007,7.304797151,1.42,38.07,98.90411,98.42465,GEOID99   
TV14-04R,2006,1/1/2006 12:00:00 AM,12/31/2006 11:00:00 PM,7.540725542,2.475626259,2.91,15.18,0.524820816,0.820137085,-2.03,3.96,-0.675619894,0.820087527,-3.231,2.76,21.98828578,7.151293557,-0.21,34.79,75.3653,86.64383,GEOID99   
TV14-23,2006,1/1/2006 12:00:00 AM,12/31/2006 11:00:00 PM,7.812197436,3.041267682,2.55,17.4,0.723455416,0.809612685,-1.56,4.16,-0.587037941,0.809624455,-2.87,2.85,22.62186168,7.413597396,-0.39,37.42,84.41781,95.37671,GEOID99   