"Station_id","year","min_date","max_date","avg_salinity (ppt)","std_deviation_salinity (ppt)","min_salinity (ppt)","max_salinity (ppt)","avg_adj_water_elev_datum(ft)","std_deviation_adj_water_elev_datum(ft)","min_adj_water_elev_datum(ft)","max_adj_water_elev_datum(ft)","avg_adj_water_elev_to_marsh(ft)","std_deviation_adj_water_elev_to_marsh (ft)","min_adj_water_elev_to_marsh(ft)","max_adj_water_elev_to_marsh(ft)","avg_water_temperature (C DegC)","std_deviation_water_temperature (C DegC)","min_temperature (C DegC)","max_temperature (C DegC)","percent_salinity_complete","percent_water_level_complete","GEOID",
"BA01-01","2006","1/1/2006 12:00:00 AM","12/31/2006 11:00:00 PM","1.34281174187837","0.491720732735188","0.2","3.15","0.776827995083125","0.432646405567008","-0.66","2.38","0.0465198930968385","0.432897447942717","-1.39","1.65","23.6266363392404","6.63871724839178","7.14","34.73","94.10959","94.10959","GEOID99   ",
"BA01-02","2006","1/1/2006 12:00:00 AM","12/31/2006 11:00:00 PM","0.876817729598975","0.866918773234695","0.07","6.2","0.652588361521519","0.473626813706434","-1.07","2.38","-0.13752855817846","0.473635568369215","-1.86","1.59","24.2549375089454","6.35569787284472","4.11","35.02","80.60503","84.94292","GEOID99   ",
"BA01-03","2006","1/1/2006 12:00:00 AM","12/31/2006 11:00:00 PM","1.0219331181536","0.865132657193309","0.13","5.34","0.592872927505516","0.479590528494069","-1.03","2.38","-0.197643117196407","0.479616666664091","-1.82","1.59","22.828458553053","6.7213843836646","5.6","33.13","99.68037","97.11188","GEOID99   ",
"BA01-04","2006","1/1/2006 12:58:00 AM","12/31/2006 11:00:00 PM","1.29848903628273","0.423483192183399","0.21","2.98","0.755035403180551","0.45165963176308","-0.72","2.24","","","","","23.2571265445882","6.71945467977878","5.68","34.05","99.95434","99.95434","GEOID99   ",
"BA01-07","2006","1/1/2006 12:08:00 AM","12/31/2006 11:00:00 PM","4.75991746997919","2.94998648229937","0.7","23.61","","","","","","","","","22.4284323392743","6.25330839122443","6.16","33.27","76.07306","0","GEOID99   ",
"BA01-09","2006","1/1/2006 12:00:00 AM","12/31/2006 11:00:00 PM","1.50941119842434","1.30174634822353","0.24","12.69","0.784742214467382","0.415622702002089","-0.77","2.36","-0.245968606064145","0.415787109925669","-1.8","1.33","24.0226892614216","6.40721433056814","7.61","34.07","95","89.45205","GEOID99   ",
"BA01-10","2006","1/1/2006 12:00:00 AM","12/31/2006 11:00:00 PM","3.3449516525643","1.53627245598015","0.82","12.4","0.774549849290698","0.441386754648545","-0.79","2.48","-0.356117038511823","0.441507464932751","-1.92","1.35","24.4622607553908","6.46998377878003","9.1","34.25","68.47031","68.47031","GEOID99   ",
"BA01-14","2006","1/1/2006 12:00:00 AM","12/31/2006 11:00:00 PM","0.39827054715524","0.0896801399561751","0.17","0.56","1.19261466352397","0.3108797842394","0.44","2.07","-0.0314075342596394","0.300942679344916","-0.66","0.73","19.3218230461965","3.06221790885518","11.88","24.36","100","99.80593","GEOID99   ",
"BA01-15","2006","1/1/2006 12:00:00 AM","12/31/2006 11:00:00 PM","1.3527146158085","0.18484956974839","0.85","1.77","0.755003996598276","0.451732489728958","-0.72","2.24","0.14898515960444","0.330478083527603","-0.52","1.55","21.3729897017893","2.50870083035356","17.27","25.47","100","99.94292","GEOID99   ",
"BA01-16","2006","1/1/2006 12:00:00 AM","12/31/2006 11:00:00 PM","","","","","1.19261466352397","0.3108797842394","0.44","2.07","","","","","","","","","0","99.80593","GEOID99   ",
"BA02-104","2006","1/1/2006 12:00:00 AM","1/24/2006 11:00:00 AM","7.79498228113702","0.283771546820725","7.34","8.1","1.03882980663726","0.0408007887192479","0.99","1.1","","","","","13.9885992851663","0.939846536381439","11.48","15.39","6.438356","6.438356","GEOID99   ",
"BA02-105","2006","1/1/2006 12:00:00 AM","1/24/2006 11:00:00 AM","5.10092198848724","0.127518488670037","4.76","5.33","0.396028368687587","0.169222983988857","0.15","0.81","","","","","15.5019148917908","0.223817696092229","14.99","15.95","6.438356","6.438356","GEOID99   ",
"BA02-108","2006","1/1/2006 12:00:00 AM","1/24/2006 10:00:00 AM","6.11868560547092","0.0794445119587526","5.95","6.26","0.933996444908806","0.0226888207982838","0.9","0.98","","","","","15.2877442341291","0.430353352393382","14.25","16.11","6.426941","6.426941","GEOID99   ",
"BA02-109","2006","1/1/2006 12:00:00 AM","1/24/2006 10:00:00 AM","3.0049555987702","0.157846216607125","2.61","3.19","0.596003550566323","0.14167470717731","0.45","0.94","","","","","15.1142450996656","0.526263182744556","14.33","16.09","6.426941","6.426941","GEOID99   ",
"BA02-54","2006","1/1/2006 12:00:00 AM","1/24/2006 9:00:00 AM","4.29898846218352","0.461952823455237","3.26","5.23","0.621150439291929","0.098504461074888","0.48","0.84","","","","","15.3820996454178","4.1174479602654","0.13","22.56","3.949772","1.289954","GEOID99   ",
"BA02-56","2006","1/1/2006 12:00:00 AM","12/31/2006 11:00:00 PM","3.7040187255448","1.70094064825582","0.63","13.7","0.896989981649234","0.398045573444663","-0.09","2.57","-0.263644077600752","0.398315187611491","-1.25","1.41","23.5483344736437","6.56749676262255","2.84","35.71","99.98859","96.86073","GEOID99   ",
"BA02-57","2006","1/1/2006 12:00:00 AM","12/31/2006 11:00:00 PM","5.54100022757807","1.65662635194108","1.65","17.32","0.844339924208213","0.545652530884685","-0.8","3.64","0.014247342370172","0.545718690765725","-1.63","2.81","23.8819924646057","6.3362850927299","7.17","34.71","99.97717","99.87443","GEOID99   ",
"BA03C-16","2006","1/1/2006 12:00:00 AM","12/31/2006 11:00:00 PM","3.53058232614427","1.68793682009704","0.18","10.96","0.806571134354823","0.474925900897705","-0.72","2.89","-0.174072847422787","0.475147791837429","-1.7","1.91","23.3108323762122","7.00461426299665","4.78","36.41","99.97717","99.97717","GEOID99   ",
"BA03C-60","2006","1/1/2006 12:00:00 AM","12/31/2006 11:00:00 PM","3.06892404336033","1.69808409304884","0.32","13.07","0.882614505823291","0.493418444559","-0.71","2.97","-0.257940605099817","0.49363686570859","-1.85","1.83","23.5130622522821","6.44488590223648","6.01","34.23","99.94292","99.94292","GEOID99   ",
"BA03C-61","2006","1/1/2006 12:00:00 AM","12/31/2006 11:00:00 PM","7.67853831396781","2.57216396019417","1.01","20.18","0.675326024316038","0.471942008217263","-0.78","2.93","0.44526778542967","0.471995837462371","-1.01","2.7","23.6638871703475","6.72543668688075","3.85","36.2","99.96575","99.96575","GEOID99   ",
"BA04-07","2006","1/1/2006 12:00:00 AM","12/31/2006 11:00:00 PM","18.6926944066998","2.92349903414091","2.03","22.51","0.872169083648776","0.509905692544454","-0.77","3.52","-0.0278309161982789","0.509905691828627","-1.67","2.62","23.2988653040417","6.97835591770372","1.26","36.24","87.48859","87.36301","",
"BA04-10","2006","1/1/2006 12:00:00 AM","12/31/2006 11:00:00 PM","18.8227870583174","3.06304138974348","7.39","31.37","1.14549556237034","0.542643237070502","-0.74","3.76","0.245495562658269","0.542643236274493","-1.64","2.86","23.2206310117958","6.8047928095274","2.97","35.66","86.79224","91.33562","",
"BA04-17","2006","1/1/2006 12:00:00 AM","12/31/2006 11:00:00 PM","18.3630863262481","2.8627579517221","3.74","23.86","0.977978508186679","0.450009325175006","-0.54","2.94","0.377978508637266","0.450009325005666","-1.14","2.34","24.1931283503036","6.84266773922273","1.66","36.76","85.03425","84.98858","",
"BA04-55","2006","1/1/2006 12:00:00 AM","12/31/2006 11:00:00 PM","18.877521867277","2.22233108496196","4.28","23.48","1.17761593924797","0.585760190156151","-1.21","3.85","0.0776159404213769","0.58576018950982","-2.31","2.75","23.5445684384106","6.69991110571245","4.93","34.83","97.84247","97.96803","",
"BA04-56","2006","1/1/2006 12:00:00 AM","12/31/2006 11:00:00 PM","18.8685463278588","2.36861479964898","7.97","25.56","0.97847144533252","0.668969647678445","-1.94","3.64","-0.441528553243631","0.668969646451626","-3.36","2.22","23.0875808611127","6.82025618666956","5.8","36.05","88.34475","46.97488","",
"BS08-02","2006","4/25/2006 2:30:00 PM","4/25/2006 3:30:00 PM","","","","","","","","","","","","","","","","","0","0","",
"BS08-09","2006","1/1/2006 12:00:00 AM","12/31/2006 11:00:00 PM","4.36029006770938","1.62911721957737","0.79","10.46","0.420278382443633","0.50994816533429","-1.27","2.58","-0.589721616455409","0.50994816572657","-2.28","1.57","24.0636910887943","6.81053722684015","5.77","36.72","94.45206","94.31507","",
"BS08-13","2006","1/1/2006 12:00:00 AM","12/31/2006 11:00:00 PM","7.88508069371978","3.74118289564522","0.61","17.75","0.589446128251764","0.709384413843497","-1.94","3.4","-0.350823227138043","0.709430467820286","-2.88","2.46","23.5497666563322","6.51854133203317","6.15","34.14","98.32192","97.89954","",
"BS08-30","2006","4/24/2006 10:30:00 PM","12/31/2006 11:00:00 PM","","","","","0.815280381067533","0.440020592160182","0.04","2.26","","","","","25.2917815893313","7.03249149057515","7","39","0","62.08904","",
"BS08-31","2006","4/26/2006 5:00:00 PM","12/31/2006 11:00:00 PM","","","","","0.709188458832555","0.395235093982542","0","2.26","","","","","24.3249694986571","6.55642574585455","1.8","42.7","0","55","",
"CRMS0135-H01","2006","6/20/2006 11:00:00 AM","12/31/2006 11:00:00 PM","5.60542690660309","2.54132446528938","0.33","14.35","0.763432986613845","0.516083536180803","-0.96","2.96","-0.0325670127226226","0.516083535931961","-1.756","2.164","26.0288522861443","6.82821832060756","5.89","35.62","45.05708","45.05708","GEOID99   ",
"CRMS0136-H01","2006","8/23/2006 10:00:00 AM","12/31/2006 11:00:00 PM","8.01248162083249","1.82885047240106","4.02","13.46","0.6577346992274","0.670394612012803","-1.44","2.95","-0.682265298878514","0.670394613031315","-2.78","1.61","21.7269144727686","6.8182235509943","6.38","33.82","35.69635","35.62785","GEOID99   ",
"CRMS0147-H01","2006","6/8/2006 2:00:00 PM","12/31/2006 11:00:00 PM","13.5573866215571","2.5502888919504","5.94","21.84","0.601790490948365","0.71399905587434","-1.49","3.2","-0.268209507871349","0.71399905528187","-2.36","2.33","24.7851453917477","7.22385155663918","4.36","35.65","56.13013","55.46803","GEOID99   ",
"CRMS0164-H01","2006","6/5/2006 1:00:00 PM","12/31/2006 11:00:00 PM","25.468521690824","2.723415116186","16.95","31.01","0.824114603541163","0.466136723547382","-0.55","2.73","-0.10809391163589","0.466259965612059","-1.48","1.79","25.2812057412387","6.66450415780734","4.14","35.55","57.37443","57.37443","GEOID99   ",
"CRMS0173-H01","2006","6/8/2006 5:00:00 PM","12/31/2006 11:00:00 PM","19.358805514676","3.07752812790631","13.08","26.42","0.988729762372315","0.577279277569995","-0.32","3.57","0.0487297635557166","0.57727927853527","-1.26","2.63","25.1338735097968","7.07248080911718","-1.01","37.5","55.52511","55","GEOID99   ",
"CRMS0174-H01","2006","6/8/2006 11:00:00 AM","12/31/2006 11:00:00 PM","20.6157472824949","3.29237985259593","12.42","27.76","1.09467989511255","0.623407988820184","-0.57","3.57","0.104679896115391","0.623407988966214","-1.56","2.58","24.4119485367111","6.93124661350609","2.52","37.03","48.42466","48.32192","GEOID99   ",
"CRMS0175-H01","2006","6/5/2006 5:00:00 PM","12/31/2006 11:00:00 PM","22.5637690738096","3.43896505824718","11.35","29.87","","","","","","","","","25.6624809317165","7.3115183943326","2.03","38.14","53.88128","0","GEOID99   ",
"CRMS0176-H01","2006","6/8/2006 3:00:00 PM","12/31/2006 11:00:00 PM","21.3071023875944","3.70538217682751","13.79","33.61","1.02312876538807","0.616415642123153","-1.09","3.44","-0.436871234136344","0.616415642948916","-2.55","1.98","24.9238864162717","6.94479266377571","3.85","35.92","51.1758","51.15297","GEOID99   ",
"CRMS0179-H01","2006","6/21/2006 12:00:00 PM","12/31/2006 11:00:00 PM","19.1240817807703","4.26806328868009","8.4","28.05","0.938431609307635","0.646122201795045","-1.28","3.46","-0.121568390433377","0.646122201199015","-2.34","2.4","25.1371338804198","7.43428330435803","2.42","38.45","47.18037","47.23744","GEOID99   ",
"CRMS0184-W01","2006","6/5/2006 3:00:00 PM","12/31/2006 11:00:00 PM","","","","","1.38475612059262","0.315755742739516","0.5","2.4","0.634756120946388","0.315755740778694","-0.25","1.65","22.3258658341921","4.16484129783954","12.52","26.36","0","57.34018","GEOID99   ",
"CRMS0188-H01","2006","8/3/2006 1:00:00 PM","12/31/2006 11:00:00 PM","1.66843190837582","1.2687440264312","0","7.12","0.843826354854576","0.470205976719019","-0.64","2.32","","","","","23.4839910750693","6.42717147981505","6.96","33","33.19635","33.26484","GEOID99   ",
"CRMS0188-M01","2006","10/6/2006 10:00:00 AM","12/31/2006 11:00:00 PM","2.25166103560935","0.158261236893437","2.05","2.8","0.79187244317591","0.621617530541076","-0.64","2.3","-0.145336111615363","0.465009085157833","-0.84","1.23","21.5644150257799","1.55493490556583","19.04","24.16","23.71004","13.96119","GEOID99   ",
"CRMS0190-M01","2006","6/13/2006 10:00:00 AM","12/31/2006 11:00:00 PM","5.62291655937831","0.00907896061609335","5.62","5.66","0.812425689758221","0.318378228897571","0.36","2.59","-0.0323702974328764","0.332030802359801","-0.58","1.71","21.8948509765394","0.903878055349946","18.95","25.16","0.2739726","54.92009","GEOID99   ",
"CRMS0190-W01","2006","6/13/2006 9:00:00 AM","12/31/2006 11:00:00 PM","","","","","0.83497726198389","0.307434967516518","0.36","2.59","","","","","22.4553699763465","4.18647888558187","13.14","27.53","0","55.22831","GEOID99   ",
"CRMS0192-M01","2006","6/27/2006 10:00:00 AM","12/31/2006 11:00:00 PM","0.117134606800824","0.0221426995546847","0.07","0.18","0.723825805763581","0.479268887672035","-0.03","1.73","-0.457574412787291","0.485292125736027","-1.3","0.51","19.2237005521858","4.95326203492047","9.64","23.9","51.39269","45.74201","GEOID99   ",
"CRMS0192-W01","2006","6/27/2006 10:00:00 AM","12/31/2006 11:00:00 PM","","","","","0.723825805763581","0.479268887672035","-0.03","1.73","","","","","21.1800773609657","3.67934656407959","11.21","24.49","0","45.74201","GEOID99   ",
"CRMS0209-H01","2006","6/20/2006 3:00:00 PM","12/31/2006 11:00:00 PM","18.5291324350192","2.05848146961552","8.54","23.21","0.822762976174675","0.593564085537696","-0.77","3.43","-0.128360128589317","0.593888641061679","-1.72","2.48","24.5001975339884","7.08260628970599","1.3","36.17","49.73744","49.7032","GEOID99   ",
"CRMS0211-M01","2006","11/9/2006 3:00:00 PM","12/31/2006 11:00:00 PM","0.340365953654549","0.0338062061835936","0.24","0.39","0.715322193828194","0.179404745399678","0.51","1.19","-0.039554495385173","0.182151750407558","-0.25","0.44","11.7317024612579","2.17918364539132","6.54","15.93","14.34931","14.34931","GEOID99   ",
"CRMS0211-W01","2006","11/9/2006 3:00:00 PM","12/31/2006 11:00:00 PM","","","","","0.715322193828194","0.179404745399678","0.51","1.19","","","","","13.6615274417182","1.13812508064618","11.63","17.38","0","14.34931","GEOID99   ",
"CRMS0219-M01","2006","8/3/2006 1:00:00 PM","12/31/2006 11:00:00 PM","0.835155212281152","0.136833478459686","0.64","1.06","0.840675276938741","0.307445752590442","0.22","1.85","0.0439201883568337","0.332526605163634","-0.6","0.94","21.5182382221697","2.67941711996543","14.97","24.39","41.18721","38.88128","GEOID99   ",
"CRMS0219-W01","2006","8/3/2006 1:00:00 PM","12/31/2006 11:00:00 PM","","","","","0.840701494939977","0.307404425513782","0.22","1.85","","","","","","","","","0","38.8927","GEOID99   ",
"CRMS0220-H01","2006","6/13/2006 4:00:00 PM","12/31/2006 11:00:00 PM","11.5161452364866","3.37131999548877","1.96","24.19","0.810304708786399","0.429603215000906","-0.37","2.91","-0.359754953591358","0.429623096495586","-1.54","1.74","24.9390732147797","7.32410555928958","-0.49","38.04","54.07534","53.57306","GEOID99   ",
"CRMS0224-H01","2006","6/7/2006 3:00:00 PM","12/31/2006 11:00:00 PM","17.3304197896979","2.63598547761048","6.92","23.92","1.45817854767222","0.511865518326434","0.43","3.84","0.198178548465524","0.511865518334357","-0.83","2.58","24.6736655961722","7.09247789499829","-1.31","37.67","50.30822","53.96119","GEOID99   ",
"CRMS0225-H01","2006","6/21/2006 3:00:00 PM","12/31/2006 11:00:00 PM","12.0735538632475","4.01699045044465","2.18","19.61","","","","","","","","","20.541603476358","6.43424416296322","4.11","32.43","31.57534","0","GEOID99   ",
"CRMS0226-H01","2006","6/20/2006 11:00:00 AM","12/31/2006 11:00:00 PM","17.0023660663878","2.67952686863245","8.13","22.92","0.924871409548613","0.59436654565175","-1.57","3.42","-0.542696099266477","0.594355602296406","-3.04","1.95","24.731215169999","7.23756443990152","5.46","35.06","53.26484","53.26484","GEOID99   ",
"CRMS0232-H01","2006","6/6/2006 2:00:00 PM","12/31/2006 11:00:00 PM","14.280964087256","3.71957295156652","2.03","27.98","0.848528789790771","0.447438890974525","-0.35","2.99","-0.0989672476602881","0.447878445541425","-1.29","2.04","26.8758954048409","6.00290016937722","7.48","36.79","43.21918","43.21918","GEOID99   ",
"CRMS0237-H01","2006","6/7/2006 11:00:00 AM","12/31/2006 11:00:00 PM","16.1623383340381","3.39660458088279","4.09","22.96","0.871361991332215","0.603197021934055","-1.34","3.33","-0.239570108766553","0.603366830632064","-2.45","2.22","25.1390277116162","6.83769981305613","4.1","35.09","45.54794","56.82648","GEOID99   ",
"CRMS0251-H01","2006","6/13/2006 5:00:00 PM","12/31/2006 11:00:00 PM","14.2302522190904","3.36365231043813","3.76","25.67","0.854964920059771","0.34661145271193","0.17","2.23","-0.0504695091047764","0.346921523353999","-0.73","1.32","24.41293934065","7.98542179778167","-1.6","39.2","51.59818","42.30594","GEOID99   ",
"CRMS0253-H01","2006","6/13/2006 1:00:00 PM","12/31/2006 11:00:00 PM","11.1725628643465","3.21898209180332","2.21","22.65","0.807734391182174","0.419632249262358","-0.09","2.9","-0.321605999939868","0.419727328432125","-1.22","1.77","24.7792723315558","7.45944951843792","-1.57","36.21","52.2032","51.74658","GEOID99   ",
"CRMS0268-H01","2006","7/11/2006 2:00:00 PM","12/31/2006 11:00:00 PM","0.517904850427403","0.186750972328166","0.14","1.08","1.0556343122726","0.420143536417032","-0.15","2","","","","","22.9397284895225","6.55192521302617","7.39","31.5","47.51142","47.51142","GEOID99   ",
"CRMS0268-M01","2006","7/11/2006 1:00:00 PM","12/31/2006 11:00:00 PM","0.380045639646761","0.0694740473590247","0.27","0.55","1.0556343122726","0.420143536417032","-0.15","2","-0.811838056969133","0.260494064909231","-1.16","0.1","20.078188829745","2.13982330984478","15.65","23.56","47.52283","47.51142","GEOID99   ",
"CRMS0273-M01","2006","8/3/2006 11:00:00 AM","12/31/2006 11:00:00 PM","1.23505954014829","0.20053879232272","0.91","1.96","0.970952382042714","0.531613864827931","-0.05","2.25","-0.102090833441962","0.257088058067848","-0.58","0.75","20.592866238383","4.86324276395779","5.95","27.2","41.22146","26.36986","GEOID99   ",
"CRMS0273-W01","2006","8/3/2006 11:00:00 AM","12/31/2006 11:00:00 PM","","","","","0.971021204026217","0.531518447975235","-0.05","2.25","","","","","","","","","0","26.38128","GEOID99   ",
"CRMS0292-H01","2006","5/12/2006 11:00:00 AM","12/31/2006 11:00:00 PM","27.6693522475772","3.05809710086639","12.18","33.82","0.745456816026639","0.653143898722103","-1.2","2.8","-0.339946466019453","0.65319986625197","-2.28","1.71","25.9329193297835","7.00745243131881","2.41","39.62","63.9726","63.9726","GEOID99   ",
"CRMS0293-H01","2006","6/7/2006 2:00:00 PM","12/31/2006 11:00:00 PM","10.7318404698578","3.54260355832539","3.4","23.63","0.761691781449131","0.510348289513212","-1.27","2.67","-0.653803494876606","0.510332762944623","-2.68","1.25","25.1426502056861","7.17019452833258","2.02","37.71","56.81507","56.81507","GEOID99   ",
"CRMS0294-H01","2006","4/25/2006 2:00:00 PM","12/31/2006 11:00:00 PM","0.721073754773113","1.27078299249159","0.17","12.61","1.18857419477699","0.341439282415003","0.21","2.6","","","","","25.3793821506906","6.49774573666401","6.44","34.9","64.8516","64.8516","GEOID99   ",
"CRMS0294-M01","2006","4/25/2006 5:00:00 PM","12/31/2006 11:00:00 PM","4.14427149243958","0.323290359203301","3.34","5.23","1.20712991544234","0.346913172894389","0.21","2.6","-0.338479181926456","0.308867811740744","-1.16","1.01","22.4321131039115","2.59932301111018","15.61","25.26","62.99087","59.22375","GEOID99   ",
"CRMS0296-M01","2006","4/25/2006 11:00:00 AM","12/31/2006 11:00:00 PM","4.34992788855639","0.17874497012429","4.01","4.89","1.20168662657162","0.273379163580688","0.79","2.8","-0.0855422491720163","0.228986516885056","-0.43","1.44","22.4262963556201","2.06268522003027","17.58","25.49","60.1484","68.63013","GEOID99   ",
"CRMS0296-W01","2006","4/25/2006 10:00:00 AM","12/31/2006 11:00:00 PM","","","","","1.20166805238349","0.27336022095827","0.79","2.8","","","","","22.5806136958396","3.5505053226678","13.78","26.19","0","68.64156","GEOID99   ",
"CRMS0302-H01","2006","6/6/2006 3:00:00 PM","12/31/2006 11:00:00 PM","25.3913205197545","3.31136174789317","14.54","35.03","0.802489492742165","0.728322159034538","-1.68","4.12","-0.31751050639876","0.728322159746802","-2.8","3","25.1788875510951","7.12640643531316","4.81","34.9","57.05479","57.04338","GEOID99   ",
"CRMS0303-H01","2006","6/15/2006 12:00:00 PM","12/31/2006 11:00:00 PM","16.8770722967242","4.29200494974003","2.16","28.91","0.688021522487162","0.717198546025552","-1.36","3.45","-0.57197847505096","0.717198543075461","-2.62","2.19","25.338785874939","7.34230177182913","0.69","38.48","41.36987","41.36987","GEOID99   ",
"CRMS0305-H01","2006","12/6/2006 3:00:00 PM","12/31/2006 11:00:00 PM","1.34261156623521","0.836682851695202","0.24","5.17","0.48120661251678","0.754189205765322","-1.51","2.48","-0.888793387728905","0.754189204975528","-2.88","1.11","14.0805582785841","3.65644301595346","0.32","19.93","6.906393","6.906393","GEOID99   ",
"CRMS0309-H01","2006","6/7/2006 1:00:00 PM","12/31/2006 11:00:00 PM","10.7848226931078","2.83972369443399","4.05","19.91","0.629550088070257","0.655091374486622","-1.38","2.95","-0.666077127054347","0.655065381425685","-2.68","1.65","25.9546210018667","6.65648604075209","5.74","35.66","51.50685","51.50685","GEOID99   ",
"CRMS0310-H01","2006","11/13/2006 4:00:00 PM","12/31/2006 11:00:00 PM","22.5939295744874","3.78434932843895","8.23","26.55","0.701087785678567","0.588384510294835","-0.47","2.47","-0.188912214496251","0.5883845110482","-1.36","1.58","15.3177068994477","4.17580124545725","-1.42","23.51","12.31735","11.96347","GEOID99   ",
"CRMS0311-H01","2006","6/5/2006 1:00:00 PM","12/31/2006 11:00:00 PM","20.676864035469","3.05425948212564","6.49","27.27","0.851637375974158","0.572814208331357","-0.53","3.15","","","","","25.0777351216758","6.69009228082742","0.16","36.84","53.40183","53.26484","GEOID99   ",
"CRMS0312-H01","2006","5/2/2006 9:00:00 AM","12/31/2006 11:00:00 PM","5.75423526779131","2.0065519642382","2.61","16.36","0.979306529743814","0.461498977400264","-0.36","3.43","","","","","25.5560944324299","6.37917363480105","6.38","36.8","53.66439","53.66439","GEOID99   ",
"CRMS0312-M01","2006","5/2/2006 10:00:00 AM","12/31/2006 11:00:00 PM","9.46070438280131","1.33839850529104","6.95","14.72","0.927783628113393","0.412063097984244","-0.36","2.18","-0.166091844222101","0.319922740559789","-0.97","0.93","22.8038289868016","2.55398390407195","16.42","27.31","56.88356","47.69406","GEOID99   ",
"CRMS0315-H01","2006","6/13/2006 11:00:00 AM","12/31/2006 11:00:00 PM","15.1781769299966","3.39080837949923","-0.02","21.08","1.06135678584758","0.59687487737861","-0.05","2.69","-0.212185930114371","0.597320207387615","-1.33","1.42","24.5731365529335","7.15214897438889","-2.22","39.04","53.1621","4.543379","GEOID99   ",
"CRMS0318-H01","2006","11/13/2006 1:00:00 PM","12/31/2006 11:00:00 PM","23.1051892745067","4.22469075501857","4.95","28","0.705370034413943","0.635868372436144","-0.22","2.84","-0.264629959510404","0.635868369617673","-1.19","1.87","14.7624505672392","5.19825056542198","-1.49","26.55","11.46119","12.6484","GEOID99   ",
"CRMS0322-H01","2006","4/28/2006 1:00:00 PM","12/31/2006 11:00:00 PM","18.4482131967965","3.81442715449554","6.65","26.99","0.825914448817879","0.447245247683635","-0.62","2.88","-0.284085550384063","0.447245246914055","-1.73","1.77","25.5819888914141","6.50283653199322","1.71","37.17","67.78539","67.78539","GEOID99   ",
"CRMS0326-H01","2006","4/28/2006 10:00:00 AM","12/31/2006 11:00:00 PM","11.0475448777143","3.09800027205997","2.11","23.9","0.83854599370523","0.52943504411272","-0.71","3","-0.394454006125352","0.529435043381156","-1.943","1.767","25.2353078591187","6.5140578919443","1.64","35.53","52.77397","61.55251","GEOID99   ",
"CRMS0331-H01","2006","6/28/2006 11:00:00 AM","12/31/2006 11:00:00 PM","0.776159915608647","0.519480987976103","0.19","3.25","1.157475246524","0.424236072685959","-0.09","2.62","","","","","24.2977765465848","7.50344340337439","8.25","55","43.40182","48.42466","GEOID99   ",
"CRMS0331-M01","2006","6/28/2006 9:00:00 AM","12/31/2006 11:00:00 PM","0.589316811338549","0.217363566483284","0.33","1.41","1.15748762568771","0.424186831910371","-0.09","2.62","-0.00108729621599657","0.166336538224004","-0.35","0.72","22.2307077617777","3.32767058321608","15.23","27.13","51.13014","48.43607","GEOID99   ",
"CRMS0332-H01","2006","4/27/2006 10:00:00 AM","12/31/2006 11:00:00 PM","10.8254441573265","4.33065371270682","2.8","25.86","0.724720744304161","0.563926328487109","-1.35","2.38","-0.731279255317628","0.563926328701336","-2.806","0.924","23.4811622338092","7.23467445709953","3.88","36.61","42.92237","42.92237","GEOID99   ",
"CRMS0336-H01","2006","6/6/2006 12:00:00 PM","12/31/2006 11:00:00 PM","23.7352159082732","3.53104437390951","5.83","31.24","0.747571428058048","0.703354937768721","-0.78","2.57","-0.303928570232044","0.703696712627184","-1.84","1.52","25.1846342950562","7.16444054818746","-1.59","35.26","56.31279","4.79452","GEOID99   ",
"CRMS0337-H01","2006","5/11/2006 10:00:00 AM","12/31/2006 11:00:00 PM","23.5187632326921","2.79641328577379","11.97","29.78","0.821202792162257","0.644582940473114","-0.57","3.48","-0.210797208565028","0.644582941308052","-1.602","2.448","25.2522259713765","6.83042543675513","-1.61","38.23","62.57991","63.77854","GEOID99   ",
"CRMS0338-H01","2006","6/6/2006 3:00:00 PM","12/31/2006 11:00:00 PM","21.1897152554173","3.18780323132243","7.45","28.08","0.821752447843974","0.698930727146351","-0.9","3.48","-0.0932475521350562","0.698930726584639","-1.815","2.565","23.9598092980227","7.12880492469313","0.7","36.94","36.88356","45.46804","GEOID99   ",
"CRMS0345-H01","2006","11/8/2006 3:00:00 PM","12/31/2006 11:00:00 PM","30.8823164372505","3.89624379522264","19.62","38.46","0.0644652615770244","0.714950860627608","-1.53","1.98","-0.511534737585553","0.714950860097205","-2.106","1.404","14.9940827564743","4.35910330911604","1.87","26.65","9.018265","14.62329","GEOID99   ",
"CRMS0347-H01","2006","6/8/2006 4:00:00 PM","12/31/2006 11:00:00 PM","23.2572328706855","2.75192213417224","12.11","31.07","0.587631701710601","0.535011268569678","-0.33","2.97","0.0416317019906842","0.535011268744591","-0.876","2.424","24.7566081986276","7.37087138040118","-1.1","41.09","50","48.9726","GEOID99   ",
"CRMS0354-H01","2006","4/27/2006 2:00:00 PM","12/31/2006 11:00:00 PM","6.54230339289187","3.30818871319912","0.75","23.93","0.949916614853308","0.488407240291104","-0.09","3.1","-0.302324587894039","0.488602173798834","-1.34","1.85","26.8113166584062","9.84872860498174","-1.26","55","57.19178","56.13013","GEOID99   ",
"CRMS0355-W01","2006","5/3/2006 12:00:00 PM","12/31/2006 11:00:00 PM","","","","","1.24373024015902","0.352795021773676","0.7","3.57","0.0487302408662474","0.352795021336121","-0.495","2.375","24.3305175983963","4.41189936689725","12.74","29.89","0","66.43836","GEOID99   ",
"CRMS0367-H01","2006","6/28/2006 3:00:00 PM","12/31/2006 11:00:00 PM","0.533903966095049","0.406829857201426","0.2","3.79","1.05826490281815","0.414391627649431","-0.22","2.14","","","","","24.0855091588731","7.06707164834645","4.53","34.41","49.21233","49.21233","GEOID99   ",
"CRMS0367-M01","2006","6/28/2006 1:00:00 PM","12/31/2006 11:00:00 PM","0.457152435921589","0.118630423102578","0.24","1.16","1.05826490281815","0.414391627649431","-0.22","2.14","-0.258956191169534","0.220145788253107","-0.6","0.87","22.5091819426392","3.67434596682881","14.7","27.36","51.07306","49.21233","GEOID99   ",
"CRMS0371-H01","2006","11/7/2006 4:00:00 PM","12/31/2006 11:00:00 PM","0.323190183053079","0.089154503652045","0.2","0.73","0.62847392532426","0.433227958016141","-0.53","1.54","","","","","15.2652837392743","3.2997050708448","7.05","22.16","14.88584","14.88584","GEOID99   ",
"CRMS0371-M01","2006","11/7/2006 4:00:00 PM","12/31/2006 11:00:00 PM","1.63683281756618","0.305729148559194","1.04","2.16","0.62847392532426","0.433227958016141","-0.53","1.54","-0.0389493866852182","0.207663352365296","-0.35","0.55","17.0213190185512","1.77450538713853","14.31","21.2","14.88584","14.88584","GEOID99   ",
"CRMS0374-H01","2006","5/5/2006 9:00:00 AM","12/31/2006 11:00:00 PM","23.6738423609662","2.93072324746657","8.9","30.38","0.916327696368116","0.539011272355806","-0.1","3.25","-0.163672302438159","0.539011271157977","-1.18","2.17","24.354654266898","7.80070163985071","-2.62","38.49","41.56393","47.93379","GEOID99   ",
"CRMS0376-H01","2006","6/8/2006 12:00:00 PM","12/31/2006 11:00:00 PM","24.359345105433","3.20899333029658","11.45","30.44","0.767382722018357","0.721060904547028","-1.27","3.32","-0.0326172780557858","0.721060903974582","-2.07","2.52","24.2153669267381","7.13653074687394","5.51","35.7","49.15525","49.15525","GEOID99   ",
"CRMS0381-H01","2006","6/7/2006 3:00:00 PM","12/31/2006 11:00:00 PM","3.23656072107054","0.559130009299943","1.04","4.36","","","","","","","","","24.1738786191419","6.7748240373447","4.09","38.42","48.12785","0","GEOID99   ",
"CRMS0381-M01","2006","6/7/2006 1:00:00 PM","12/31/2006 11:00:00 PM","3.35686362129709","0.75893685809191","0.53","4.39","","","","","-0.387667142705921","0.278156317588738","-0.95","0.25","21.5569699438918","4.17852660565581","11.9","25.46","55.83333","0","GEOID99   ",
"CRMS0382-H01","2006","6/7/2006 10:00:00 AM","12/31/2006 11:00:00 PM","1.52368521753005","1.10537742682979","0.25","3.85","1.12332889160368","0.333587249708064","0.59","2.36","","","","","25.0278458905543","5.03749141111772","10.14","33.95","47.7968","51.40411","GEOID99   ",
"CRMS0382-M01","2006","6/7/2006 9:00:00 AM","12/31/2006 11:00:00 PM","3.94224764064878","0.801693393202248","1.75","5.06","1.12332889160368","0.333587249708064","0.59","2.36","0.175741520561704","0.201751381227628","-0.32","0.79","21.6540216705824","3.95960242094962","11.58","25.57","56.88356","51.40411","GEOID99   ",
"CRMS0383-H01","2006","6/6/2006 11:00:00 AM","12/31/2006 11:00:00 PM","20.4123924500697","1.9265117438584","12.61","25.84","1.13004387883689","0.70527335711302","-0.95","3.52","-0.184956119982977","0.705273357348956","-2.265","2.205","24.1861460822736","7.28146195146033","3.91","36.03","26.00456","49.42922","GEOID99   ",
"CRMS0386-H01","2006","5/9/2006 9:00:00 AM","12/31/2006 11:00:00 PM","17.3690901737928","4.56560318847423","5","27.82","1.05756028332118","0.468975292314957","-0.59","3.31","-0.156593718325008","0.46909948230225","-1.8","2.1","25.1682350564027","6.93613358383996","3.83","35.58","56.33562","56.33562","GEOID99   ",
"CRMS0387-H01","2006","5/9/2006 12:00:00 PM","12/31/2006 11:00:00 PM","20.2809058930784","4.34794597104308","2.68","28.71","0.814081776040551","0.492210156910769","-1.15","3.25","-0.487476206419397","0.492387503422822","-2.45","1.95","25.6763799799804","6.69133534051825","2.79","36.63","64.77169","64.77169","GEOID99   ",
"CRMS0390-H01","2006","6/12/2006 11:00:00 AM","12/31/2006 11:00:00 PM","12.1821831271482","2.466504781753","6.51","18.62","0.925672838239022","0.408139075459883","-0.12","2.77","-0.148925925586219","0.408279054587445","-1.2","1.7","24.5582962965769","7.03794132168021","1.73","35.41","55.47945","55.47945","GEOID99   ",
"CRMS0394-H01","2006","3/23/2006 3:00:00 PM","12/31/2006 11:00:00 PM","8.56897377799964","2.23429301232834","2.79","18.89","1.00919067600404","0.33853850694468","0","3.11","","","","","25.0119795618596","6.65928628753021","-1.86","38.04","64.8516","62.2032","GEOID99   ",
"CRMS0394-M01","2006","3/23/2006 4:00:00 PM","12/31/2006 11:00:00 PM","7.80874845675858","1.79449769533064","3.67","16.54","1.01778444153006","0.342327084490123","0.46","3.11","0.121942588698646","0.30726930643773","-0.58","2.21","23.8104777934372","4.58655650485364","6.97","33.21","74.06393","58.99543","GEOID99   ",
"CRMS0395-H01","2006","3/23/2006 11:00:00 AM","12/31/2006 11:00:00 PM","7.1687667632254","2.71956956908676","2","22.48","1.00969455409721","0.433988473911922","-0.39","3.21","","","","","25.3723871806396","6.31597407495463","3.31","35.95","77.47717","77.36301","GEOID99   ",
"CRMS0395-M01","2006","3/23/2006 1:00:00 PM","12/31/2006 11:00:00 PM","8.93168193875142","3.05768112388784","1.75","18.54","1.01992637929735","0.436382611916648","-0.39","3.21","0.194476059213832","0.290917709182504","-0.38","2.21","24.1302564027691","3.53125184424924","16.1","29.94","74.79452","74.42923","GEOID99   ",
"CRMS0396-H01","2006","3/28/2006 1:00:00 PM","12/31/2006 11:00:00 PM","9.74364861172497","3.47311002651145","3.23","25.65","0.951276562783775","0.446740764296891","-1.41","3.2","","","","","25.4569440224113","6.20853570986789","3.12","36.02","76.27853","76.27853","GEOID99   ",
"CRMS0396-M01","2006","3/28/2006 1:00:00 PM","12/31/2006 11:00:00 PM","11.4012256666273","2.28612655759393","6.82","21.16","0.951197782984562","0.446809564343889","-1.41","3.2","0.134918400731374","0.262444828477644","-0.41","2.06","22.5772972135478","2.47556925641324","15.85","26.91","76.27853","76.24429","GEOID99   ",
"CRMS0397-H01","2006","6/13/2006 4:00:00 PM","12/31/2006 11:00:00 PM","19.7176723833965","2.87342856272701","8.67","23.82","0.873308419914917","0.519165997558549","-0.35","2.99","-0.125199301945121","0.519226836833075","-1.34","1.99","23.9826661705352","6.96921693968638","-0.03","37.36","45.85616","45.82192","GEOID99   ",
"CRMS0398-W01","2006","12/12/2006 11:00:00 AM","12/31/2006 11:00:00 PM","","","","","1.154584218317","0.175521467711877","0.66","1.54","-0.299381661898038","0.175638763711402","-0.79","0.08","16.2259488136275","0.808777315863864","14.44","17.51","0","5.353881","GEOID99   ",
"CRMS0399-H01","2006","12/6/2006 12:00:00 PM","12/31/2006 11:00:00 PM","5.99802288042954","1.80223379617989","3.01","12.61","0.917532677841342","0.338952787245762","0.38","2.06","-0.693467321616957","0.338952789052457","-1.231","0.449","14.6803921667579","4.08383928253315","3.7","21.8","6.986301","6.986301","GEOID99   ",
"CRMS0400-H01","2006","2/17/2006 3:00:00 PM","12/31/2006 11:00:00 PM","11.3508387438032","7.35544478374348","0.41","23.85","1.26926987400052","0.336600130686477","0.13","2.3","0.0389289485206632","0.336936524098031","-1.1","1.07","25.7011455372352","5.91766041435673","6.41","37.44","75.67352","75.67352","GEOID99   ",
"CRMS0416-H01","2006","6/20/2006 12:00:00 PM","12/31/2006 11:00:00 PM","9.48362039232622","4.0438925374725","2.51","19.79","","","","","","","","","25.3716366452954","6.88800100581049","2.82","37.84","53.28767","0","GEOID99   ",
"CRMS0421-H01","2006","6/5/2006 4:00:00 PM","12/31/2006 11:00:00 PM","22.5835556594888","3.500228794961","11.64","31.65","0.712897622533878","0.697839908555754","-1.74","3.21","0.0128976235432649","0.697839908515989","-2.44","2.51","24.4681627072625","7.3991352275704","5.58","34.04","39.87443","49.95434","GEOID99   ",
"CRMS0434-H01","2006","2/17/2006 6:00:00 PM","12/31/2006 11:00:00 PM","9.45678702866292","4.90006112382886","0.84","26.85","1.05718283491652","0.509621102273257","-0.39","3.27","-0.303208954866271","0.509727869569736","-1.75","1.91","23.4099754599846","6.69342665189544","3.09","35.73","55.63927","55.06849","GEOID99   ",
"CRMS0461-H01","2006","11/14/2006 12:00:00 PM","12/31/2006 11:00:00 PM","0.208263159177282","0.0574659571335481","0.15","0.43","0.848860423036196","0.617858906767647","-0.56","2.37","-0.823139576285801","0.617858907054242","-2.232","0.698","12.1145965024045","2.2668105417653","5.18","18.2","13.0137","12.92237","GEOID99   ",
"CRMS0463-H01","2006","12/13/2006 3:00:00 PM","12/31/2006 11:00:00 PM","0.234172335185972","0.0411074783670101","0.15","0.34","0.795260771196716","0.692437717625528","-0.22","2.95","","","","","15.2846711736147","3.11973611436943","5.49","22.67","5.034246","5.034246","GEOID99   ",
"CRMS0463-M01","2006","12/13/2006 2:00:00 PM","12/31/2006 11:00:00 PM","0.688416292090222","0.0295656934220213","0.6","0.73","1.69548752816086","0.692155590569016","0.68","3.85","-0.129140270309211","0.286291769067331","-0.46","1.06","15.549570113825","0.580147801442914","14.48","16.5","5.045662","5.034246","GEOID99   ",
"CRMS0464-H01","2006","11/28/2006 12:00:00 PM","12/31/2006 11:00:00 PM","0.188519900590552","0.0261935188322807","0.09","0.25","0.759017412180072","0.660839235978957","-0.6","2.93","","","","","11.7544154266813","1.63519572429865","8.49","15.88","9.178082","9.178082","GEOID99   ",
"CRMS0464-M01","2006","11/28/2006 11:00:00 AM","12/31/2006 11:00:00 PM","","","","","","","","","","","","","","","","","0","0","GEOID99   ",
"CRMS0465-H01","2006","11/28/2006 3:00:00 PM","12/31/2006 11:00:00 PM","0.184769040822387","0.0128638174892391","0.16","0.21","0.866354556065913","0.636557101301132","-0.47","2.78","","","","","12.0853308232387","2.07766793391132","7.36","17.81","9.143835","9.143835","GEOID99   ",
"CRMS0465-M01","2006","11/28/2006 2:00:00 PM","12/31/2006 11:00:00 PM","1.07145884224304","0.0667919483005709","0.92","1.16","0.866354556065913","0.636557101301132","-0.47","2.78","-0.276072318187248","0.256057518247464","-0.62","0.79","15.0301246857108","0.845574504206171","13.46","16.56","9.155252","9.143835","GEOID99   ",
"CRMS0488-H01","2006","11/7/2006 2:00:00 PM","12/31/2006 11:00:00 PM","0.355068914295612","0.0432460994546974","0.23","0.43","1.76212863818062","0.231281084780339","1.43","2.41","0.232128635876075","0.231281092556307","-0.1","0.88","12.1918070509824","2.70919098199266","6.77","17.76","14.90868","14.90868","GEOID99   ",
"CRMS0489-H01","2006","6/6/2006 5:00:00 PM","12/31/2006 11:00:00 PM","1.36526422725253","1.00754341295602","0.18","5.55","1.26070650570579","0.547725545970369","0.55","4.25","-0.346520584306691","0.547920477641592","-1.06","2.64","23.5497919136465","7.2532802630994","-2.52","36.27","39.31507","42.97945","GEOID99   ",
"CRMS0494-H01","2006","11/8/2006 1:00:00 PM","12/31/2006 11:00:00 PM","1.40490311594474","0.773554278209879","-0.22","5.23","1.28258177234191","0.265031827964716","1.02","2.24","-0.205140186821885","0.268588215403809","-0.47","0.76","14.2717862785017","5.2486669043279","-2.84","24.34","13.55023","9.771689","GEOID99   ",
"CRMS0513-H01","2006","6/7/2006 11:00:00 AM","12/31/2006 11:00:00 PM","0.71319587532301","0.2421257232942","0.3","2.36","1.66593770542592","0.449119795968178","0.76","3.69","0.195937704617686","0.449119798099132","-0.71","2.22","20.7683527137554","5.73979676834328","7.51","27.6","52.04338","52.04338","GEOID99   ",
"CRMS0514-H01","2006","11/8/2006 3:00:00 PM","12/31/2006 11:00:00 PM","2.50750976061095","0.813429834754236","0.21","3.92","0.831038250952121","0.765855892516683","-0.16","2.75","-1.39896173918275","0.76585588257569","-2.39","0.52","14.6168540207601","4.97602541383247","0.95","26.43","14.62329","14.62329","GEOID99   ",
"CRMS0517-H01","2006","6/6/2006 2:00:00 PM","12/31/2006 11:00:00 PM","2.27650109986411","1.37222844556591","0.17","6.45","1.29761974573662","0.841579282719194","-1.14","4.73","-0.752380252947789","0.841579280551081","-3.19","2.68","26.481567754501","6.60767217161261","4.53","36.22","46.65525","46.71233","GEOID99   ",
"CRMS0543-H01","2006","6/7/2006 2:00:00 PM","12/31/2006 11:00:00 PM","0.474268383290928","0.301336388536865","0.13","2.38","0.97873502455387","0.673670489961222","-0.2","4.33","-0.972704567621051","0.673757328312582","-2.15","2.38","24.2475397058797","7.055772083385","-0.69","38.08","46.10731","56.22146","GEOID99   ",
"CRMS0544-H01","2006","11/7/2006 12:00:00 PM","12/31/2006 11:00:00 PM","1.92309632733328","0.216041028092343","1.03","2.36","0.62829510634053","0.869520835879297","-1.17","2.35","-0.740313455355653","0.869458129268166","-2.54","0.98","16.6832186628919","1.57525911897407","12.12","22.52","14.93151","14.93151","GEOID99   ",
"CRMS0549-H01","2006","6/29/2006 12:00:00 PM","12/31/2006 11:00:00 PM","4.54849478298908","1.64022533284066","0.27","8.59","1.96314631312331","0.483157724136726","1.45","5.02","-0.185346534741045","0.483166626001619","-0.7","2.87","22.3157653182879","7.48509810342214","-2.97","40.86","22.97945","20.75343","GEOID99   ",
"CRMS0581-H01","2006","6/8/2006 6:00:00 PM","12/31/2006 11:00:00 PM","20.821928926555","5.79484595020671","6.45","32.78","0.715917541178677","0.317188073295666","-0.19","1.8","0.292809216161812","0.317216438600544","-0.62","1.38","24.98813460436","7.24324726209437","2.74","36.89","56.22146","56.48402","GEOID99   ",
"CRMS0584-H01","2006","12/7/2006 4:00:00 PM","12/31/2006 11:00:00 PM","7.54433220012547","1.41140802829989","3.47","9.77","0.87056506858909","0.273714408371411","0.32","1.58","-0.379434930948439","0.273714407943128","-0.93","0.33","14.9427568540679","5.22419349383661","-0.47","24.21","6.666667","6.666667","GEOID99   ",
"CRMS0589-W01","2006","6/20/2006 12:00:00 PM","12/31/2006 11:00:00 PM","","","","","1.83491645268685","0.348057867633725","1.38","3.41","0.444916458038293","0.348057863193691","-0.01","2.02","23.3293986074386","5.64358160520504","8.67","29.74","0","32.11187","GEOID99   ",
"CRMS0590-H01","2006","6/28/2006 12:00:00 PM","12/31/2006 11:00:00 PM","0.755388292515164","0.438785106825691","0.07","1.7","1.35485981363682","0.492200732634469","0.63","2.81","0.619035787309781","0.492126986587678","-0.11","2.08","23.5920674138056","7.38611932291279","2.76","36.62","50.12557","50.07991","GEOID99   ",
"CRMS0599-H01","2006","11/14/2006 10:00:00 AM","12/31/2006 11:00:00 PM","14.2674760168665","5.91255320855465","2.92","27.52","1.08484088656068","0.304617456199845","0.8","1.89","-0.185159112210947","0.304617454780216","-0.47","0.62","14.9187740703911","5.35786891438306","-1.43","26.49","11.89498","11.8379","GEOID99   ",
"CRMS0605-H01","2006","3/23/2006 12:00:00 PM","12/31/2006 11:00:00 PM","7.93668777414936","3.65986556085988","2.01","17.78","1.19595934313519","0.392827847633123","0.65","2.34","0.0659593436076504","0.392827851831834","-0.48","1.21","24.8726922568712","6.45649363421465","3.65","37.24","72.10046","64.01826","GEOID99   ",
"CRMS0608-W01","2006","6/8/2006 12:00:00 PM","12/31/2006 11:00:00 PM","","","","","1.26318440596009","0.363597322403462","0.63","2.25","0.303184408789188","0.36359732292143","-0.33","1.29","22.8334730003109","4.11441600089477","11.31","27.01","0","50.07991","GEOID99   ",
"CRMS0610-W01","2006","6/8/2006 2:00:00 PM","12/31/2006 11:00:00 PM","","","","","1.73581271548112","0.243287226261234","1.31","3.78","0.505812710894869","0.243287225900923","0.08","2.55","23.2113853003559","5.8237142761987","7.91","30.51","0","47.05479","GEOID99   ",
"CRMS0615-H01","2006","6/20/2006 1:00:00 PM","12/31/2006 11:00:00 PM","14.8152899227994","3.89450771821179","5.98","24.68","1.01393961543597","0.406664183184259","0.47","2.17","0.0535198810332485","0.406638722788399","-0.49","1.21","23.9493379270619","7.30935069706556","2.7","55","46.26712","46.50685","GEOID99   ",
"CRMS0616-H01","2006","6/15/2006 2:00:00 PM","12/31/2006 11:00:00 PM","5.98135405023408","1.39425004477598","1.84","10.1","1.12823924003018","0.399402555944517","0.51","3.42","-0.121760758961784","0.399402555919561","-0.74","2.17","23.4977042335763","7.41855505063808","-2.79","39.15","51.42694","49.3379","GEOID99   ",
"CRMS0618-H01","2006","6/15/2006 12:00:00 PM","12/31/2006 11:00:00 PM","5.4704403840117","1.58004010178493","1.54","9.82","1.13161738400023","0.308975761782659","0.64","1.92","-0.298382614014951","0.308975761789131","-0.79","0.49","23.514972644777","8.28877447805149","-2.97","40.16","38.10502","32.04338","GEOID99   ",
"CRMS0624-H01","2006","11/9/2006 3:00:00 PM","12/31/2006 11:00:00 PM","2.72920445596404","0.823855426054206","0.86","4.53","1.12050119367211","0.350732607509362","0.69","1.94","0.400501192407349","0.350732607588567","-0.03","1.22","14.6072315088604","4.41478358975442","2.85","24.21","14.34931","14.34931","GEOID99   ",
"CRMS0630-H01","2006","12/7/2006 1:00:00 PM","12/31/2006 11:00:00 PM","6.49477002324197","0.441647628932368","5.4","6.97","1.59345826887394","0.0833541743898625","1.46","1.85","0.903458261713259","0.0833541668913779","0.77","1.16","14.7686371397119","4.13991931337228","6.2","20.88","6.700913","6.700913","GEOID99   ",
"CRMS0638-W01","2006","6/1/2006 3:00:00 PM","12/31/2006 11:00:00 PM","","","","","1.31151571815033","0.271146123287124","0.62","1.93","0.0691664729796445","0.271679990891366","-0.62","0.69","23.1731758130998","4.2459335450962","13.07","27.87","0","49.02968","GEOID99   ",
"CRMS0641-H01","2006","6/1/2006 10:00:00 AM","12/31/2006 11:00:00 PM","8.09600707486281","5.3098077408062","3.4","29.24","1.21280585218057","0.349633871229612","0.5","2.08","-0.015267121632379","0.349649124541187","-0.728","0.85","24.8430745256073","7.12785599238661","2.79","37.24","58.09361","58.50456","GEOID99   ",
"CRMS0660-H01","2006","4/26/2006 4:00:00 PM","12/31/2006 11:00:00 PM","7.57558175733701","2.84883536642745","3.89","13.77","1.17186956315455","0.41396394825633","0.58","2.69","-0.158274782650497","0.414071268722181","-0.75","1.36","24.8841156771731","6.95070627375357","-1.55","39.65","66.3242","65.63927","GEOID99   ",
"CRMS0669-H01","2006","3/8/2006 2:00:00 PM","12/31/2006 11:00:00 PM","10.5752978400561","5.08875499279735","3.69","23.48","","","","","","","","","24.3394937268394","6.59200556639273","1.67","38.19","75.89041","0","GEOID99   ",
"CRMS0672-W01","2006","3/22/2006 1:00:00 PM","12/31/2006 11:00:00 PM","12.9908809027675","2.80101423230415","6.02","18.58","1.04669034231058","0.396578680703293","0.47","2.22","-0.0373346863020606","0.396450887957571","-0.61","1.13","21.8387633543748","3.60863568372629","10.39","26.5","59.22375","67.5","GEOID99   ",
"CRMS0685-H01","2006","3/10/2006 1:00:00 PM","12/31/2006 11:00:00 PM","17.8758437367503","5.87329207184225","2.43","29.79","0.957578800482515","0.499581212511208","-0.08","3.88","-0.472811222831321","0.499644595486536","-1.51","2.45","23.9495010974074","6.71622967911221","1.64","38.83","65.89041","65.91324","GEOID99   ",
"CRMS0694-H01","2006","3/10/2006 4:00:00 PM","12/31/2006 11:00:00 PM","7.21515608376296","1.56584536605284","4.35","11.43","1.60631216638303","0.244585177597881","1.05","2.77","0.766312167241617","0.244585175299687","0.21","1.93","24.089533785032","6.7350835728103","5.21","42.34","43.15068","43.15068","GEOID99   ",
"CRMS0978-H01","2006","5/11/2006 2:00:00 PM","12/31/2006 11:00:00 PM","23.1879367160855","3.75323110282801","11.69","29.33","0.885983999047346","0.479142410582875","-0.88","3.16","-0.0760160001529588","0.479142410636705","-1.842","2.198","25.5951608880361","6.67467405384845","3.43","35.87","56.26712","64.21233","GEOID99   ",
"CRMS1446-H01","2006","6/28/2006 1:00:00 PM","12/31/2006 11:00:00 PM","1.29575981833584","0.500703815095297","0.32","2.54","1.32735570169135","0.449982404397197","0.63","2.67","0.303315436707964","0.449863376113705","-0.4","1.64","23.9711893388896","7.44197303659206","2.25","39.43","50.85617","51.0274","GEOID99   ",
"CRMS2156-H01","2006","3/8/2006 4:00:00 PM","12/31/2006 11:00:00 PM","8.23673988499474","2.86470769097953","4.68","14.13","","","","","","","","","24.5857250584374","6.35548138632238","1.61","37.09","81.58676","0","GEOID99   ",
"CRMS2334-H01","2006","6/1/2006 1:00:00 PM","12/31/2006 11:00:00 PM","8.50790911077864","5.98465845801535","3.12","28.24","1.42818525511004","0.234761561215494","0.83","1.97","0.278185254515242","0.23476156052991","-0.32","0.82","25.7837100608793","7.40980364590226","2.9","37.34","48.48174","48.3105","GEOID99   ",
"CRMS2785-H01","2006","11/7/2006 1:00:00 PM","12/31/2006 11:00:00 PM","0.304789594353933","0.082677333307391","0.17","0.57","0.906503442434028","0.393987859374932","-0.15","1.65","","","","","14.8404896866755","3.34819972462293","6.59","21.49","14.92009","14.92009","GEOID99   ",
"CRMS2785-M01","2006","11/7/2006 1:00:00 PM","12/31/2006 11:00:00 PM","2.75146137482352","0.314528647461768","1.75","3","0.906503442434028","0.393987859374932","-0.15","1.65","-0.00276205028737193","0.119632953728109","-0.15","0.31","16.5728385373665","1.73924650127248","13.96","19.91","14.92009","14.92009","GEOID99   ",
"CRMS3565-W01","2006","6/21/2006 12:00:00 PM","12/31/2006 11:00:00 PM","","","","","0.924213649051008","0.361661984212063","0.31","2.76","-0.170939663238394","0.361714630138716","-0.78","1.66","","","","","0","34.62329","GEOID99   ",
"CRMS4455-H01","2006","5/12/2006 10:00:00 AM","12/31/2006 11:00:00 PM","14.0142447921041","3.2079334192903","3.29","24.89","0.933725214763452","0.489711763026771","0.06","3.15","-0.174274784383183","0.489711762588418","-1.048","2.042","24.8703603169831","6.69341579784493","-1.66","37.16","58.57306","56.99771","GEOID99   ",
"CRMS4690-H01","2006","6/6/2006 12:00:00 PM","12/31/2006 11:00:00 PM","13.4257550215147","3.79804087884708","2.05","25.82","0.80462127269413","0.476428040548181","-0.62","2.97","-0.155793714710781","0.476575146732984","-1.58","2.01","25.0942483095647","7.36689743592532","-0.13","36.9","56.84931","56.66667","GEOID99   ",
"CRMS4900-H01","2006","11/14/2006 1:00:00 PM","12/31/2006 11:00:00 PM","0.175952591780406","0.0121444679871482","0.15","0.21","1.32275680256345","0.47556787350621","0.1","2.69","-0.657243195088798","0.475567872432112","-1.88","0.71","11.6980772537553","1.54190873150759","9.27","16.13","13.00228","13.00228","GEOID99   ",
"CS02-05","2006","1/1/2006 12:00:00 AM","12/31/2006 11:00:00 PM","15.4147079451698","7.93543080993196","4.28","36.2","1.35831452540433","0.452705190281797","0.66","2.43","","","","","22.9650282274685","4.71711111266807","9.18","34.54","29.12101","32.37443","GEOID99   ",
"CS20-03","2006","1/1/2006 12:00:00 AM","12/31/2006 11:00:00 PM","19.7048814037491","5.87358867161618","8.2","31.24","0.879070294901171","0.406658538892755","0.16","2.2","-0.631507075984861","0.406888457493103","-1.35","0.69","23.1784312758236","6.3501934831234","3.64","35.07","94.80594","95.15982","GEOID99   ",
"CS20-07","2006","1/1/2006 12:00:00 AM","12/31/2006 11:00:00 PM","17.847910759083","3.10952987859081","10.31","27.28","0.759352679724716","0.401533674576858","0.12","1.59","","","","","22.6908057176867","6.57742559723644","3.22","34.68","97.47717","15.34247","GEOID99   ",
"CS20-09","2006","1/1/2006 12:00:00 AM","12/31/2006 11:00:00 PM","20.3907087168582","4.76488417209741","6.22","34.77","1.44082191716746","0.44329643441919","0.8","2.75","0.190293541368867","0.443742221207668","-0.45","1.5","22.3123727927701","6.88472982501297","2.96","37.14","90.84475","17.5","GEOID99   ",
"CS20-106","2006","1/1/2006 12:00:00 AM","12/31/2006 11:00:00 PM","18.2246860485444","4.27400300875933","5.71","27.68","1.17631944494717","0.418931378529762","0.54","1.93","-0.0942234847344214","0.41938140211887","-0.74","0.66","21.7464516124967","7.07035706208519","3.66","33.98","95.44521","18.08219","GEOID99   ",
"CS20-14R","2006","1/1/2006 12:00:00 AM","12/31/2006 11:00:00 PM","22.8699150897293","5.68065148486907","2.93","35.42","1.62426260732412","0.526710461110607","-0.07","2.47","0.344304471559376","0.526734521748409","-1.35","1.186","23.045876050219","7.08368970899596","0.5","37.01","92.76256","11.99772","GEOID99   ",
"CS20-15R","2006","1/1/2006 12:00:00 AM","12/31/2006 11:00:00 PM","17.9240400372743","4.10391541661635","3.99","25.58","1.01866841629459","0.574999238585182","-0.5","3.66","-0.261767941624649","0.575178698756469","-1.78","2.38","21.8259664369421","5.92942747847211","5.87","50","80.98174","91.30137","GEOID99   ",
"CS20-17","2006","1/1/2006 12:00:00 AM","12/31/2006 11:00:00 PM","18.203576960736","4.34318260536444","0","28.4","2.04637003257852","0.406504380403762","1.42","2.79","1.23637003866567","0.406504387299805","0.61","1.98","22.8089813907846","6.95003546072317","3.88","35.57","97.30594","17.83105","GEOID99   ",
"CS23-01R","2006","1/1/2006 12:00:00 AM","12/31/2006 11:00:00 PM","17.449745885801","4.85681499510529","4.81","30.47","1.02666812596102","0.621423829653833","-0.67","3.94","-0.433673602720439","0.621416049992553","-2.13","2.48","23.2492398751918","6.74611536301893","3.75","37.46","52.11187","52.11187","GEOID99   ",
"CS23-03","2006","1/1/2006 12:00:00 AM","12/31/2006 11:00:00 PM","9.06129449976915","3.89948921897022","3.8","21.7","1.00420361531679","0.626483109530934","-0.37","2.13","-0.398144761500052","0.648039174882575","-1.83","0.74","23.641517180528","6.10902125337186","5.38","34.42","57.40868","57.40868","GEOID99   ",
"CS23-05","2006","1/1/2006 12:00:00 AM","12/31/2006 11:00:00 PM","7.70436503662389","2.6593933672667","1.16","17.7","1.04918636549561","0.460554168650161","0.38","2.16","-0.389123144230348","0.449340364982416","-1.03","0.7","21.6778669539489","6.15370685144531","2.52","35.53","41.52968","41.52968","GEOID99   ",
"CS27-25","2006","1/1/2006 12:00:00 AM","12/31/2006 11:00:00 PM","6.28822849557655","2.34948093737628","1.12","15.98","1.01232978678363","0.473343274246878","-0.37","3.09","","","","","22.8796336895662","7.07716651254518","4.4","36.22","86.92923","96.57534","GEOID99   ",
"CS31-01","2006","1/1/2006 12:00:00 AM","12/31/2006 11:00:00 PM","6.64129058316956","3.7756255843885","0.67","16.56","1.39207056315736","0.395212320973043","0.2","2.44","","","","","22.9423130501186","6.78442608300283","4.58","35.64","99.86301","96.09589","GEOID99   ",
"CS31-02","2006","1/1/2006 12:00:00 AM","12/31/2006 11:00:00 PM","7.83823886861455","4.44837108733002","0.88","16.5","1.46235347983089","0.354112996049315","0.66","2.41","","","","","22.9779513647285","6.92753484052048","3.31","36.41","99.69178","99.9201","GEOID99   ",
"CS31-03","2006","1/1/2006 12:00:00 AM","12/31/2006 11:00:00 PM","5.37841068108877","4.24623532640978","0.31","16.28","1.40658111550412","0.276574441304918","0.82","2.15","","","","","25.2790543221459","5.70945473473167","4.58","35.56","61.98631","62.27169","GEOID99   ",
"DCPTE03","2006","1/1/2006 12:00:00 AM","12/31/2006 11:45:00 PM","6.31037104951481","6.17882752611155","0.2","28.4","","","","","","","","","23.402835888151","6.50049782751594","8.3","33.9","100","0","",
"ME04-06","2006","1/1/2006 12:00:00 AM","9/26/2006 10:00:00 AM","5.61205681700471","1.3127892312422","2.16","9.9","0.972742936285649","0.405629733286781","-0.48","2.63","-0.460971747272038","0.40587421586242","-1.91","1.2","24.7157420103907","6.40939198559686","7.33","35.4","73.53881","73.53881","GEOID99   ",
"ME04-143R","2006","1/1/2006 12:00:00 AM","9/26/2006 1:00:00 PM","5.0548180195214","1.11018215091713","2.41","13.86","0.545890190645629","0.281712862318979","-0.3","1.22","-0.0605474391823276","0.281894519554079","-0.9","0.61","24.3482342349163","7.50360154869417","-2.94","37.31","69.94292","71.10731","",
"ME04-26R","2006","1/1/2006 12:00:00 AM","9/26/2006 11:00:00 AM","6.91962733614047","1.26700024379292","4.2","10.24","0.830986410736253","0.587847797797084","-0.57","2.88","","","","","24.9122245764519","6.38741532631306","6.75","36.87","70.1484","68.04794","GEOID99   ",
"ME04-29","2006","1/1/2006 12:00:00 AM","9/26/2006 11:00:00 AM","7.31816536888025","0.937121950712049","4.99","9.51","0.915865958543298","0.295649785891382","-0.1","1.79","0.0608138143191467","0.295803389321033","-0.96","0.94","25.7911585607915","6.06434831914828","8.61","36.15","63.09361","66.76941","GEOID99   ",
"ME04-43R","2006","1/1/2006 12:00:00 AM","9/26/2006 12:00:00 PM","6.85393450237311","1.3348945408912","3.06","11.06","1.11009960943868","0.533572264811019","-0.01","3.06","","","","","23.4851932855538","7.52717354741191","0.66","36.93","71.46119","52.71689","GEOID99   ",
"ME11-01R","2006","1/1/2006 12:00:00 AM","12/31/2006 11:00:00 PM","6.45078042773863","7.05233741842226","0.09","24.63","0.837553494553207","0.57641134262934","-1.45","3.39","-0.192446504651799","0.57641134182021","-2.48","2.36","23.2412797031294","6.55782835958474","8.26","35.74","95.6621","96.0274","GEOID99   ",
"ME16-06","2006","1/1/2006 12:00:00 AM","12/31/2006 11:00:00 PM","15.110722571945","6.17580439318929","3.35","34.83","0.971984732541371","0.431640034753076","0","3.54","-0.288427079034698","0.431852102840569","-1.26","2.28","23.8281759831017","7.63601497338062","-0.56","39.06","56.08447","56.82648","GEOID99   ",
"PO24-01","2006","1/1/2006 12:00:00 AM","12/31/2006 11:00:00 PM","15.2044746460246","3.00706533599287","6.37","25.07","0.108225216923342","0.464789755376343","-2.3","1.54","-0.612124257097714","0.46458707732055","-3.02","0.82","23.1160335719395","6.83211734679038","4.36","35.88","99.95434","99.95434","GEOID99   ",
"PO24-02","2006","1/1/2006 12:00:00 AM","12/31/2006 11:00:00 PM","15.6091748808","3.23743370742003","6.05","27.95","0.600415841123359","0.690886504238598","-1.05","2.93","","","","","23.0692177647064","6.85896689150957","4.38","35.31","99.61187","98.00228","GEOID99   ",
"PO24-03","2006","1/1/2006 12:00:00 AM","12/31/2006 11:00:00 PM","13.5473413585015","3.32291323849405","4.76","22.82","0.613139154005783","0.421538375253275","-0.32","1.84","0.0431391544887304","0.421538374906729","-0.89","1.27","23.1512858235184","6.88486177885753","2.38","37.01","98.58447","94.258","GEOID99   ",
"PO24-04","2006","1/1/2006 12:00:00 AM","12/31/2006 11:00:00 PM","12.9342378092436","3.31647079714854","4.07","23.41","0.653992035183286","0.527383950429413","-0.27","3.07","","","","","23.0505277030812","6.93262986628636","0.57","34.99","96.00456","91.73516","GEOID99   ",
"PO24-05","2006","1/1/2006 12:00:00 AM","12/31/2006 11:00:00 PM","15.2987831626479","2.63474638437227","7.18","20.4","0.186919150866889","0.415154706999293","-0.83","1.46","-0.353080848761256","0.415154706803941","-1.37","0.92","23.224144113626","6.80254984765472","3.85","35.4","99.81735","98.41324","GEOID99   ",
"SWMP0012","2006","1/1/2006 12:00:00 AM","12/31/2006 11:00:00 PM","18.3250735336075","4.07565465513898","3","28.6","","","","","","","","","23.1077337843601","6.61089145886689","7.4","33.6","93.15069","0","",
"SWMP0013","2006","1/1/2006 12:00:00 AM","12/31/2006 11:00:00 PM","17.5979107348447","4.58974939704341","2.6","28.5","","","","","","","","","23.3416599963324","6.47788486521268","6.4","33.7","99.98859","0","",
"TE26-01R","2006","1/1/2006 12:00:00 AM","12/31/2006 11:00:00 PM","5.05422660467178","3.47142654759652","0.3","23.02","0.59844224870454","0.686501129737682","-1.51","3.18","-1.50027963509047","0.686199055375002","-3.61","1.08","24.889718512332","6.23003680244463","8.64","37.06","82.21461","75.11415","GEOID99   ",
"TE26-02R","2006","1/1/2006 12:00:00 AM","12/31/2006 11:00:00 PM","13.219479213721","4.58355511162153","0.75","25.9","0.500376387838599","0.63013570451553","-0.98","2.9","-1.1422255969105","0.630068709789275","-2.62","1.26","23.4540139337483","6.51748769088923","4.33","35.76","99.95434","97.65982","GEOID99   ",
"TE26-03","2006","1/1/2006 12:00:00 AM","12/31/2006 11:00:00 PM","12.454633392186","4.61597904465203","1.25","25.27","0.447779809904685","0.675551936410598","-1.87","2.96","-1.02981364972484","0.675381386689172","-3.35","1.48","23.3147825042003","7.10920319760402","3.03","37.46","99.95434","99.85159","GEOID99   ",
"TE26-05","2006","1/1/2006 12:00:00 AM","12/31/2006 11:00:00 PM","11.1810981455038","3.50832239256595","2.97","23.27","0.512203950857991","0.551904285306072","-1.61","2.94","-0.600395111755929","0.55192555361195","-2.72","1.82","23.2874780266045","7.09521448295926","2.66","36.62","90.95891","99.96575","GEOID99   ",
"TE28-01","2006","1/1/2006 12:00:00 AM","12/31/2006 11:00:00 PM","4.95376154837941","1.77838483076395","1.62","12.25","0.920390875138377","0.461694166792122","-0.68","3.04","0","0","0","0","22.8842402320301","5.65089494062034","9.71","30.41","27.19178","96.08447","GEOID99   ",
"TE28-02","2006","1/1/2006 12:00:00 AM","12/31/2006 11:00:00 PM","2.60135823999587","0.953817047491409","0.72","7.16","1.21509826781264","0.352562227723441","0.06","2.94","","","","","24.792545774539","6.64595392901743","4.34","37.26","85.55936","68.53882","GEOID99   ",
"TE28-03","2006","1/1/2006 12:00:00 AM","12/31/2006 11:00:00 PM","2.69770011806485","2.5447284132034","0.12","20.37","1.06716451883892","0.349824732749537","0.46","3.12","","","","","23.6751227405793","6.53810571395617","2.36","36.04","97.83105","85.0685","GEOID99   ",
"TE28-07R","2006","1/1/2006 12:00:00 AM","12/31/2006 11:00:00 PM","0.665171205313097","1.22381924204657","0.17","12.83","1.20228818435219","0.358844602290039","-0.24","2.78","0","0","0","0","23.798609316147","6.6192620622561","7.39","35.38","97.68265","97.68265","GEOID99   ",
"TE28-218","2006","1/1/2006 12:00:00 AM","12/31/2006 11:00:00 PM","4.84839035096183","0.761853580396293","2.54","6.5","1.22206187349507","0.356311922489944","0.06","2.94","0.192086069734566","0.29033224499934","-0.59","1.07","22.3534840756185","2.8604921804724","16.76","27.27","87.08904","66.05022","GEOID99   ",
"TV04-03","2006","1/1/2006 12:00:00 AM","10/11/2006 10:00:00 AM","0.679819056413559","0.431271741295977","0.23","2.66","0.72220567991062","0.799494608001999","-2.55","3.6","-0.568408152983156","0.799477267382068","-3.84","2.31","24.4202908738949","6.18375186272655","6.41","34.78","49.84018","49.84018","GEOID99   ",
"TV04-04R","2006","1/1/2006 12:00:00 AM","12/31/2006 11:00:00 PM","0.517748353909514","0.383238561031395","0.17","3.83","1.08748783275454","0.830467162093819","-1.26","4.54","-0.463103349035035","0.830557308148582","-2.81","2.99","22.6389751000217","6.27523679871344","6.21","35.36","79.74886","79.74886","GEOID99   ",
"TV04-22","2006","1/1/2006 12:00:00 AM","12/31/2006 11:00:00 PM","1.57555454400368","0.852509135351675","0.04","4.35","1.17114939471142","0.88579961970229","-2.14","4.7","-0.159223767768332","0.885969369672639","-3.47","3.37","22.4147796098905","6.64601948526818","1.79","35.53","87.7968","87.7968","GEOID99   ",
"TV14-01","2006","1/1/2006 12:00:00 AM","12/31/2006 11:00:00 PM","8.02038078995144","3.0281848923352","2.86","16.31","0.684315122739809","0.744791491056587","-1.47","4.07","-0.675991028528007","0.744862177985367","-2.832","2.71","22.703762975971","6.7326339464122","3.37","34.42","99.82877","99.258","GEOID99   ",
"TV14-03R","2006","1/1/2006 12:00:00 AM","12/31/2006 11:00:00 PM","8.23417705564398","3.46620605555337","2.66","20.2","0.925263279242728","0.84489498114475","-1.74","4.28","-0.3651556482389","0.844937683925776","-3.03","2.99","23.0672400676182","7.30479715097794","1.42","38.07","98.90411","98.42465","GEOID99   ",
"TV14-04R","2006","1/1/2006 12:00:00 AM","12/31/2006 11:00:00 PM","7.54072554159872","2.47562625866435","2.91","15.18","0.524820816437119","0.820137084546935","-2.03","3.96","-0.675619893508693","0.820087527200455","-3.231","2.76","21.9882857785861","7.15129355745372","-0.21","34.79","75.3653","86.64383","GEOID99   ",
"TV14-23","2006","1/1/2006 12:00:00 AM","12/31/2006 11:00:00 PM","7.81219743611927","3.04126768230618","2.55","17.4","0.723455415596101","0.809612684967606","-1.56","4.16","-0.587037940948512","0.809624454757019","-2.87","2.85","22.6218616771195","7.41359739614133","-0.39","37.42","84.41781","95.37671","GEOID99   ",
