"Station_id","year","min_date","max_date","avg_salinity (ppt)","std_deviation_salinity (ppt)","min_salinity (ppt)","max_salinity (ppt)","avg_adj_water_elev_datum(ft)","std_deviation_adj_water_elev_datum(ft)","min_adj_water_elev_datum(ft)","max_adj_water_elev_datum(ft)","avg_adj_water_elev_to_marsh(ft)","std_deviation_adj_water_elev_to_marsh (ft)","min_adj_water_elev_to_marsh(ft)","max_adj_water_elev_to_marsh(ft)","avg_water_temperature (C DegC)","std_deviation_water_temperature (C DegC)","min_temperature (C DegC)","max_temperature (C DegC)","percent_salinity_complete","percent_water_level_complete","GEOID",
"BA0066-05P-RT","2020","1/1/2020 12:00:00 AM","2/18/2020 5:45:00 AM","","","","","","","","","","","","","","","","","0","0","",
"BA0066-06F-RT","2020","1/1/2020 12:00:00 AM","2/18/2020 5:45:00 AM","","","","","","","","","","","","","","","","","0","0","",
"BA0066-06P-RT","2020","1/1/2020 12:00:00 AM","2/18/2020 5:30:00 AM","","","","","","","","","","","","","","","","","0","0","",
"BA0066-07F-RT","2020","1/1/2020 12:00:00 AM","2/18/2020 5:15:00 AM","","","","","","","","","","","","","","","","","0","0","",
"BA0066-07P-RT","2020","1/1/2020 12:00:00 AM","2/18/2020 5:15:00 AM","","","","","","","","","","","","","","","","","0","0","",
"BA0066-08P-RT","2020","1/1/2020 12:00:00 AM","2/18/2020 5:15:00 AM","","","","","","","","","","","","","","","","","0","0","",
"BA0066-10F-RT","2020","1/1/2020 12:00:00 AM","2/18/2020 5:15:00 AM","","","","","","","","","","","","","","","","","0","0","",
"BA0066-10P-RT","2020","1/1/2020 12:00:00 AM","2/18/2020 5:15:00 AM","","","","","","","","","","","","","","","","","0","0","",
"CRMS0061-H01","2020","1/1/2020 12:00:00 AM","2/18/2020 5:00:00 AM","","","","","","","","","","","","","","","","","0","0","GEOID12A  ",
"CRMS0178-H01","2020","1/1/2020 12:00:00 AM","1/15/2020 1:00:00 PM","17.4860000147138","2.00609480866917","13.5","22.4","0.514228570887021","0.596424738832167","-0.9","2.21","-0.264031428424309","0.596085351374547","-1.676","1.428","16.9211429105486","1.44129001022137","14.5","21.7","3.995434","3.995434","GEOID12A  ",
"CRMS0206-H01","2020","1/1/2020 12:00:00 AM","1/29/2020 2:00:00 PM","0.100000001490116","1.16039198444443E-08","0.1","0.1","0.600582242424138","0.265754791477533","0.02","0.98","0.468113537589047","0.265419314972919","-0.112","0.849","15.4765647877078","2.84226549862","10.2","20.9","7.842465","7.842465","GEOID12A  ",
"CRMS0217-H01","2020","1/1/2020 12:00:00 AM","1/29/2020 11:00:00 AM","0.0704678373073625","0.0456521050146552","0","0.1","0.460862571585989","0.318818718066811","-0.79","0.75","0.820751461619103","0.31852301915028","-0.429","1.109","15.0789473586612","3.1164694872819","8.4","21.2","7.808219","7.808219","GEOID12A  ",
"CRMS0268-H01","2020","1/1/2020 12:00:00 AM","1/29/2020 1:00:00 PM","0.100000001490116","1.166808199004E-08","0.1","0.1","0.770218657161335","0.238491813982292","0.29","1.09","","","","","15.6032070084842","2.6292106626751","10.7","20.5","7.83105","7.83105","GEOID12A  ",
"CRMS0282-H01","2020","1/1/2020 12:00:00 AM","1/31/2020 3:00:00 PM","","","","","","","","","","","","","","","","","0","0","GEOID12A  ",
"CRMS0290-H01","2020","1/1/2020 12:00:00 AM","1/28/2020 12:00:00 PM","0.344024214008753","0.0621446931630687","0.2","0.4","1.00157337172489","0.233584595323575","0.26","1.39","","","","","14.6464447881378","1.84003627080974","12.1","18.9","7.545662","7.545662","GEOID12A  ",
"CRMS0293-H01","2020","1/1/2020 12:00:00 AM","1/7/2020 10:00:00 AM","4.07225806636195","1.17895703031959","2","6","0.164064517400918","0.47991570911914","-0.98","0.99","-0.508483871255791","0.479884138221536","-1.656","0.319","15.4638709960445","1.9175838511156","10.8","20.1","1.769406","1.769406","GEOID12A  ",
"CRMS0294-H01","2020","1/1/2020 12:00:00 AM","1/22/2020 10:00:00 AM","0.203883498473075","0.0193389309215475","0.2","0.3","0.747941746266143","0.237959132369245","0.17","1.29","","","","","16.2751456232904","2.50480545734916","9.6","20.7","5.878995","5.878995","GEOID12A  ",
"CRMS0296-H01","2020","1/1/2020 12:00:00 AM","1/22/2020 11:00:00 AM","0.200387599914111","0.00621968128654353","0.2","0.3","0.56372092969629","0.241456968266999","-0.07","1.16","","","","","16.5846898980843","2.56717479215046","10","21.4","5.890411","5.890411","GEOID12A  ",
"CRMS0302-H01","2020","1/1/2020 12:00:00 AM","1/8/2020 10:00:00 AM","15.6977653663252","2.49160285716819","11.6","20.9","-0.0761452504647011","0.636001553273235","-1.55","1.17","-0.409033518230579","0.635735719611607","-1.879","0.841","15.9458100462759","1.48816366751153","11.7","18.8","2.043379","2.043379","GEOID12A  ",
"CRMS0303-H01","2020","1/1/2020 12:00:00 AM","1/22/2020 11:00:00 AM","7.21531009350636","1.94646259689949","3","15.8","0.131763565913565","0.748877858767838","-1.77","2.19","-0.580310077687126","0.748501117035359","-2.478","1.48","16.9160852986713","3.45072852918291","7.6","23.5","5.890411","5.890411","GEOID12A  ",
"CRMS0305-H01","2020","1/1/2020 12:00:00 AM","1/22/2020 10:00:00 AM","0.254757288185138","0.0656580702696383","0.2","0.5","0.329533980081527","0.750517705198902","-1.59","2.41","-0.643689318807136","0.750152756233396","-2.566","1.434","15.5209708343432","3.27365779743701","7","22.3","5.878995","5.878995","GEOID12A  ",
"CRMS0307-H01","2020","1/1/2020 12:00:00 AM","1/8/2020 1:00:00 PM","7.44395606072394","0.784688999499866","5.7","8.9","0.0552747260144615","0.581971007656088","-1.33","1.16","-0.300703298136116","0.581442130519462","-1.683","0.802","16.4071428225591","1.63085021013709","12.4","20.5","2.077626","2.077626","GEOID12A  ",
"CRMS0309-H01","2020","1/1/2020 12:00:00 AM","1/7/2020 11:00:00 AM","2.43782050792988","0.771286548422857","1.5","4.1","0.11641025579033","0.570919968090811","-1.16","1.15","-0.473243587654836","0.570522648456062","-1.754","0.56","15.7506410708794","1.13168432712517","14","18.1","1.780822","1.780822","GEOID12A  ",
"CRMS0311-H01","2020","1/1/2020 12:00:00 AM","1/8/2020 12:00:00 PM","11.2154696079907","1.75207284678287","8.3","14.4","0.0353038654101817","0.56902503530985","-1.32","1.15","-0.306000000566954","0.568565124498437","-1.665","0.809","16.4381216007043","2.02235699405894","12","20.3","2.06621","2.06621","GEOID12A  ",
"CRMS0315-H01","2020","1/1/2020 12:00:00 AM","1/24/2020 12:00:00 PM","9.42176992787724","1.00835359575584","7.3","11.3","0.223469025806516","0.808349602162527","-1.84","2.89","-0.336619469249802","0.808437596906538","-2.4","2.33","16.284247762967","3.65187935955223","7.5","24","6.449772","6.449772","GEOID12A  ",
"CRMS0322-H01","2020","1/1/2020 12:00:00 AM","1/22/2020 12:00:00 PM","8.41063828625116","1.06755489009384","6.1","14.3","0.101431335554939","0.650722824431485","-1.57","1.79","-0.215961316132304","0.650457395279698","-1.885","1.472","16.957059972752","3.69230466812909","6.2","24.4","5.901826","5.901826","GEOID12A  ",
"CRMS0324-H01","2020","1/1/2020 12:00:00 AM","1/30/2020 1:00:00 PM","0.163239439052175","0.0482493135209177","0.1","0.2","1.77201408349292","0.176660838263781","1.18","2.08","0.657495774727472","0.176586914514055","0.067","0.964","14.7787323897993","1.42670916158298","12.9","18","8.105022","8.105022","GEOID12A  ",
"CRMS0326-H01","2020","1/1/2020 12:00:00 AM","1/8/2020 12:00:00 PM","5.19447512652993","0.590548134827736","4","6.6","0.0953591157121388","0.555161147112472","-1.1","1.04","-0.466651932377553","0.55531131819012","-1.658","0.479","16.5066298911585","2.09031106681574","11.9","20.6","2.06621","2.06621","GEOID12A  ",
"CRMS0327-H01","2020","1/1/2020 12:00:00 AM","1/28/2020 11:00:00 AM","0.176363639081969","0.0452823343721943","0.1","0.3","0.724515150112072","0.297944258868445","-0.13","1.49","","","","","12.8946969899264","1.72223320478851","9.9","18.1","7.534247","7.534247","GEOID12A  ",
"CRMS0331-H01","2020","1/1/2020 12:00:00 AM","1/24/2020 10:00:00 AM","0.100177621386191","0.00421449758242152","0.1","0.2","0.633481349438746","0.328891638613893","-0.02","1.31","","","","","15.7527531256261","1.94857518090254","11.6","20.7","6.426941","6.426941","GEOID12A  ",
"CRMS0332-H01","2020","1/1/2020 12:00:00 AM","1/8/2020 11:00:00 AM","2.15166666772631","1.02774227401088","1","6.2","-0.00405555593056811","0.57384296569329","-1.41","0.97","-0.683472222583239","0.573536644415425","-2.088","0.292","16.1261111577352","1.01499173303509","14","18.1","2.054795","2.054795","GEOID12A  ",
"CRMS0335-H01","2020","1/1/2020 12:00:00 AM","1/7/2020 10:00:00 AM","15.7105960403847","0.750657658310857","14.5","17.4","","","","","","","","","15.961589434289","1.31968994130695","12.3","18","1.723744","0","GEOID12A  ",
"CRMS0336-H01","2020","1/1/2020 12:00:00 AM","1/24/2020 11:00:00 AM","15.8710992911183","0.966213360032214","13.4","18.6","0.12829787386185","0.734781374789644","-1.97","2.33","-0.182872339812312","0.734663379188075","-2.28","2.01","16.4069149105261","3.57302479918935","8.1","23.6","6.438356","6.438356","GEOID12A  ",
"CRMS0337-H01","2020","1/1/2020 12:00:00 AM","1/24/2020 10:00:00 AM","15.500368323774","1.37135961587382","6.5","18.8","0.251731124677409","0.689456136799055","-1.31","2.39","-0.0183241260589596","0.689377190196392","-1.58","2.12","16.5988950132226","3.25834703482461","8.9","23.2","6.19863","6.19863","GEOID12A  ",
"CRMS0338-H01","2020","1/1/2020 12:00:00 AM","1/24/2020 12:00:00 PM","16.6355730874736","2.35061384539235","7.3","19.7","0.286327683389636","0.666191568843651","-1.1","2.47","0.298361582172905","0.666271342107384","-1.09","2.48","16.9768774848682","3.59634563096794","7.4","24.8","5.776256","6.061644","GEOID12A  ",
"CRMS0341-H01","2020","1/1/2020 12:00:00 AM","1/24/2020 10:00:00 AM","18.6428571518202","1.35061039390249","15.1","22.8","0.192928569956816","0.748147857811281","-1.68","2.5","0.0647678562140624","0.748183928182171","-1.81","2.37","16.072180416351","3.41221584038516","6.2","24.4","6.07306","6.392694","GEOID12A  ",
"CRMS0345-H01","2020","1/1/2020 12:00:00 AM","1/8/2020 11:00:00 AM","15.3827777491675","3.05763681419705","9.1","20.9","0.0366666672751308","0.565295195258228","-1.27","1.14","-0.0463666658829122","0.564976734355754","-1.35","1.061","16.1172221607632","1.21217425147102","13.6","18.6","2.054795","2.054795","GEOID12A  ",
"CRMS0347-H01","2020","1/1/2020 12:00:00 AM","1/15/2020 12:00:00 PM","15.8936962985719","2.33180540511507","10.8","22.8","0.351354467508085","0.679286994440812","-1.09","2.47","-0.00432276755292237","0.679292633519549","-1.45","2.12","16.7704871568434","1.85903050284737","12.5","21.4","3.984018","3.961187","GEOID12A  ",
"CRMS0354-H01","2020","1/1/2020 12:00:00 AM","1/8/2020 10:00:00 AM","0.593854753664752","0.19463650943551","0.3","1.2","0.119888268307101","0.544315865590324","-1.21","1.08","-0.300329609170514","0.543915782789691","-1.634","0.656","15.7631284671123","1.94569051493719","11.2","20.4","2.043379","2.043379","GEOID12A  ",
"CRMS0355-H01","2020","1/1/2020 12:00:00 AM","1/24/2020 11:00:00 AM","18.4886524930913","2.01072936295273","13.2","23.5","0.229042553068766","0.74241036308642","-1.6","2.58","-0.6802109948352","0.741944547657675","-2.51","1.67","15.4193262445166","2.96398132919785","7.4","21.9","6.438356","6.438356","GEOID12A  ",
"CRMS0367-H01","2020","1/1/2020 12:00:00 AM","1/24/2020 9:00:00 AM","0.100000001490116","8.89720669428307E-09","0.1","0.1","0.586601420796188","0.33967323866989","-0.05","1.19","","","","","14.8163701138887","2.95547752444694","8.6","20","6.415525","6.415525","GEOID12A  ",
"CRMS0367-M02","2020","1/1/2020 12:00:00 AM","1/24/2020 10:00:00 AM","","","","","0.586601420796188","0.33967323866989","-0.05","1.19","-0.112740213130982","0.220965230430552","-0.58","0.31","","","","","0","6.415525","GEOID12A  ",
"CRMS0369-H01","2020","1/1/2020 12:00:00 AM","1/8/2020 10:00:00 AM","4.2117318287908","0.848479697829804","1.4","5.8","0.121284917184261","0.532998745844559","-1.05","1.03","-0.540960894101533","0.532850585303846","-1.716","0.366","16.5273742995449","1.75424984680411","12.3","19.7","2.043379","2.043379","GEOID12A  ",
"CRMS0371-H01","2020","1/1/2020 12:00:00 AM","1/28/2020 10:00:00 AM","0.195295905793292","0.0211887345958265","0.1","0.2","0.714962064052546","0.319038434579285","-0.19","1.56","","","","","14.4295903265205","1.97108776924423","10.5","18.7","7.522831","7.522831","GEOID12A  ",
"CRMS0374-H01","2020","1/1/2020 12:00:00 AM","1/15/2020 1:00:00 PM","17.4197142628261","1.82057162549134","12.8","20.5","0.23297375986358","0.663696817705303","-0.95","2.19","-0.0838483968755073","0.663394424824308","-1.27","1.87","17.3025714138576","2.6946660924796","10.1","26.4","3.995434","3.915525","GEOID12A  ",
"CRMS0376-H01","2020","1/1/2020 12:00:00 AM","1/15/2020 2:00:00 PM","18.0418803576391","3.40479256697294","11.3","24.7","0.201054131256634","0.717712057986142","-1.35","2.21","0.282079771165059","0.717314946256705","-1.264","2.29","16.8227920015993","1.56564699033252","13.7","21.6","4.006849","4.006849","GEOID12A  ",
"CRMS0377-H01","2020","1/1/2020 12:00:00 AM","1/30/2020 9:00:00 AM","10.4936260697524","1.71841973011319","7.2","17.8","0.238739376518316","0.73207659482671","-1.73","2.25","-0.277152974198925","0.732051874813823","-2.244","1.732","15.8212464483872","2.92374996803743","9.3","21.9","8.059361","8.059361","GEOID12A  ",
"CRMS0381-H01","2020","1/1/2020 12:00:00 AM","1/27/2020 9:00:00 AM","0.300000011920929","0","0.3","0.3","0.834006304714582","0.0697255218906362","0.71","1.04","0.833772871490533","0.0697673562308233","0.707","1.043","15.4452681421105","1.71473998024265","12.8","19","7.237442","7.237442","GEOID12A  ",
"CRMS0382-H01","2020","1/1/2020 12:00:00 AM","1/27/2020 10:00:00 AM","0.242047250834037","0.0494024044958604","0.2","0.3","0.752740155711887","0.0858179410325453","0.6","0.98","","","","","15.0510236034243","1.55859614515156","12.6","18.1","7.248858","7.248858","GEOID12A  ",
"CRMS0385-H01","2020","1/1/2020 12:00:00 AM","1/8/2020 9:00:00 AM","2.29943821135532","0.154589744298122","2.1","2.6","0.290842697945204","0.0494017103948792","0.2","0.39","0.300387641184785","0.0490449043116801","0.214","0.396","16.0595506068026","1.12999366975596","13.9","18.3","2.031964","2.031964","GEOID12A  ",
"CRMS0394-H01","2020","1/1/2020 12:00:00 AM","1/27/2020 11:00:00 AM","2.41752065587635","0.321405962614341","1.6","3.3","0.488495867163682","0.443094795948116","-0.49","1.87","","","","","16.6246281143062","3.70535746776117","6.8","24.9","6.906393","6.906393","GEOID12A  ",
"CRMS0395-H01","2020","1/1/2020 12:00:00 AM","1/27/2020 12:00:00 PM","1.04301413009455","0.54924392334132","0.5","4.7","0.25028257343035","0.506913134309648","-1","1.72","","","","","16.3100471182184","3.78512393319038","7.2","24.6","7.271689","7.271689","GEOID12A  ",
"CRMS0396-H01","2020","1/1/2020 12:00:00 AM","1/27/2020 10:00:00 AM","2.50369126644711","1.01925228467327","1.2","6.9","0.326208055231895","0.585932782083757","-1.03","1.78","","","","","16.4291946359929","1.4801674365366","13.4","19.4","3.401826","3.401826","GEOID12A  ",
"CRMS0398-H01","2020","1/1/2020 12:00:00 AM","1/22/2020 12:00:00 PM","0.535203103689437","0.189037257130787","0.3","1.9","0.490174081028805","0.424948433522268","-0.45","1.75","-0.225323017421575","0.424623058950668","-1.162","1.03","17.6013539958046","2.56786530693423","10.7","23.8","5.901826","5.901826","GEOID12A  ",
"CRMS0399-H01","2020","1/1/2020 12:00:00 AM","1/8/2020 1:00:00 PM","2.38351647866951","0.603720283764294","0.9","4.5","0.0986740343499085","0.565515899645685","-1.21","1.04","-0.47375690454401","0.565970379916947","-1.79","0.47","15.720879135551","2.22742906898309","11.2","21.9","2.077626","2.06621","GEOID12A  ",
"CRMS0400-H01","2020","1/1/2020 12:00:00 AM","1/30/2020 11:00:00 AM","4.20338983185547","3.50472138180786","0.9","13.8","0.453177965469764","0.288265429925292","-0.29","1.04","0.0868163841120809","0.28822496403188","-0.652","0.672","16.2172316359935","2.77155428413776","11.1","22.7","8.082191","8.082191","GEOID12A  ",
"CRMS0403-H01","2020","1/1/2020 12:00:00 AM","1/30/2020 10:00:00 AM","0.132814712021526","0.0469871113282643","0.1","0.2","1.62885430965262","0.214726820784829","1.14","2.09","1.5570919390615","0.21488421433025","1.071","2.015","14.8773691563154","1.5126650844458","11.4","18.2","8.070777","8.070777","GEOID12A  ",
"CRMS0409-H01","2020","1/1/2020 12:00:00 AM","1/29/2020 12:00:00 PM","0.197080294907528","0.0168481604722545","0.1","0.2","","","","","","","","","14.6064233752063","2.3839349391799","10","19.7","7.819634","0","GEOID12A  ",
"CRMS0411-H01","2020","1/1/2020 12:00:00 AM","1/31/2020 3:00:00 PM","","","","","","","","","","","","","","","","","0","0","GEOID12A  ",
"CRMS0414-H01","2020","1/1/2020 12:00:00 AM","1/29/2020 12:00:00 PM","0.303357672517317","0.0703196279960706","0.2","0.4","1.29687590860102","0.141042033591974","1.03","1.61","1.18764525625828","0.140896735208633","0.919","1.505","15.2872992452914","1.48011153607449","13","18.3","7.819634","7.819634","GEOID12A  ",
"CRMS0416-H01","2020","1/1/2020 12:00:00 AM","1/30/2020 10:00:00 AM","7.471145669001","1.97850035696844","4.2","14.8","0.385388966707731","0.325802491175887","-0.43","1.06","-0.050001414086343","0.3255297556656","-0.862","0.62","16.4458274112901","3.65624833346696","6.9","25.8","8.070777","8.070777","GEOID12A  ",
"CRMS0421-H01","2020","1/1/2020 12:00:00 AM","1/8/2020 11:00:00 AM","13.5327777226766","3.3134031299772","8.5","20.7","0.906611111439351","0.621151539661599","-0.51","2.29","-0.0726888895345231","0.620959253097136","-1.487","1.311","16.1450000127157","0.982942566602292","14.5","18","2.054795","2.054795","GEOID12A  ",
"CRMS0434-H01","2020","1/1/2020 12:00:00 AM","1/8/2020 11:00:00 AM","2.03222222626209","1.11328471659719","0.6","5.9","-0.0275555556640029","0.494518129180781","-1.08","0.87","-0.615722218833657","0.493794651784485","-1.67","0.28","15.3455555438995","1.48408023637884","13.3","19.2","2.054795","2.054795","GEOID12A  ",
"CRMS0461-H01","2020","1/1/2020 12:00:00 AM","1/24/2020 9:00:00 AM","","","","","","","","","","","","","","","","","0","0","GEOID12A  ",
"CRMS0465-H01","2020","1/1/2020 12:00:00 AM","3/9/2020 9:00:00 PM","","","","","","","","","","","","","","","","","0","0","GEOID12A  ",
"CRMS0479-H01","2020","1/1/2020 12:00:00 AM","1/27/2020 10:00:00 AM","0.145669293509224","0.0498513658001543","0.1","0.2","","","","","","","","","10.7387401550774","1.05657545778456","8.6","13.4","7.248858","0","GEOID12A  ",
"CRMS0482-H01","2020","1/1/2020 12:00:00 AM","1/24/2020 12:00:00 PM","0.184247790356125","0.036461515028274","0.1","0.2","1.31849557456717","0.438846851143411","0.28","2.62","0.58698053170795","0.438594873165203","-0.45","1.886","13.1093805515661","1.99598904753164","9.6","16.8","6.449772","6.449772","GEOID12A  ",
"CRMS0490-H01","2020","1/1/2020 12:00:00 AM","1/6/2020 1:00:00 PM","0.200000002980232","0","0.2","0.2","1.83425372750012","0.319224571236286","1.29","2.47","0.684104474845217","0.319304253615944","0.14","1.32","12.5090225621274","1.04333811659725","9.7","14.2","1.518265","1.52968","GEOID12A  ",
"CRMS0493-H02","2020","1/1/2020 12:00:00 AM","1/31/2020 10:00:00 AM","0.259233932723017","0.095265823838838","0.1","0.5","0.661627907068985","0.749481978863732","-0.62","2.9","-0.791625171275198","0.749137085823175","-2.071","1.449","16.0332421721577","1.30274850140031","13.9","19.3","8.344748","8.344748","GEOID12A  ",
"CRMS0494-H02","2020","1/1/2020 12:00:00 AM","1/31/2020 11:00:00 AM","0.275546453506406","0.135555207663683","0.1","0.9","1.33139344121589","0.240543099153458","1.09","2.75","0.34090710452712","0.240601355156688","0.101","1.759","14.3516393541638","3.39043235227273","6.1","24.9","8.356164","8.356164","GEOID12A  ",
"CRMS0496-H02","2020","1/1/2020 12:00:00 AM","1/6/2020 11:00:00 AM","0.315151523572929","0.0766521316670733","0.2","0.5","0.44621212131372","0.75607719078517","-0.92","1.86","-0.418560606935485","0.757128093686051","-1.78","0.99","15.053787874453","1.39099645981279","12.4","18.4","1.506849","1.506849","GEOID12A  ",
"CRMS0501-H01","2020","1/1/2020 12:00:00 AM","1/24/2020 11:00:00 AM","2.10602836321432","0.424472315204875","1.2","3.1","0.88193262363817","0.525793984381579","-0.47","2.07","0.201932623506861","0.525793982246943","-1.15","1.39","15.879787259068","3.55257134940553","6","24.9","6.438356","6.438356","GEOID12A  ",
"CRMS0508-H01","2020","1/1/2020 12:00:00 AM","1/24/2020 2:00:00 PM","1.73086419959127","0.839979257669486","0.7","3.8","1.30813051237211","0.285858135711433","0.58","1.81","0.306463844225803","0.285991045573267","-0.418","0.812","14.7225749286605","3.2910713061734","8.2","20.8","6.472602","6.472602","GEOID12A  ",
"CRMS0511-H01","2020","1/1/2020 12:00:00 AM","1/15/2020 12:00:00 PM","0.606876796330285","0.12689365655916","0.5","0.8","0.611977073131796","0.0693097306971291","0.42","0.75","0.79401719006563","0.0695182487449786","0.604","0.935","13.6292263648571","1.16125419365218","11.9","17.2","3.984018","3.984018","GEOID12A  ",
"CRMS0513-H01","2020","1/1/2020 12:00:00 AM","1/7/2020 12:00:00 PM","0.256687904429284","0.0691281680050028","0.2","0.4","1.48324841298875","0.181161548692747","1.1","1.67","1.13368789291686","0.180813539287967","0.75","1.323","15.1840764975092","0.602612909029381","14.2","16.2","1.792238","1.792238","GEOID12A  ",
"CRMS0514-H02","2020","1/1/2020 12:00:00 AM","1/9/2020 11:00:00 AM","0.742364537246122","0.133788371285867","0.5","1","0.431127451825887","0.893341105702144","-1.88","2.18","-1.30897548579036","0.893146722090782","-3.62","0.443","15.1226601577157","0.789961019655047","13.1","18.1","2.317352","2.328767","GEOID12A  ",
"CRMS0517-H01","2020","1/1/2020 12:00:00 AM","1/6/2020 11:00:00 AM","0.364122145503532","0.0633290541930897","0.3","0.5","0.527938931640095","0.774120559462246","-0.88","2.02","-0.776564882570551","0.774809923165874","-2.19","0.71","14.7038167851572","1.30232948933667","12.6","17.4","1.495434","1.495434","GEOID12A  ",
"CRMS0531-H01","2020","1/1/2020 12:00:00 AM","1/15/2020 11:00:00 AM","1.47327585569743","0.0598139793886618","1.4","1.6","0.803731779212203","0.803567020502544","-1.02","2.91","-0.564868806386176","0.803539261467504","-2.39","1.54","15.9327586217858","1.13422845008856","13.8","19.2","3.972603","3.915525","GEOID12A  ",
"CRMS0536-H01","2020","1/1/2020 12:00:00 AM","1/24/2020 2:00:00 PM","1.16701942755852","0.172762138097257","1","1.7","1.03786595231431","0.0499101304395049","0.9","1.15","0.798488536314149","0.0496590790608087","0.661","0.912","14.4405643860079","3.00822403459975","8.1","19.7","6.472602","6.472602","GEOID12A  ",
"CRMS0542-H01","2020","1/1/2020 12:00:00 AM","1/7/2020 11:00:00 AM","0.0961538475866501","0.031896234219216","0","0.2","0.748653846004835","0.596049453777484","-0.47","1.88","","","","","14.873717937714","1.52814922076712","12.8","18.4","1.780822","1.780822","GEOID12A  ",
"CRMS0547-H01","2020","1/1/2020 12:00:00 AM","1/15/2020 2:00:00 PM","0.229376859255467","0.0925686564590884","0","0.5","1.23516320599691","0.714741498693901","-1.17","2.47","-0.014955489235745","0.714980486537618","-2.42","1.22","15.2023738895043","2.03459520465601","11.4","20","3.847032","3.847032","GEOID12A  ",
"CRMS0549-H03","2020","1/1/2020 12:00:00 AM","1/9/2020 10:00:00 AM","0.993939402880091","0.310335722550976","0.4","1.9","0.787323233699708","0.838636439142495","-0.99","2.53","-0.896010102139729","0.838904131347179","-2.68","0.85","14.8282828090167","1.14643921381525","12.3","18.1","2.260274","2.260274","GEOID12A  ",
"CRMS0552-H02","2020","1/1/2020 12:00:00 AM","1/10/2020 9:00:00 AM","0.795132743408986","0.680080532561574","0.1","2.7","0.934380529052784","0.806907297128682","-1","2.62","-0.0310177002431808","0.807196701952297","-1.97","1.66","15.0451327593981","1.22970572634233","10.8","18.1","2.579909","2.579909","GEOID12A  ",
"CRMS0553-H02","2020","1/1/2020 12:00:00 AM","1/9/2020 10:00:00 AM","0.498522174329006","0.0747787758389369","0.4","0.7","0.588078815655168","0.162117038265594","0.24","0.72","0.587551722312208","0.162177817769151","0.243","0.718","14.7201970997702","2.06218572072915","10.6","19.1","2.317352","2.317352","GEOID12A  ",
"CRMS0554-H01","2020","1/1/2020 12:00:00 AM","1/6/2020 11:00:00 AM","1.24696969173171","0.0795400511513567","1.1","1.4","0.645000000568953","0.24337480879097","0.18","0.94","0.291757574495436","0.243567727713905","-0.169","0.589","14.7143939914125","1.12982694121777","13","16.8","1.506849","1.506849","GEOID12A  ",
"CRMS0562-H01","2020","1/1/2020 12:00:00 AM","1/30/2020 11:00:00 AM","2.14322035157748","0.497600268364559","1.4","2.9","0.705550846088636","0.279860757019495","-0.12","1.11","0.874182203542546","0.279618030503536","0.052","1.274","15.6387005862543","2.24680180558587","10.6","20.5","8.082191","8.082191","GEOID12A  ",
"CRMS0565-H01","2020","1/1/2020 12:00:00 AM","1/30/2020 10:00:00 AM","0.162093354607741","0.0485498179985347","0.1","0.2","1.05343704977332","0.079848914590271","0.88","1.23","0.89951343785924","0.0795064866208751","0.729","1.08","14.6840169399429","1.09786645090838","12.7","17.4","8.070777","8.070777","GEOID12A  ",
"CRMS0568-H01","2020","1/1/2020 12:00:00 AM","3/9/2020 10:00:00 PM","","","","","","","","","","","","","","","","","0","0","GEOID12A  ",
"CRMS0570-H01","2020","1/1/2020 12:00:00 AM","1/21/2020 1:00:00 PM","0.408113602692409","0.135457264419011","0.3","0.7","0.554056790428761","0.0822361072366379","0.34","0.73","1.28044623221152","0.0821249893115405","1.06","1.46","14.3567950981867","1.89900999093352","10.2","18.1","5.627854","5.627854","GEOID12A  ",
"CRMS0571-H01","2020","1/1/2020 12:00:00 AM","1/23/2020 10:00:00 AM","1.07588126508999","0.134319544533513","0.9","1.4","1.11571427411184","0.0605151330011867","0.91","1.25","0.469322819380238","0.060339063481472","0.267","0.599","14.3087198296372","2.81626612865623","8.6","19.3","6.152968","6.152968","GEOID12A  ",
"CRMS0572-H01","2020","1/1/2020 12:00:00 AM","1/23/2020 1:00:00 PM","0.200000002980232","1.64086707180531E-08","0.2","0.2","1.23677122592926","0.0468814657667391","1.07","1.37","0.839151292709407","0.0464210722361471","0.67","0.97","14.6512915357892","1.0741579267738","12.9","17","6.187215","6.187215","GEOID12A  ",
"CRMS0574-H01","2020","1/1/2020 12:00:00 AM","1/6/2020 12:00:00 PM","1.29699248209932","0.180462295793918","1","1.6","0.553533832829698","0.225537050940586","0.22","0.83","0.402105263077227","0.225567239752877","0.07","0.68","14.6661654092315","0.888724581919723","13.5","16.4","1.518265","1.518265","GEOID12A  ",
"CRMS0575-H01","2020","1/1/2020 12:00:00 AM","1/16/2020 11:00:00 AM","0.5","0","0.5","0.5","1.67563344108448","0.0726175896907932","1.46","1.75","1.3400539111577","0.0738808196248076","1.13","1.42","14.6789757710583","0.715156390490082","13.6","16.1","4.23516","4.23516","GEOID12A  ",
"CRMS0576-H01","2020","1/1/2020 12:00:00 AM","1/9/2020 11:00:00 AM","2.84901963028253","0.0501134368442026","2.8","2.9","0.648186274603301","0.108383304766616","0.4","0.8","0.202691175896154","0.108402404704063","-0.041","0.359","15.1651960260728","0.669838838502032","13.9","16.4","2.328767","2.328767","GEOID12A  ",
"CRMS0580-H01","2020","1/1/2020 12:00:00 AM","1/24/2020 11:00:00 AM","2.08244679308107","0.174768177166975","1.7","2.6","0.686276594110837","0.251715183447019","0.22","1.18","0.10787588686324","0.251828155624037","-0.356","0.602","15.9558510712698","3.54684226005134","8.1","22.9","6.438356","6.438356","GEOID12A  ",
"CRMS0583-H01","2020","1/1/2020 12:00:00 AM","1/28/2020 11:00:00 AM","0.845757569959669","0.10947606666717","0.6","1.2","0.809954540115414","0.208112030476401","0.28","1.17","0.107504545171766","0.207980684169852","-0.421","0.467","15.3218181537859","2.46896541894915","10.7","20.1","7.534247","7.534247","GEOID12A  ",
"CRMS0584-H02","2020","1/1/2020 12:00:00 AM","1/24/2020 9:00:00 AM","1.85249109285158","0.111396188102028","1.6","2.1","0.357046264266841","0.076001883500982","0.17","0.58","0.0726370107634424","0.0757750439110567","-0.11","0.292","14.8282918471883","2.50040293022806","9.7","19.3","6.415525","6.415525","GEOID12A  ",
"CRMS0588-H01","2020","1/1/2020 12:00:00 AM","1/24/2020 9:00:00 AM","2.31120995567363","0.507518134538515","1.3","3.1","0.508291813415671","0.178491201942728","0.01","0.81","0.410160142785846","0.178514945388396","-0.092","0.716","15.7706405700738","3.99869086100357","7.3","25.4","6.415525","6.415525","GEOID12A  ",
"CRMS0595-H01","2020","1/1/2020 12:00:00 AM","1/6/2020 12:00:00 PM","0.947727260264483","0.0501386123584574","0.9","1","0.537727274790858","0.247832099677717","0.13","0.83","0.338560605252331","0.247698203897162","-0.07","0.63","15.7363636060195","0.227254624354015","15.3","16","1.506849","1.506849","GEOID12A  ",
"CRMS0600-H01","2020","1/1/2020 12:00:00 AM","1/14/2020 12:00:00 PM","12.1781538317754","7.17060502984968","4","27","0.800215384375591","0.883566506984703","-0.66","2.99","-0.580187691194722","0.883345063201278","-2.039","1.612","15.7713846646822","1.25046147049877","13.2","18.7","3.710046","3.710046","GEOID12A  ",
"CRMS0603-H01","2020","1/1/2020 12:00:00 AM","1/30/2020 12:00:00 PM","2.93991537373224","0.737514154264231","1.6","4.4","0.581156558841887","0.260331307926699","-0.25","0.93","0.734669957647549","0.260299276525748","-0.091","1.087","16.0301833805143","2.54714142900427","10.5","22.3","8.093607","8.093607","GEOID12A  ",
"CRMS0604-H02","2020","1/1/2020 12:00:00 AM","1/17/2020 11:00:00 AM","2.59015150955229","0.637581656083361","1.6","3.5","0.449141416971506","0.248612904990069","-0.21","0.72","0.743734848224605","0.248285956780807","0.09","1.01","16.7477272857319","1.54168077433209","14.1","21.6","4.520548","4.520548","GEOID12A  ",
"CRMS0605-H02","2020","1/1/2020 12:00:00 AM","1/28/2020 11:00:00 AM","0.403333339095116","0.0515711635810238","0.3","0.5","1.00822726930633","0.202522885312755","0.46","1.35","0.454778789243463","0.202657563277714","-0.092","0.801","16.0106060317068","1.87213641996524","12.5","20.1","7.534247","7.534247","GEOID12A  ",
"CRMS0609-H01","2020","1/1/2020 12:00:00 AM","3/9/2020 9:00:00 PM","","","","","","","","","","","","","","","","","0","0","GEOID12A  ",
"CRMS0614-H01","2020","1/1/2020 12:00:00 AM","1/27/2020 11:00:00 AM","14.3305511805016","1.32369051686427","11.9","19","0.72645669194657","0.15022867682367","0.37","1.2","-0.0153700788747373","0.149954714900752","-0.37","0.46","15.5313385880838","3.5022224630516","8","23.2","7.248858","7.248858","GEOID12A  ",
"CRMS0615-H01","2020","1/1/2020 12:00:00 AM","3/9/2020 9:00:00 PM","","","","","","","","","","","","","","","","","0","0","GEOID12A  ",
"CRMS0616-H01","2020","1/1/2020 12:00:00 AM","1/23/2020 11:00:00 AM","1.83736058704029","0.441132470107944","0.8","3.1","1.05078799186683","0.322974511882768","0.36","1.86","0.226885552984605","0.322668122910921","-0.46","1.04","15.8118958942952","3.59639377221502","7.4","23.4","6.141552","6.084475","GEOID12A  ",
"CRMS0618-H01","2020","1/1/2020 12:00:00 AM","1/23/2020 12:00:00 PM","1.79168206618586","0.484715587114375","0.6","3.4","1.08863216291514","0.38702471059274","0.21","2.05","-0.023419592977121","0.386899771139238","-0.9","0.94","15.8042513835011","3.51802246362463","7.6","24.1","6.175799","6.175799","GEOID12A  ",
"CRMS0619-H01","2020","1/1/2020 12:00:00 AM","1/24/2020 1:00:00 PM","0.795936401130454","0.0733599901956364","0.6","1","1.14252649242381","0.0426902136985677","1.06","1.28","0.532150176672969","0.0428200642087786","0.445","0.665","14.6128975376224","3.24377031100928","8.2","20.7","6.461187","6.461187","GEOID12A  ",
"CRMS0623-H01","2020","1/1/2020 12:00:00 AM","1/28/2020 11:00:00 AM","2.14212120717222","0.107876684369591","1.8","2.4","0.709590909652638","0.212126278413393","0.26","1.56","0.142051515165208","0.212225058247033","-0.308","0.992","15.3480302810669","3.53765510800489","7.8","23.8","7.534247","7.534247","GEOID12A  ",
"CRMS0624-H01","2020","1/1/2020 12:00:00 AM","1/28/2020 10:00:00 AM","0.594081947989818","0.170583298351711","0.3","0.9","0.596464334222543","0.154399815632451","0.23","0.91","0.397244309079416","0.154383171255057","0.03","0.712","15.9772382614645","1.32691259651967","13.8","18.9","7.522831","7.522831","GEOID12A  ",
"CRMS0626-H01","2020","1/1/2020 12:00:00 AM","1/30/2020 2:00:00 PM","1.13994374087424","0.421642656147249","0.6","2.1","1.01984527493328","0.217260413587331","0.45","1.41","0.468358649671832","0.217251627513422","-0.103","0.857","14.9029535543064","3.14177748415731","9.5","21.6","8.116438","8.116438","GEOID12A  ",
"CRMS0630-H02","2020","1/1/2020 12:00:00 AM","1/16/2020 10:00:00 AM","3.95552562189231","0.607289443280036","2.6","4.6","0.494851751408648","0.464516215236062","-0.76","2.14","-0.0354447437656135","0.464643429353998","-1.29","1.61","16.8719676884037","1.71311983838852","14.6","21.2","4.23516","4.23516","GEOID12A  ",
"CRMS0632-H01","2020","1/1/2020 12:00:00 AM","1/28/2020 10:00:00 AM","3.04461304732628","0.251464931921761","2.7","3.4","0.610485582548859","0.137205304891373","0.4","1.02","0.347889225652981","0.137170598138368","0.135","0.759","15.0487101805228","1.87200073886086","11.6","18.9","7.522831","7.522831","GEOID12A  ",
"CRMS0633-H01","2020","1/1/2020 12:00:00 AM","1/24/2020 1:00:00 PM","3.17862189890218","0.988922103835987","1.1","5.3","0.508162543983873","0.359432417273295","-0.34","1.25","0.0139911666079737","0.35917233506361","-0.83","0.76","16.0908127471331","3.39314568585709","8.5","23.7","6.461187","6.461187","GEOID12A  ",
"CRMS0638-H01","2020","1/1/2020 12:00:00 AM","1/20/2020 10:00:00 AM","6.63190578674096","2.90901167998494","1.8","13.9","0.899486077801829","0.180689405888987","0.5","1.32","0.156085653050815","0.18073874703659","-0.242","0.579","16.3563169217978","3.02487148751455","9.3","23.1","5.33105","5.33105","GEOID12A  ",
"CRMS0639-H01","2020","1/1/2020 12:00:00 AM","1/30/2020 11:00:00 AM","10.6894067684136","3.4416022264449","3.1","17.3","0.540142045409249","0.289986476588179","-0.39","1.11","-0.337201704144139","0.290117912045677","-1.27","0.23","15.189548006839","3.199394944586","7.9","24.2","8.082191","8.03653","GEOID12A  ",
"CRMS0641-H01","2020","1/1/2020 12:00:00 AM","1/7/2020 10:00:00 AM","2.61870963958002","0.128824375058178","2.4","2.8","1.03129032042719","0.0680117413403748","0.91","1.16","0.174148387437867","0.0678273967752339","0.051","0.298","15.7496774427352","0.770930758369367","14.5","17","1.769406","1.769406","GEOID12A  ",
"CRMS0642-H01","2020","1/1/2020 12:00:00 AM","1/30/2020 11:00:00 AM","6.20413694342601","5.19948870411834","0.8","17.6","0.845761494753861","0.291452321592455","0.04","1.34","-0.102629309546888","0.291596174160079","-0.91","0.39","14.8543785291876","3.41534029807925","7.3","24.1","8.002283","7.945205","GEOID12A  ",
"CRMS0644-H01","2020","1/1/2020 12:00:00 AM","1/3/2020 11:00:00 AM","12.8649999459585","1.50725087703776","10.2","14.8","0.624999999006589","0.278497792176907","0.32","1.13","0.212983333612404","0.278988639364734","-0.095","0.719","14.093333419164","1.62176588066108","12.2","16.8","0.6849315","0.6849315","GEOID12A  ",
"CRMS0645-H01","2020","1/1/2020 12:00:00 AM","1/3/2020 12:00:00 PM","8.15245898825223","2.20556916585715","5.2","13","0.667049174426032","0.246355726005664","0.42","1.06","0.178295081116824","0.246035182222027","-0.068","0.572","14.1934426729796","1.33764338499419","12.7","16.2","0.6963471","0.6963471","GEOID12A  ",
"CRMS0648-H01","2020","1/1/2020 12:00:00 AM","1/3/2020 1:00:00 PM","3.02580645392018","0.202391842296887","2.5","3.2","0.596612903379625","0.239774099791467","0.32","1.01","0.22648387203639","0.24024780639593","-0.046","0.644","13.8854839109605","1.42872718067999","12.4","16.6","0.7077625","0.7077625","GEOID12A  ",
"CRMS0650-H01","2020","1/1/2020 12:00:00 AM","1/6/2020 11:00:00 AM","0.664393944948009","0.111979125349235","0.4","0.8","0.624242420900952","0.284873404227884","0.18","0.89","0.396863637964777","0.284938987130346","-0.043","0.667","14.9772727489471","0.284884033576857","14.2","15.5","1.506849","1.506849","GEOID12A  ",
"CRMS0651-H01","2020","1/1/2020 12:00:00 AM","1/31/2020 3:00:00 PM","","","","","","","","","","","","","","","","","0","0","GEOID12A  ",
"CRMS0655-H01","2020","1/1/2020 12:00:00 AM","1/29/2020 12:00:00 PM","12.8414598576344","4.73638743845155","5.8","23.6","0.585182481177532","0.219429423721366","0.1","1.03","0.369538686213077","0.219429224348459","-0.114","0.81","15.7652554894886","2.75297635363702","9.6","22.7","7.819634","7.819634","GEOID12A  ",
"CRMS0656-H01","2020","1/1/2020 12:00:00 AM","1/17/2020 10:00:00 AM","11.8903797318664","2.60915187393531","8.4","16.5","0.395291138294188","0.641528238592412","-1.44","2.52","-0.528817723481032","0.641123926632787","-2.365","1.592","16.2577215098128","1.90633726301983","12.9","22.1","4.509132","4.509132","GEOID12A  ",
"CRMS0658-H01","2020","1/1/2020 12:00:00 AM","1/8/2020 10:00:00 AM","3.41250000352209","0.213975958887702","1.7","3.8","0.644540228506272","0.394705664422303","-0.1","1.27","-0.190689656583742","0.394455191818363","-0.93","0.44","14.8106145485819","2.30905624835293","10","22.7","2.009132","1.986301","GEOID12A  ",
"CRMS0660-H01","2020","1/1/2020 12:00:00 AM","1/14/2020 10:00:00 AM","1.71114551430516","0.145745829063268","0.9","1.9","0.837770898183433","0.223992536849546","0.46","1.27","-0.42955108300888","0.223941747503218","-0.803","0","15.815170293991","0.703927935826794","14.8","17.6","3.687214","3.687214","GEOID12A  ",
"CRMS0661-H01","2020","1/1/2020 12:00:00 AM","1/29/2020 9:00:00 AM","1.57243401249133","0.222856108893797","1","2.3","0.772961875909934","0.258310951039141","0.22","1.4","0.448495600575341","0.258276167477087","-0.102","1.074","15.4686217154226","2.80898195337044","9.4","22.4","7.785388","7.785388","GEOID12A  ",
"CRMS0662-H01","2020","1/1/2020 12:00:00 AM","1/21/2020 11:00:00 AM","2.40630082313607","0.248459486104261","1.8","2.9","0.621483739336756","0.30137572234414","0.02","1.34","-0.16186991875553","0.301294071583311","-0.759","0.556","16.0493902093996","2.88711224110796","9.3","22.8","5.616438","5.616438","GEOID12A  ",
"CRMS0663-H01","2020","1/1/2020 12:00:00 AM","1/21/2020 11:00:00 AM","2.83380854445417","0.249074949442017","2.1","3.5","0.649490833665622","0.31191106984886","-0.04","1.37","0.0755804480070556","0.311773431508316","-0.62","0.79","15.9912423835024","2.74285429432151","9.7","22.3","5.605023","5.605023","GEOID12A  ",
"CRMS0669-H01","2020","1/1/2020 12:00:00 AM","1/14/2020 11:00:00 AM","3.26512346959408","0.0846755814052366","3.1","3.5","0.545987654247402","0.172258569070743","0.34","0.87","-0.0515401235689628","0.172491615329985","-0.261","0.277","15.7299382745484","2.28478582989175","11.5","21","3.69863","3.69863","GEOID12A  ",
"CRMS0672-H01","2020","1/1/2020 12:00:00 AM","1/29/2020 12:00:00 PM","12.8268612993895","1.51187587721809","9.4","16.7","0.627284671333584","0.21154316635529","0.13","1","0.327725547800915","0.211558276037462","-0.17","0.705","15.2518248279599","3.97189509085246","4.8","25.9","7.819634","7.819634","GEOID12A  ",
"CRMS0677-H01","2020","1/1/2020 12:00:00 AM","1/20/2020 11:00:00 AM","1.55662393671835","0.437849191344352","1","3","0.623632479108806","0.174577034637517","0.3","1.06","0.118181623772441","0.174424164593757","-0.202","0.554","15.741880331284","1.83760337864773","13","19.6","5.342465","5.342465","GEOID12A  ",
"CRMS0680-H01","2020","1/1/2020 12:00:00 AM","1/29/2020 11:00:00 AM","1.03757310837333","0.0867872459445615","0.9","1.2","1.25292398131382","0.0798310035369507","1.12","1.43","0.421536549925804","0.0796905447293982","0.286","0.598","15.1407894851171","1.83469570977202","11.1","19","7.808219","7.808219","GEOID12A  ",
"CRMS0682-H01","2020","1/1/2020 12:00:00 AM","1/29/2020 10:00:00 AM","1.01493413190018","0.1779966492335","0.6","1.3","0.852737918605218","0.163809038956651","0.62","1.17","0.222614934985829","0.163825034985472","-0.013","0.543","15.2797950141426","2.75580465164634","8.8","21.7","7.796804","7.796804","GEOID12A  ",
"CRMS0683-H01","2020","1/1/2020 12:00:00 AM","1/14/2020 11:00:00 AM","1.50493827278231","0.0732293481778215","1.4","1.7","0.784722222314205","0.241464028506607","0.41","1.28","-0.243675926184989","0.241766070217565","-0.623","0.247","14.0172839488512","1.80136101424199","10.1","19.3","3.69863","3.69863","GEOID12A  ",
"CRMS0684-H01","2020","1/1/2020 12:00:00 AM","1/27/2020 12:00:00 PM","9.09490446376193","1.82024048816867","4.7","14.1","0.65345541380678","0.527689135529833","-0.58","2.27","0.181130572584025","0.527842191803157","-1.06","1.8","15.5924646498831","3.04242118888173","7.9","23.5","7.16895","7.16895","GEOID12A  ",
"CRMS0685-H01","2020","1/1/2020 12:00:00 AM","1/14/2020 11:00:00 AM","16.0061728483365","2.93404674370886","10.9","22.4","0.781913577423741","0.595977259810227","-0.41","2.41","-0.221583333084889","0.595886172079193","-1.41","1.411","15.5163580017325","1.9634613293347","10.8","21.1","3.69863","3.69863","GEOID12A  ",
"CRMS0687-H01","2020","1/1/2020 12:00:00 AM","1/15/2020 10:00:00 AM","15.8141209934905","2.43754397094936","11.4","21.1","0.478530259953237","0.602440004643648","-1.09","2.16","-0.164818445362838","0.602086584848976","-1.736","1.513","15.4662824322923","1.64730951219478","11.5","19.8","3.961187","3.961187","GEOID12A  ",
"CRMS0691-H01","2020","1/1/2020 12:00:00 AM","1/6/2020 12:00:00 PM","0.200000002980232","0","0.2","0.2","0.866541351142682","0.178851752855245","0.58","1.01","0.994263159601312","0.179833886732765","0.713","1.142","12.6714285441807","0.380703463647741","12.2","13.3","1.518265","1.518265","GEOID12A  ",
"CRMS1100-H01","2020","1/1/2020 12:00:00 AM","1/27/2020 2:00:00 PM","0.613771536913649","0.0344870631071441","0.6","0.7","1.30295774168065","0.207389007771422","0.94","1.77","0.377306729372946","0.207400260971174","0.01","0.847","15.4300469620873","2.57233993967965","10.1","20.6","7.294521","7.294521","GEOID12A  ",
"CRMS1130-H01","2020","1/1/2020 12:00:00 AM","1/21/2020 2:00:00 PM","0.682020207486971","0.0767505465345297","0.5","0.8","0.750262627517334","0.141099397723883","0.33","0.98","0.690058584887572","0.141068603139428","0.273","0.918","16.8769696890706","3.29278361993217","7.4","23.4","5.650685","5.650685","GEOID12A  ",
"CRMS1205-H01","2020","1/1/2020 12:00:00 AM","1/20/2020 11:00:00 AM","1.01089743849559","0.0385614837085113","1","1.2","0.602799143610347","0.163179289562301","0.38","0.97","0.0173269231777845","0.163172778024065","-0.204","0.388","16.3555555506649","3.14102352576342","9.3","24","5.342465","5.342465","GEOID12A  ",
"CRMS1277-H01","2020","1/1/2020 12:00:00 AM","1/30/2020 12:00:00 PM","0.100000001490116","1.19587532562237E-08","0.1","0.1","0.979097321020027","0.0694675304710305","0.82","1.13","0.840386459201953","0.0697898590533692","0.678","0.994","13.0657263743692","1.35646451992367","10.1","16","8.093607","8.093607","GEOID12A  ",
"CRMS1413-H01","2020","1/1/2020 12:00:00 AM","1/9/2020 10:00:00 AM","0.540394092428273","0.104568144412296","0.4","0.7","0.573004933119995","0.185899835021677","0.18","0.7","0.4424926084948","0.185817442491541","0.051","0.571","14.5285714623963","1.61124498478397","12","18.4","2.317352","2.317352","GEOID12A  ",
"CRMS1738-H01","2020","1/1/2020 12:00:00 AM","1/3/2020 12:00:00 PM","10.9409836081208","1.31140856813055","7.5","12.4","0.627049181793557","0.244638133995099","0.35","1.01","0.0879672126000991","0.244693751093204","-0.187","0.471","14.0278688336982","1.7140722540531","12.2","16.9","0.6963471","0.6963471","GEOID12A  ",
"CRMS1743-H01","2020","1/1/2020 12:00:00 AM","1/3/2020 10:00:00 AM","10.4033898418233","1.92138289608903","6.8","13.5","0.296610169523096","0.243463585597035","0.03","0.74","-0.200338984255568","0.243437777571486","-0.46","0.24","13.4813559095738","1.5452345437344","11.5","16.3","0.673516","0.673516","GEOID12A  ",
"CRMS1838-H01","2020","1/1/2020 12:00:00 AM","1/15/2020 10:00:00 AM","0.95677232398767","0.0496107804710759","0.9","1","0.389999999350704","0.0419606153577254","0.33","0.49","0.408487032401115","0.0419226748591454","0.344","0.507","15.2821325582455","1.43431238702114","13.2","18.9","3.961187","3.961187","GEOID12A  ",
"CRMS1858-H01","2020","1/1/2020 12:00:00 AM","1/30/2020 10:00:00 AM","1.39321074956209","0.390262874458076","0.6","2.1","1.03172559566174","0.0721001629727743","0.93","1.17","0.403121641366789","0.071901053303228","0.299","0.542","12.8735502032613","1.87803592011054","8.2","17.8","8.070777","8.070777","GEOID12A  ",
"CRMS1965-H02","2020","1/1/2020 12:00:00 AM","1/28/2020 12:00:00 PM","1.97125564779348","0.132080405718799","1.6","2.2","0.631255672576749","0.19840064309624","0.24","1.19","0.157931921436873","0.19791227022062","-0.237","0.716","15.4724659696109","3.62149702802437","8.1","23.3","7.545662","7.545662","GEOID12A  ",
"CRMS2041-H01","2020","1/1/2020 12:00:00 AM","1/10/2020 9:00:00 AM","1.52328766099939","0.32630283656091","1","2.2","0.594885845358173","0.779950224701925","-0.86","2.22","-0.675479449850579","0.77957358213189","-2.13","0.95","14.2789954485959","1.47614577161795","10.2","16.8","2.5","2.5","GEOID12A  ",
"CRMS2166-H01","2020","1/1/2020 12:00:00 AM","1/21/2020 10:00:00 AM","4.01629327659452","0.921633041249783","1.8","7","0.435865580781444","0.311395499767944","-0.51","1.09","0.294370672866833","0.311185909947908","-0.647","0.951","15.8376782372624","2.27765227541254","10.7","22.5","5.605023","5.605023","GEOID12A  ",
"CRMS2189-H02","2020","1/1/2020 12:00:00 AM","1/27/2020 11:00:00 AM","6.50286625259241","1.79582843455091","2.6","9.8","0.666789135535637","0.557220882200391","-0.7","2.31","-0.0204632593491397","0.557339056325826","-1.39","1.63","15.3732704321543","2.97862345449154","7.5","24.4","7.16895","7.146119","GEOID12A  ",
"CRMS2219-H01","2020","1/1/2020 12:00:00 AM","1/15/2020 11:00:00 AM","1.34252872377977","0.144351626402514","1.2","1.8","0.799396545551289","0.0287076764487156","0.75","0.85","-0.176264367847778","0.0282915892489535","-0.22","-0.12","14.6795977367752","1.27388440523569","12.4","18.2","3.972603","3.972603","GEOID12A  ",
"CRMS2334-H01","2020","1/1/2020 12:00:00 AM","1/7/2020 11:00:00 AM","7.70064102992033","1.50060184272068","5.3","11.6","0.853589745668265","0.0810332322289292","0.69","1.04","0.124166666502461","0.0805696514318639","-0.043","0.309","15.2794872247256","2.02595156156385","12.2","19.5","1.780822","1.780822","GEOID12A  ",
"CRMS2418-H01","2020","1/1/2020 12:00:00 AM","1/31/2020 3:00:00 PM","1.43852458332406","0.259899436387198","0.9","2","","","","","","","","","16.2194726201148","2.863987596264","9.1","22.6","5.570776","0","GEOID12A  ",
"CRMS2493-H01","2020","1/1/2020 12:00:00 AM","1/28/2020 9:00:00 AM","0.631155030615062","0.0600775930823672","0.5","0.9","0.535227963143229","0.22344819431966","-0.07","0.92","0.211577507423444","0.223315491998404","-0.396","0.594","15.433586623531","3.24447963270928","8.4","23.7","7.511415","7.511415","GEOID12A  ",
"CRMS2568-H01","2020","1/1/2020 12:00:00 AM","1/24/2020 11:00:00 AM","0.197163123505335","0.0166171495195371","0.1","0.2","1.0832446801562","0.45154827746906","0.07","2.42","0.293450355146275","0.451934116809192","-0.724","1.626","13.0789007193653","2.0193112666351","10","17","6.438356","6.438356","GEOID12A  ",
"CRMS2785-H01","2020","1/1/2020 12:00:00 AM","1/28/2020 1:00:00 PM","0.191238673544542","0.0282945471885881","0.1","0.2","","","","","","","","","14.7874622474624","2.92998634354785","9.6","21.1","7.557078","0","GEOID12A  ",
"CRMS2825-H01","2020","1/1/2020 12:00:00 AM","1/30/2020 9:00:00 AM","5.38597734268259","2.3143374202254","0.9","12.2","0.30722379589733","0.351311944900259","-0.64","1.04","-0.283288951935484","0.351126153941027","-1.234","0.448","16.2021246415698","3.16874067571138","9.4","24","8.059361","8.059361","GEOID12A  ",
"CRMS2862-H01","2020","1/1/2020 12:00:00 AM","1/28/2020 11:00:00 AM","0.200000002980232","2.23912774357002E-08","0.2","0.2","1.26990908763625","0.20589784313361","0.75","1.68","","","","","14.4049999916192","1.96150878362782","11.2","20.8","7.534247","7.534247","GEOID12A  ",
"CRMS2881-H01","2020","1/1/2020 12:00:00 AM","1/29/2020 11:00:00 AM","0.220467840936797","0.0424962401377681","0.2","0.4","1.01438596365396","0.194616570954729","0.53","1.34","","","","","15.640643248084","2.8953312442383","10","21.9","7.808219","7.808219","GEOID12A  ",
"CRMS2881-M01","2020","1/1/2020 12:00:00 AM","1/29/2020 11:00:00 AM","","","","","1.01438596365396","0.194616570954729","0.53","1.34","0.1422967835403","0.143427285200878","-0.211","0.407","","","","","0","7.808219","GEOID12A  ",
"CRMS2887-H01","2020","1/1/2020 12:00:00 AM","1/29/2020 10:00:00 AM","0.196339680817344","0.0187923208371083","0.1","0.2","1.07139092003095","0.20342225393084","0.58","1.42","","","","","15.4641288419419","2.61225152571286","10.5","20.8","7.796804","7.796804","GEOID12A  ",
"CRMS2887-M01","2020","1/1/2020 12:00:00 AM","1/29/2020 10:00:00 AM","","","","","1.07139092003095","0.20342225393084","0.58","1.42","0.531010248827834","0.23952139720077","0.014","0.966","","","","","0","7.796804","GEOID12A  ",
"CRMS2939-H01","2020","1/1/2020 12:00:00 AM","1/24/2020 12:00:00 PM","0.142730498580751","0.0495126349949765","0.1","0.2","0.73780142077978","0.344028156774819","0.04","1.4","0.73780142077978","0.344028156774819","0.04","1.4","15.4060283738671","2.12512647711894","10.5","19.6","6.438356","6.438356","GEOID12A  ",
"CRMS3296-H01","2020","1/1/2020 12:00:00 AM","1/24/2020 1:00:00 PM","13.87632506812","1.76161768334477","9.6","18.2","0.232720846971727","0.719985754899679","-1.65","2.47","-0.227337455496895","0.719716817104173","-2.106","2.009","16.3692579597972","3.75994377111954","7.4","24.1","6.461187","6.461187","GEOID12A  ",
"CRMS4014-H01","2020","1/1/2020 12:00:00 AM","1/24/2020 10:00:00 AM","0.189165189319669","0.0311096000180555","0.1","0.2","1.23293072750153","0.483614915929201","0.13","2.67","-0.221708702998522","0.483399267842764","-1.322","1.218","12.9035523890602","1.99886661940742","9.4","18.7","6.426941","6.426941","GEOID12A  ",
"CRMS4016-H01","2020","1/1/2020 12:00:00 AM","1/24/2020 11:00:00 AM","0.197340428472516","0.0161041593343975","0.1","0.2","1.38374113317922","0.464482765170743","0.32","2.8","0.232602837193734","0.464238082434529","-0.829","1.653","14.0712766156974","2.74265519283162","8.6","21.4","6.438356","6.438356","GEOID12A  ",
"CRMS4045-H01","2020","1/1/2020 12:00:00 AM","1/7/2020 9:00:00 AM","0.216233770084846","0.0464008966036104","0.2","0.4","0.290584415765842","0.333539616734626","-0.31","0.86","-0.583915586147893","0.333221806474652","-1.182","-0.016","15.7818181359923","1.05076719086535","14.1","18.1","1.757991","1.757991","GEOID12A  ",
"CRMS4455-H01","2020","1/1/2020 12:00:00 AM","1/22/2020 10:00:00 AM","4.52504853646732","1.24571396974615","1.8","7.4","0.352674648901838","0.587211400705193","-0.85","2.18","-0.191297405412395","0.586963810226667","-1.39","1.63","17.2384465874977","3.96667014448684","5.7","26.2","5.878995","5.719178","GEOID12A  ",
"CRMS4779-H01","2020","1/1/2020 12:00:00 AM","1/27/2020 11:00:00 AM","0.100000001490116","1.07179667559091E-08","0.1","0.1","1.83932283516005","0.302779476536603","0.95","2.51","0.940141731307028","0.302972358996539","0.06","1.61","14.5447244103499","2.97579346270372","10.2","20.8","7.248858","7.248858","GEOID12A  ",
"CRMS4782-H01","2020","1/1/2020 12:00:00 AM","1/27/2020 12:00:00 PM","0.158869704094188","0.0492456656332696","0.1","0.2","2.7579434831251","0.368603526442366","1.8","3.61","0.933342227349687","0.368610919591495","-0.027","1.782","10.5054945249572","0.877577761658922","8.6","12.3","7.271689","7.271689","GEOID12A  ",
"CRMS4808-H01","2020","1/1/2020 12:00:00 AM","1/27/2020 11:00:00 AM","0.228301892303071","0.0450820122046615","0.2","0.3","1.9651572281647","0.360196541479909","0.91","2.75","0.928144652616092","0.360105870201163","-0.12","1.71","15.0553459581339","3.33448973953593","9.1","22","7.260274","7.260274","GEOID12A  ",
"CRMS4809-H01","2020","1/1/2020 12:00:00 AM","1/27/2020 1:00:00 PM","0.197492165952267","0.015648587212056","0.1","0.2","1.74885580055766","0.373163459082186","0.69","2.55","0.674336991584524","0.373200917567108","-0.388","1.473","15.3150470443654","3.15328828063483","9.8","22.5","7.283105","7.283105","GEOID12A  ",
"CRMS4900-H01","2020","1/1/2020 12:00:00 AM","1/28/2020 1:00:00 PM","0.161480364944009","0.0487009661302611","0.1","0.2","2.87947130023173","0.469354203753083","2.01","3.95","1.9448429032755","0.469564640068475","1.071","3.02","11.0530211313253","1.09154982209607","9.1","14.9","7.557078","7.557078","GEOID12A  ",
"CRMS4938-H01","2020","1/1/2020 12:00:00 AM","1/28/2020 12:00:00 PM","0.169591530515008","0.0460367072619389","0.1","0.2","2.55167927413773","0.427184650505838","1.59","3.47","1.04124205681226","0.427227905794865","0.08","1.964","10.877004559931","0.991563250277267","9.1","13.4","7.545662","7.545662","GEOID12A  ",
"CRMS5003-H01","2020","1/1/2020 12:00:00 AM","1/28/2020 12:00:00 PM","0.174886538158206","0.0433994226887737","0.1","0.2","2.34170953841505","0.45945878828925","1.32","3.39","1.9683101399944","0.459446320567632","0.947","3.014","11.2183056021963","1.16855810053391","9.1","14.2","7.545662","7.545662","GEOID12A  ",
"CRMS5035-H01","2020","1/1/2020 12:00:00 AM","1/28/2020 10:00:00 AM","0.181183614232471","0.039113986898985","0.1","0.2","1.53789074666945","0.205860816616232","1.01","1.97","0.893468892312014","0.205815497257957","0.361","1.328","14.090743540994","1.7215748308074","11.1","18.1","7.522831","7.522831","GEOID12A  ",
"CRMS5373-H01","2020","1/1/2020 12:00:00 AM","1/27/2020 3:00:00 PM","","","","","","","","","","","","","","","","","0","0","GEOID12A  ",
"CRMS5536-H01","2020","1/1/2020 12:00:00 AM","1/30/2020 12:00:00 PM","0.163328634404245","0.0507923726081565","0.1","0.3","1.80761636076929","0.19859062393273","1.3","2.18","1.75016502062928","0.198532012459844","1.243","2.124","14.2671368064934","2.04635694009566","10.5","17.7","8.093607","8.093607","GEOID12A  ",
"CRMS5672-W01","2020","1/1/2020 12:00:00 AM","1/29/2020 10:00:00 AM","","","","","1.34600292990532","0.107711380576769","1.06","1.5","1.40461200554235","0.107435379272457","1.121","1.56","","","","","0","7.796804","GEOID12A  ",
"CRMS5770-W01","2020","1/1/2020 12:00:00 AM","1/29/2020 11:00:00 AM","","","","","1.6815789448239","0.0814715953620678","1.48","1.86","1.12891082073513","0.0814635139696847","0.928","1.308","","","","","0","7.808219","GEOID12A  ",
"CRMS5992-H01","2020","1/1/2020 12:00:00 AM","1/15/2020 11:00:00 AM","0.130747128385066","0.0462110734764386","0.1","0.2","1.04040229832218","0.495113133371357","-0.16","1.95","1.68984195256028","0.494811688018234","0.491","2.599","14.2020114975414","1.97989071045647","10.7","19.8","3.972603","3.972603","GEOID12A  ",
"CRMS6008-H01","2020","1/1/2020 12:00:00 AM","1/27/2020 11:00:00 AM","0.163993713135521","0.0480396165010681","0.1","0.2","1.44427672733769","0.419599673223288","0.24","2.45","2.04475157037846","0.4197915084084","0.841","3.049","12.2452830233664","1.71755907132375","9.4","16.6","7.260274","7.260274","GEOID12A  ",
"CRMS6038-H01","2020","1/1/2020 12:00:00 AM","1/28/2020 11:00:00 AM","0.171212123763381","0.0453117735080307","0.1","0.2","2.02824242367889","0.393388379385039","1.07","2.89","0.248733333701614","0.393365631674054","-0.709","1.111","12.7345454750639","1.90685705087002","9.6","17.6","7.534247","7.534247","GEOID12A  ",
"CRMS6042-H01","2020","1/1/2020 12:00:00 AM","1/28/2020 10:00:00 AM","0.16024279449706","0.048976782544608","0.1","0.2","2.67942336296637","0.428281325230122","1.51","3.59","1.15693019723946","0.428553188140725","-0.014","2.065","10.9380880161916","1.01609688331883","9.1","13.2","7.522831","7.522831","GEOID12A  ",
"CRMS6301-H01","2020","1/1/2020 12:00:00 AM","1/3/2020 9:00:00 AM","4.26724142863833","0.103259149529751","4","4.4","0.596896550778685","0.0808552322931203","0.52","0.75","-0.0613793094224971","0.0812284687500587","-0.14","0.1","14.0086206732125","0.631979451356263","13.3","15.2","0.6621004","0.6621004","GEOID12A  ",
"CRMS6302-H01","2020","1/1/2020 12:00:00 AM","1/15/2020 11:00:00 AM","11.6499999994357","0.778961103793768","10.5","13.5","-0.0402102101392843","0.416499633348986","-0.76","0.97","-1.20078077925755","0.416764635018984","-1.92","-0.19","15.3494253185974","1.89676651079465","11.2","19.8","3.858448","3.80137","GEOID12A  ",
"DCPTE09","2020","1/1/2020 12:00:00 AM","2/18/2020 4:45:00 AM","","","","","","","","","","","","","","","","","0","0","",
"ME11-01R","2020","1/1/2020 12:00:00 AM","1/28/2020 10:00:00 AM","1.46934750147039","0.833038184006082","0.6","5.2","1.71050075564833","0.433426534863843","0.39","3.47","0.679952960761161","0.433499259893623","-0.642","2.441","15.2996965272293","2.50868402367595","10.4","20.7","7.522831","7.522831","GEOID12A  ",
"ME16-06","2020","1/1/2020 12:00:00 AM","1/14/2020 12:00:00 PM","18.5003076846783","3.62646728479321","11.4","27.9","1.37320000153321","0.534520874213901","0.27","2.59","0.113372306542901","0.534573674014828","-0.992","1.328","15.8732307610145","2.39128891983119","9.6","21","3.710046","3.710046","GEOID99   ",
"PO0063-01F-RT","2020","1/1/2020 12:00:00 AM","2/18/2020 5:45:00 AM","","","","","","","","","","","","","","","","","0","0","",
"PO0063-01P-RT","2020","1/1/2020 12:00:00 AM","2/18/2020 5:45:00 AM","","","","","","","","","","","","","","","","","0","0","",
"PO0063-02F-RT","2020","1/1/2020 12:00:00 AM","2/18/2020 5:00:00 AM","","","","","","","","","","","","","","","","","0","0","",
"PO0063-02P-RT","2020","1/1/2020 12:00:00 AM","2/18/2020 5:00:00 AM","","","","","","","","","","","","","","","","","0","0","",
"PO0063-03F-RT","2020","1/1/2020 12:00:00 AM","2/18/2020 5:30:00 AM","","","","","","","","","","","","","","","","","0","0","",
"PO0063-03P-RT","2020","1/1/2020 12:00:00 AM","2/18/2020 5:30:00 AM","","","","","","","","","","","","","","","","","0","0","",
"PO0063-04F-RT","2020","1/1/2020 12:00:00 AM","2/18/2020 5:30:00 AM","","","","","","","","","","","","","","","","","0","0","",
"PO0063-04P-RT","2020","1/1/2020 12:00:00 AM","2/18/2020 5:30:00 AM","","","","","","","","","","","","","","","","","0","0","",
"SWMP0006","2020","1/1/2020 12:00:00 AM","2/18/2020 4:45:00 AM","","","","","","","","","","","","","","","","","0","0","",
"SWMP0012","2020","1/1/2020 12:00:00 AM","2/18/2020 5:00:00 AM","","","","","","","","","","","","","","","","","0","0","",
"SWMP0013","2020","1/1/2020 12:00:00 AM","2/18/2020 5:15:00 AM","","","","","","","","","","","","","","","","","0","0","",
"SWMP0015","2020","1/1/2020 12:00:00 AM","2/18/2020 5:00:00 AM","","","","","","","","","","","","","","","","","0","0","",
"SWMP0017","2020","1/1/2020 12:00:00 AM","2/18/2020 5:00:00 AM","","","","","","","","","","","","","","","","","0","0","",
"SWMP0022","2020","1/1/2020 12:00:00 AM","2/18/2020 5:00:00 AM","","","","","","","","","","","","","","","","","0","0","",
