"Site_id","Marsh_Class","Basin","Longitude","Latitude","veg_year","Percent_Cover_Tree.m...","Percent_Cover_Shrub.m...","Percent_Cover_Herb.m...","Percent_Cover_Carpet.m...","Avg_Height_Tree.m.","Avg_Height_Shrub.m.","Avg_Height_Herb.m.","Avg_Height_Carpet.m.","Volume_Tree.m...","Volume_Shrub.m...","Volume_Herb.m...","Volume_Carpet.m...","Volume_Vegetation.m...","VVI","min_date","max_date","avg_salinity..ppt.","std_deviation_salinity..ppt.","min_salinity..ppt.","max_salinity..ppt.","avg_adj_water_elev_datum.ft.","std_deviation_adj_water_elev_datum.ft.","min_adj_water_elev_datum.ft.","max_adj_water_elev_datum.ft.","avg_adj_water_elev_to_marsh.ft.","std_deviation_adj_water_elev_to_marsh..ft.","min_adj_water_elev_to_marsh.ft.","max_adj_water_elev_to_marsh.ft.","avg_water_temperature..C.DegC.","std_deviation_water_temperature..C.DegC.","min_temperature..C.DegC.","max_temperature..C.DegC.","percent_salinity_complete","percent_water_level_complete","GEOID"
"CRMS0002_2007","Brackish","Pontchartrain",-89.79173,30.10025,2007,0,0,3.26,0,0,0,0.902,0,0,0,2.9206,0,2.9206,64.6232,"9/29/2007 9:00:00 AM","12/31/2007 11:00:00 PM",9.73899018242489,1.6812115282404,5.78,17.25,0.907357141649949,0.6143996918391,-0.56,2.58,0.46735714230121,0.614399692798275,-1,2.14,18.8040898859527,5.0480400983828,6.9,29.48,25.54795,25.57078,"GEOID99   "
"CRMS0003_2007","Saline","Pontchartrain",-89.25275,30.09937,2007,0,0,2.916,0,0,0,0.5006,0,0,0,1.4798,0,1.4798,20.7348,"11/1/2007 12:00:00 PM","12/31/2007 11:00:00 PM",26.2891942036053,2.30967236751275,15.55,33.49,0.531005509192581,0.65754987188777,-1.25,2.85,-0.828994489385241,0.65754987155291,-2.61,1.49,16.8396763262998,3.03918110031871,9.46,23.7,16.57534,16.57534,"GEOID99   "
"CRMS0006_2007","Brackish","Pontchartrain",-89.97923,30.25993,2007,0,0,3.56,0,0,0,0.5884,0,0,0,2.0981,0,2.0981,38.6822,"9/28/2007 11:00:00 AM","12/31/2007 11:00:00 PM",6.86858951851429,0.957277731396888,4.21,10.99,0.928883361949284,0.599862165112838,-0.21,2.66,-0.246794755192504,0.600213053917651,-1.39,1.49,18.9347152048166,5.40911172282727,3.85,30.97,25.25114,25.25114,"GEOID99   "
"CRMS0030_2007","Intermediate","Pontchartrain",-90.32942,30.30482,2007,0,0.94,2.34,0,0,1.045,0.856,0,0,1.3586,2.0464,0,3.405,49.8781,"5/9/2007 1:00:00 PM","12/31/2007 11:00:00 PM",4.20490007665139,0.812753163043518,2.06,7.06,1.00465588401886,0.530078372932761,-0.03,2.68,-0.125344114739578,0.530078371869572,-1.16,1.55,24.2671324820738,6.40384663145077,5.53,37.42,63.9726,63.5274,"GEOID99   "
"CRMS0033_2007","Intermediate","Pontchartrain",-90.3855,30.27445,2007,0,0,3,0,0,0,0.79,0,0,0,2.3936,0,2.3936,35.2099,"5/10/2007 1:00:00 PM","12/31/2007 11:00:00 PM",4.10420521632716,0.619445597337052,2.43,6.33,1.05168865883083,0.491981088281009,0.07,2.63,0.121540656151215,0.492084715422575,-0.86,1.7,25.5561486757329,6.68462947277087,4.74,41.27,64.41781,64.01826,"GEOID99   "
"CRMS0034_2007","Fresh","Pontchartrain",-90.3855,30.30348,2007,0,0.024,3.12,0,0,0.11,0.7143,0,0,0.0264,2.2493,0,2.2757,33.4196,"5/9/2007 5:00:00 PM","12/31/2007 11:00:00 PM",3.54611160851762,0.919049218030815,1.35,7.05,1.02176945071832,0.529730654411007,-0.11,2.66,0.0374811761099251,0.530068539758364,-1.09,1.68,25.1463592791519,6.45819748251292,3.41,39.93,64.23516,63.6758,"GEOID99   "
"CRMS0108_2007","Saline","Pontchartrain",-89.41592,29.95506,2007,0,0,3.44,0,0,0,0.8003,0,0,0,2.7616,0,2.7616,60.0647,"11/1/2007 3:00:00 PM","12/31/2007 11:00:00 PM",15.9482705168528,1.54719383548241,13.07,17.98,0.413087479147172,0.680323910238581,-0.99,2.33,-0.546912522529656,0.680323911402303,-1.95,1.37,16.628938380986,3.98086352622439,9.05,24.36,6.666667,6.655251,"GEOID99   "
"CRMS0114_2007","Intermediate","Breton Sound",-89.91673,29.75912,2007,0,0.12,3.58,0,0,0.1829,0.9477,0,0,0.2195,3.3733,0,3.5928,52.7077,"10/29/2007 1:00:00 PM","12/31/2007 11:00:00 PM",NA,NA,NA,NA,0.926011826847919,0.181660273067695,0.68,1.64,-0.544520366619954,0.181878393405343,-0.79,0.17,NA,NA,NA,NA,0,17.37443,"GEOID99   "
"CRMS0115_2007","Intermediate","Breton Sound",-89.91673,29.78089,2007,0,0,2.88,0,0,0,0.8748,0,0,0,2.6316,0,2.6316,39.2699,"10/29/2007 1:00:00 PM","12/31/2007 11:00:00 PM",NA,NA,NA,NA,0.963302696173863,0.176382630758797,0.73,1.48,NA,NA,NA,NA,NA,NA,NA,NA,0,17.38585,"GEOID99   "
"CRMS0117_2007","Intermediate","Breton Sound",-89.91673,29.80992,2007,0.28,0,3.12,0,0.2743,0,1.0819,0,0.768,0,3.3889,0,4.157,52.6187,"10/29/2007 12:00:00 PM","12/31/2007 11:00:00 PM",NA,NA,NA,NA,1.2652790517065,0.216035166946493,0.95,1.78,-0.022396585641726,0.216361551204408,-0.34,0.49,NA,NA,NA,NA,0,17.38585,"GEOID99   "
"CRMS0118_2007","Intermediate","Breton Sound",-89.54172,29.37444,2007,0,0,3.02,0,0,0,0.8016,0,0,0,2.392,0,2.392,36.2224,"5/17/2007 1:00:00 PM","12/31/2007 11:00:00 PM",0.735722973080319,0.888571243034194,0.15,13.48,1.60104575122753,0.664857974776724,0.11,4.08,-0.216337690153413,0.665080673098822,-1.7,2.26,24.0440312153886,6.03343887913527,8.24,34.09,58.18493,52.39726,"GEOID99   "
"CRMS0119_2007","Saline","Breton Sound",-89.63548,29.47605,2007,0,0,3.46,0,0,0,0.8321,0,0,0,2.8773,0,2.8773,64.4736,"5/17/2007 3:00:00 PM","12/31/2007 11:00:00 PM",8.61817686720316,2.14533665080709,3.02,13,1.08235538890912,0.673560440833645,-0.11,3.81,-0.347644609620747,0.673560440362404,-1.54,2.38,25.4038919163457,5.80683823209992,5.2,35.78,52.40868,52.10046,"GEOID99   "
"CRMS0120_2007","Intermediate","Breton Sound",-89.85423,29.84622,2007,0.18,0.92,2.8,0,0.1829,0.7864,0.8929,0,0.3292,1.2436,2.5324,0,4.1053,57.4673,"10/29/2007 3:00:00 PM","12/31/2007 11:00:00 PM",NA,NA,NA,NA,1.12004601861363,0.160557204336313,0.88,1.69,-0.698106510095656,0.160521658245822,-0.94,-0.13,NA,NA,NA,NA,0,17.36301,"GEOID99   "
"CRMS0121_2007","Intermediate","Breton Sound",-89.82298,29.69379,2007,0,0,3.24,0,0,0,0.6613,0,0,0,2.1034,0,2.1034,36.2536,"10/30/2007 1:00:00 PM","12/31/2007 11:00:00 PM",1.25229034382243,0.400376990129294,0.42,5.02,0.715736543177957,0.402187616489889,-0.03,2.41,-0.324263455479461,0.402187615424301,-1.07,1.37,17.2379119369171,3.94183812146991,5.73,25.11,16.19863,16.11872,"GEOID99   "
"CRMS0128_2007","Fresh","Breton Sound",-89.94798,29.8317,2007,0.24,0.16,3.26,0,0.2438,0.1311,1.1217,0,0.5851,0.2098,3.7413,0,4.5362,63.3436,"10/29/2007 11:00:00 AM","12/31/2007 11:00:00 PM",0.415101638582886,0.0933501184850439,0.22,0.64,1.01901639203556,0.356746861515525,0.44,1.8,NA,NA,NA,NA,16.5613377111466,3.21472448397028,9.36,23.97,17.40868,17.40868,"GEOID99   "
"CRMS0129_2007","Saline","Breton Sound",-89.60422,29.46879,2007,0,0.04,3.16,0,0,0.1006,1.1655,0,0,0.0402,3.7418,0,3.7821,80.1381,"5/17/2007 11:00:00 AM","12/31/2007 11:00:00 PM",7.64910862351719,2.78441804425557,0.42,16.9,1.14792602353138,0.687322624908841,-0.11,3.76,-0.0520739753089619,0.68732262314366,-1.31,2.56,24.6482314783317,5.67683452841507,5.1,35.38,50.97032,51.84932,"GEOID99   "
"CRMS0131_2007","Intermediate","Breton Sound",-89.88552,29.69252,2007,0,0.18,3.32,0,0,0.3231,0.9538,0,0,0.3121,3.1521,0,3.4643,64.7463,"10/30/2007 1:00:00 PM","12/31/2007 11:00:00 PM",1.66670446677396,0.297525306954548,0.99,2.5,0.702528351386034,0.3957760265078,-0.85,1.96,-0.640240158936664,0.395730816831832,-2.19,0.62,17.9758305610061,3.3939810175612,11.29,24.65,17.11187,17.11187,"GEOID99   "
"CRMS0132_2007","Intermediate","Breton Sound",-89.88548,29.66476,2007,0,0.84,2.96,0,0,0.8777,0.6799,0,0,1.1545,1.9806,0,3.1351,52.0988,"10/30/2007 2:00:00 PM","12/31/2007 11:00:00 PM",2.49232977000034,0.266803947922723,1.71,4.44,0.826682242214212,0.374642300780378,-0.41,2.12,-0.29315086736534,0.374708729084918,-1.53,1,17.9985781011976,3.76653878914871,7.78,25.76,17.10046,17.10046,"GEOID99   "
"CRMS0135_2007","Brackish","Breton Sound",-89.76048,29.68654,2007,0,0,3.312,0,0,0,0.8535,0,0,0,2.8464,0,2.8464,48.6207,"1/1/2007 12:00:00 AM","12/31/2007 11:00:00 PM",1.51075476018127,1.45437810660019,0.17,11.39,0.784310621350455,0.614471908415386,-1.49,2.93,-0.0138362008998357,0.614108183577061,-2.286,2.13,22.8316769927542,6.88992563714028,4.64,35.75,99.52055,99.52055,"GEOID99   "
"CRMS0136_2007","Brackish","Breton Sound",-89.79173,29.62122,2007,0,0.152,3.42,0,0,0.5212,0.9219,0,0,0.2046,3.1348,0,3.3394,75.0457,"1/1/2007 12:00:00 AM","12/31/2007 11:00:00 PM",2.5001970267348,1.06980575347657,0.97,7.82,0.710357512513129,0.682545652669587,-1.55,2.96,-0.629642486117506,0.682545653326933,-2.89,1.62,23.0825974031805,6.76773215381967,6.12,35.09,99.07534,98.98402,"GEOID99   "
"CRMS0139_2007","Intermediate","Breton Sound",-89.47922,29.3817,2007,0,0,3.28,0,0,0,1.3168,0,0,0,4.6394,0,4.6394,55.5872,"6/28/2007 4:00:00 PM","12/31/2007 11:00:00 PM",1.5698532861277,2.48295714327626,0.18,17.21,1.55976063655976,0.628141199850106,0.49,3.97,0.170416666282314,0.628493713491432,-0.9,2.58,24.4817107359166,6.63893559893272,7.15,37.46,38.90411,38.63014,"GEOID99   "
"CRMS0146_2007","Brackish","Breton Sound",-89.72923,29.73008,2007,0,0.18,2.44,0,0,0.289,1.0612,0,0,0.2556,2.5958,0,2.8514,58.9254,"10/30/2007 3:00:00 PM","12/31/2007 11:00:00 PM",4.05005406737328,0.431883768898111,2.31,5.36,0.64924999949321,0.443994611496973,-0.81,2.32,-0.272709458876351,0.444109545597407,-1.73,1.39,17.7116152990919,4.1312602588782,5.77,24.97,16.89498,16.89498,"GEOID99   "
"CRMS0147_2007","Saline","Breton Sound",-89.60422,29.66476,2007,0,0,3.44,0,0,0,0.96,0,0,0,3.3201,0,3.3201,74.3407,"1/1/2007 12:00:00 AM","12/31/2007 11:00:00 PM",8.27871986290891,3.2901905679048,1.34,20.88,0.655324704661776,0.805468420064998,-1.6,3.55,-0.214675294581595,0.805468419566127,-2.47,2.68,22.5737311564274,7.00970384923086,0.36,35.83,99.42923,99.66895,"GEOID99   "
"CRMS0148_2007","Brackish","Breton Sound",-89.69798,29.51235,2007,0,0.36,3.52,0,0,0.4389,1.143,0,0,0.5474,4.0447,0,4.5921,82.3187,"5/17/2007 12:00:00 PM","12/31/2007 11:00:00 PM",6.17028022816946,1.81359809561387,1.11,12.81,0.913852474530326,0.742448405923451,-0.62,3.68,-0.666147525017566,0.742448406746026,-2.2,2.1,25.9194238040373,5.62152674618536,4.67,35.33,58.25343,58.34475,"GEOID99   "
"CRMS0151_2007","Intermediate","Mississippi River Delta",-89.13546,29.2075,2007,0,0,4,0,0,0,4.7372,0,0,0,18.9488,0,18.9488,100,"11/28/2007 11:00:00 AM","12/31/2007 11:00:00 PM",3.61601243315276,2.45573917900042,0.22,13.32,NA,NA,NA,NA,NA,NA,NA,NA,16.2315527803409,2.9333710873606,10.58,21.82,9.189498,0,"GEOID99   "
"CRMS0153_2007","Intermediate","Mississippi River Delta",-89.13546,29.11315,2007,0,0,3.92,0,0,0,4.7882,0,0,0,18.7681,0,18.7681,100,"11/27/2007 3:00:00 PM","12/31/2007 11:00:00 PM",4.92099394408139,3.4192485906421,0.37,21.93,1.57259393813935,0.617133255555198,-0.17,3.35,1.40259393924791,0.617133258976055,-0.34,3.18,16.7415636201338,3.32746632831106,10.65,23.66,9.417809,9.417809,"GEOID99   "
"CRMS0154_2007","Intermediate","Mississippi River Delta",-89.19796,29.11315,2007,0,0,3.3,0,0,0,1.8715,0,0,0,6.5082,0,6.5082,64.562,"6/25/2007 2:00:00 PM","12/31/2007 11:00:00 PM",1.79742191096352,1.1408627016299,0.19,5.52,2.01118125564927,0.577557611493555,0.58,3.71,-0.0113308403208308,0.578003552553881,-1.45,1.69,24.6081918218405,6.60918648475046,8.05,34.36,51.89497,51.89497,"GEOID99   "
"CRMS0156_2007","Intermediate","Mississippi River Delta",-89.16671,29.16394,2007,0,0,3.2,0,0,0,4.2666,0,0,0,13.7779,0,13.7779,99.1214,"6/27/2007 10:00:00 AM","12/31/2007 11:00:00 PM",2.27641714785971,1.73633517235008,0.19,17.16,1.73474677800735,0.581180119715538,0.18,3.4,0.0347467794259725,0.581180118888103,-1.52,1.7,24.3929542361869,6.73159814920269,8.06,34.82,51.39269,51.39269,"GEOID99   "
"CRMS0157_2007","Fresh","Mississippi River Delta",-89.22921,29.12766,2007,0,0,3.64,0,0,0,3.4834,0,0,0,12.866,0,12.866,93.2705,"6/25/2007 12:00:00 PM","12/31/2007 11:00:00 PM",1.67713311382332,1.07232796133589,0.19,4.92,2.18383973502414,0.520200236534195,1.05,3.74,0.435667340604624,0.520484005300835,-0.7,1.99,24.3110655057941,6.46733971802009,7.98,36.64,45.19406,45.15982,"GEOID99   "
"CRMS0159_2007","Intermediate","Mississippi River Delta",-89.19796,29.04056,2007,0,0,2.92,0,0,0,3.1242,0,0,0,9.1836,0,9.1836,95.9525,"6/27/2007 9:00:00 AM","12/31/2007 11:00:00 PM",2.93592716116469,2.2057575585255,0.19,18.16,NA,NA,NA,NA,NA,NA,NA,NA,24.5674594605522,6.53636205803881,8.06,33,51.40411,0,"GEOID99   "
"CRMS0161_2007","Intermediate","Mississippi River Delta",-89.16671,29.29459,2007,0,0,3.36,0,0,0,3.2645,0,0,0,11.0127,0,11.0127,98.6413,"6/26/2007 2:00:00 PM","12/31/2007 11:00:00 PM",6.4828438754039,5.26012210899807,0.27,31.72,1.40918398796087,0.623748486195445,-0.31,3.32,0.719183988871662,0.623748485675424,-1,2.63,25.0872445916349,5.90983656438404,10.53,34.23,51.621,51.621,"GEOID99   "
"CRMS0162_2007","Intermediate","Mississippi River Delta",-89.13546,29.16395,2007,0,0,2.68,0,0,0,3.9918,0,0,0,10.6206,0,10.6206,98.0002,"6/28/2007 12:00:00 PM","12/31/2007 11:00:00 PM",2.33218498514021,1.6146758950028,0.2,15.78,NA,NA,NA,NA,NA,NA,NA,NA,24.6346291225866,6.24362262873971,8.08,35.37,51.09589,0,"GEOID99   "
"CRMS0163_2007","Intermediate","Mississippi River Delta",-89.41672,29.21476,2007,0,0,3.92,0,0,0,4.8284,0,0,0,18.9151,0,18.9151,99.9998,"6/25/2007 8:00:00 AM","12/31/2007 11:00:00 PM",3.93141256953689,3.95626902052191,0.17,24.89,1.38395210847779,0.564348873559335,-0.17,3.36,0.143952109089435,0.564348872756685,-1.41,2.12,25.0153866392447,6.42108363274711,8.13,36.19,51.96347,51.96347,"GEOID99   "
"CRMS0164_2007","Saline","Barataria",-90.16994,29.19306,2007,0,0,3.46,0,0,0,0.8076,0,0,0,2.8128,0,2.8128,63.2826,"1/1/2007 12:00:00 AM","12/31/2007 11:00:00 PM",20.7517169239917,3.35421845964232,8.09,27.51,0.972483160094155,0.516596103080799,-0.5,2.84,0.0401609773119334,0.516883288300346,-1.43,1.91,23.23146024681,6.53580545079701,4.42,35.98,85.17123,99.98859,"GEOID99   "
"CRMS0171_2007","Saline","Barataria",-89.79605,29.32377,2007,0,0.088,2.28,0,0,0.218,0.8534,0,0,0.1002,1.9521,0,2.0524,40.4547,"5/22/2007 12:00:00 PM","12/31/2007 11:00:00 PM",22.8359041357078,5.0874220957551,11.09,33.71,1.31762490115637,0.596375183425466,-0.18,3.22,0.0376249022067908,0.596375184179885,-1.46,1.94,25.7673947712637,5.53298773473307,6.78,36.36,58.58448,58.49315,"GEOID99   "
"CRMS0172_2007","Saline","Barataria",-89.73433,29.31653,2007,0,0,3.14,0,0,0,0.9632,0,0,0,3.0529,0,3.0529,68.7263,"5/15/2007 3:00:00 PM","12/31/2007 11:00:00 PM",21.9863527354331,5.11843934556553,9.89,34.76,1.3433634841934,0.572893598022576,0.15,3.19,0.17336348525063,0.572893597649242,-1.02,2.02,25.8863411028188,5.64925242366478,7.98,38.13,61.81507,61.8379,"GEOID99   "
"CRMS0173_2007","Saline","Barataria",-89.72993,29.4543,2007,0,0,3.52,0,0,0,0.7742,0,0,0,2.7196,0,2.7196,60.698,"1/1/2007 12:00:00 AM","12/31/2007 11:00:00 PM",14.5934216390853,3.17224730074801,7.1,23.37,0.973086577443052,0.619294114307178,-0.45,3.17,0.0330865774333979,0.619294113257941,-1.39,2.23,22.4899475035109,6.31401188072347,-1.74,34.64,98.25343,98.23059,"GEOID99   "
"CRMS0174_2007","Saline","Barataria",-89.76302,29.3963,2007,0,0,2.94,0,0,0,0.6919,0,0,0,2.0488,0,2.0488,37.2414,"1/1/2007 12:00:00 AM","12/31/2007 11:00:00 PM",17.5996156354084,4.08708004175144,7.53,27.9,1.14106868360208,0.651282611695583,-0.6,3.42,0.151068684536604,0.651282611930211,-1.59,2.43,23.1636602411478,6.57926020287469,1.33,36.81,88.20776,99.55479,"GEOID99   "
"CRMS0175_2007","Saline","Barataria",-90.13792,29.2874,2007,0,0,3.42,0,0,0,0.7042,0,0,0,2.4223,0,2.4223,49.7869,"1/1/2007 12:00:00 AM","12/31/2007 11:00:00 PM",16.3209282856985,3.86347347223601,6.36,24.55,NA,NA,NA,NA,NA,NA,NA,NA,23.2081116542572,6.85845426170294,2.88,37.24,99.97717,0,"GEOID99   "
"CRMS0176_2007","Saline","Barataria",-89.79333,29.41078,2007,0,0,3.12,0,0,0,0.7742,0,0,0,2.408,0,2.408,49.3954,"1/1/2007 12:00:00 AM","12/31/2007 11:00:00 PM",16.2117469809893,5.64538205805485,1.68,27.39,1.04914468372354,0.653633262948791,-1.1,3.31,-0.41085531549762,0.653633262831409,-2.56,1.85,23.3397648204665,6.39014364698872,7.16,35.71,99.97717,99.96575,"GEOID99   "
"CRMS0178_2007","Saline","Barataria",-90.04698,29.28748,2007,0,0,3.24,0,0,0,0.625,0,0,0,2.0121,0,2.0121,36.1552,"4/25/2007 11:00:00 AM","12/31/2007 11:00:00 PM",19.5463961335282,3.03656269957767,11.13,29.23,0.88070846387939,0.56665239778587,-0.83,2.79,-0.284291534857295,0.566652397967382,-1.995,1.625,25.5361084367875,5.31111453310098,10.96,34.63,68.64156,68.64156,"GEOID99   "
"CRMS0179_2007","Saline","Barataria",-89.69845,29.39623,2007,0,0,3.1,0,0,0,0.6432,0,0,0,1.9973,0,1.9973,35.4289,"1/1/2007 12:00:00 AM","12/31/2007 11:00:00 PM",17.1069991351146,4.36260940819428,9.4,27.31,1.0371369039791,0.687049959386447,-1.19,3.21,-0.0228630947089605,0.687049960885951,-2.25,2.15,23.7586981998056,6.85112036227449,2.54,37.2,78.40182,79.46347,"GEOID99   "
"CRMS0181_2007","Saline","Barataria",-89.70033,29.33823,2007,0,0,3.6,0,0,0,1.0362,0,0,0,3.728,0,3.728,88.4162,"5/15/2007 11:00:00 AM","12/31/2007 11:00:00 PM",19.2316073949879,4.91026834078071,6.25,31.64,1.17562996067483,0.595018420557286,-0.1,3.08,0.155629961317871,0.595018420078178,-1.12,2.06,25.4318063526684,5.79827609801391,7.68,35.64,55.53653,56.08447,"GEOID99   "
"CRMS0188_2007","Intermediate","Barataria",-90.13549,29.79541,2007,0.42,0.04,3.32,0.08,2.7432,0.125,1.0811,0.0152,2.1946,0.05,3.6377,0.0122,5.8944,71.2011,"1/1/2007 12:00:00 AM","12/31/2007 11:00:00 PM",0.844477440695093,0.457742405631267,0.18,3.06,0.910997144137533,0.494983054617207,-0.89,2.52,NA,NA,NA,NA,22.5276630498014,6.06298679668456,7.2,34.32,99.94292,99.94292,"GEOID99   "
"CRMS0189_2007","Fresh","Barataria",-90.26049,29.80993,2007,0,0,2.74,0.864,0,0,0.9923,0.231,0,0,2.6203,0.2514,2.8717,41.951,"5/24/2007 1:00:00 PM","12/31/2007 11:00:00 PM",0.729345247054145,0.220819086635992,0.22,1.72,1.31617685807615,0.287361069896725,0.89,2.45,NA,NA,NA,NA,22.3547225356438,3.89995878811093,12.74,27.39,60.67352,60.67352,"GEOID99   "
"CRMS0190_2007","Intermediate","Barataria",-90.26049,29.52686,2007,0,0,3.488,0,0,0,0.9509,0,0,0,3.3349,0,3.3349,49.0135,"1/1/2007 12:00:00 AM","12/31/2007 11:00:00 PM",NA,NA,NA,NA,1.01435138502672,0.420188143115306,0.23,2.48,0.054200547917709,0.36516181679527,-0.59,1.41,20.506195915223,1.65572628081313,17.84,24.17,0,90.63927,"GEOID99   "
"CRMS0192_2007","Fresh","Barataria",-90.54175,29.85348,2007,0,0,3.64,0,0,0,1.1581,0,0,0,4.2338,0,4.2338,59.2052,"1/1/2007 12:00:00 AM","12/31/2007 11:00:00 PM",0.125357057547794,0.0323602420921488,0.06,0.27,1.39127235760865,0.274747036374478,0.85,2.3,-0.00014210678436839,0.193875635226093,-0.38,0.61,18.0317757429187,5.42861790516248,7.14,25.52,95.59361,89.98859,"GEOID99   "
"CRMS0209_2007","Saline","Barataria",-89.79173,29.49057,2007,0,0,3.32,0,0,0,0.8686,0,0,0,2.8874,0,2.8874,65.3988,"1/1/2007 12:00:00 AM","12/31/2007 11:00:00 PM",11.2364751049909,3.72815097859049,2.51,20.92,0.876443653332832,0.605096026352173,-0.79,2.82,-0.0419899016246371,0.61459009011007,-1.72,1.92,23.0354344106072,6.60125159372805,2.82,35.24,99.71461,99.47488,"GEOID99   "
"CRMS0211_2007","Fresh","Barataria",-90.47925,29.7809,2007,0,0,3.56,0,0,0,1.213,0,0,0,4.2961,0,4.2961,61.0695,"1/1/2007 12:00:00 AM","12/31/2007 11:00:00 PM",0.256721086838376,0.0275936618258468,0.19,0.34,0.790464770743547,0.260281107887931,0.25,1.78,0.0910537727864019,0.23714142448718,-0.38,1.06,18.1418266914821,4.48281298378509,7.55,24.81,99.98859,99.96575,"GEOID99   "
"CRMS0219_2007","Fresh","Barataria",-90.32299,29.80267,2007,0,0,2.52,0,0,0,1.1214,0,0,0,2.834,0,2.834,40.887,"1/1/2007 12:00:00 AM","12/31/2007 11:00:00 PM",0.859340028434509,0.0628477898053203,0.65,0.99,1.15938530501559,0.267269041340825,0.67,2.25,0.238066910192682,0.264486284203061,-0.3,1.34,19.8090636974656,2.6092969116581,14.78,23.98,99.97717,96.94064,"GEOID99   "
"CRMS0220_2007","Brackish","Barataria",-90.07299,29.56315,2007,0,0,3,0,0,0,0.8747,0,0,0,2.6332,0,2.6332,50.1451,"1/1/2007 12:00:00 AM","12/31/2007 11:00:00 PM",4.63031648898351,2.7199809064171,0.54,13.48,0.917253917735712,0.516560325499865,-0.46,2.38,-0.25314357349071,0.516710050250074,-1.63,1.21,22.409032295679,6.98653295708407,0.91,37.04,91.25571,91.03881,"GEOID99   "
"CRMS0224_2007","Saline","Barataria",-89.91673,29.49782,2007,0,0,3.58,0,0,0,1.0574,0,0,0,3.7981,0,3.7981,84.9789,"1/1/2007 12:00:00 AM","12/31/2007 11:00:00 PM",8.21682670999039,2.87723961766,1.88,15.3,1.39584380991728,0.499928795130138,0.31,3.33,0.135843809980474,0.499928795128572,-0.95,2.07,22.5361667986994,7.15395507398361,-1.17,37.37,87.02055,94.42922,"GEOID99   "
"CRMS0225_2007","Intermediate","Barataria",-90.01048,29.56315,2007,0,0,1.48,1.64,0,0,0.5974,0.0322,0,0,0.9978,0.069,1.0668,18.3713,"1/1/2007 12:00:00 AM","12/31/2007 11:00:00 PM",4.17986766064649,2.68186089567221,0.51,12.52,0.803165138998163,0.37647741988148,-0.3,1.63,-0.126834862066621,0.376477416568887,-1.23,0.7,19.4274975784245,6.43454970089679,5.8,32.2,47.44292,4.977169,"GEOID99   "
"CRMS0226_2007","Saline","Barataria",-89.88548,29.51234,2007,0,0,3.52,0,0,0,0.9692,0,0,0,3.4166,0,3.4166,79.6227,"1/1/2007 12:00:00 AM","12/31/2007 11:00:00 PM",7.93515897390056,3.62092100714723,1.43,18.32,0.941505628254402,0.581559735768025,-1.2,2.93,-0.526069528380503,0.581637158927072,-2.67,1.47,22.5597142062387,6.82627889378667,5.14,34.66,92.27169,92.27169,"GEOID99   "
"CRMS0232_2007","Saline","Barataria",-90.01048,29.49783,2007,0,0,3.66,0,0,0,0.949,0,0,0,3.4843,0,3.4843,80.7894,"1/1/2007 12:00:00 AM","12/31/2007 11:00:00 PM",7.42087814171335,3.95758284743441,0.69,20.43,0.905153417933033,0.551957027774767,-0.44,2.75,-0.041230973556519,0.552245884529209,-1.39,1.8,22.9180719511222,7.10617965670522,-0.46,36.33,94.89725,94.49772,"GEOID99   "
"CRMS0237_2007","Saline","Barataria",-89.94798,29.47605,2007,0,0,3.62,0,0,0,1.1459,0,0,0,4.1508,0,4.1508,93.9623,"1/1/2007 12:00:00 AM","12/31/2007 11:00:00 PM",9.37073958961882,3.40309626676898,1.72,18.89,1.15217973399348,0.645875140220884,-0.92,3.51,0.0410891235766556,0.645983518075146,-2.03,2.4,23.4655075231563,6.4576549960037,6.15,35.12,84.12101,76.72374,"GEOID99   "
"CRMS0248_2007","Brackish","Barataria",-90.07299,29.59944,2007,0,0,2.82,0,0,0,0.902,0,0,0,2.5445,0,2.5445,52.5773,"5/14/2007 9:00:00 AM","12/31/2007 11:00:00 PM",4.1203114904643,2.44543818237537,0.73,12.77,1.16919877532357,0.438491869195532,-0.16,2.41,-0.00304105145797042,0.438766777525876,-1.33,1.24,26.2759308662181,5.70141353177526,8.47,37.19,63.40182,63.40182,"GEOID99   "
"CRMS0251_2007","Brackish","Barataria",-90.01048,29.5196,2007,0,0,3.42,0,0,0,1.0179,0,0,0,3.4804,0,3.4804,80.7865,"1/1/2007 12:00:00 AM","12/31/2007 11:00:00 PM",6.71667782151572,3.22480408037826,0.25,16.79,1.02364203194076,0.464100750939666,0.14,2.71,0.1183216131112,0.464347712826928,-0.77,1.81,21.8913380606223,7.89037181149363,-0.47,37.31,88.68722,86.03881,"GEOID99   "
"CRMS0253_2007","Brackish","Barataria",-90.07299,29.55589,2007,0,0,3.032,0,0,0,0.8079,0,0,0,2.4219,0,2.4219,48.7576,"1/1/2007 12:00:00 AM","12/31/2007 11:00:00 PM",4.81169701199961,2.88587318196597,0.77,13.61,0.917138802976193,0.471277860030859,-0.18,2.48,-0.21229013904346,0.471420498645498,-1.31,1.35,22.9691092834741,7.11700437443896,0.04,35.9,97.80822,96.55251,"GEOID99   "
"CRMS0258_2007","Brackish","Barataria",-89.82298,29.52686,2007,0,0,3.38,0,0,0,0.8567,0,0,0,2.9334,0,2.9334,65.206,"9/12/2007 3:00:00 PM","12/31/2007 11:00:00 PM",13.8224348771703,1.88991344496803,9.68,17.39,1.06595318980034,0.546134043032124,-0.23,2.65,0.0175726683406042,0.546556540787084,-1.28,1.6,21.4704077032297,5.48346307942936,6.51,34.01,30.23973,30.23973,"GEOID99   "
"CRMS0260_2007","Saline","Barataria",-89.85423,29.53411,2007,0,0,3.56,0,0,0,1.0393,0,0,0,3.6994,0,3.6994,85.8895,"7/25/2007 4:00:00 PM","12/31/2007 11:00:00 PM",10.1030360887365,3.93881073644595,1.78,17.71,1.18694298955657,0.490055849786961,-0.33,2.68,-0.0424973845762438,0.490312121578936,-1.56,1.45,24.3207897464102,6.45597083175893,7.43,36.45,43.65297,43.65297,"GEOID99   "
"CRMS0261_2007","Intermediate","Barataria",-90.10424,29.59944,2007,0,0.18,3.672,0,0,0.3262,1.5101,0,0,0.2975,5.5896,0,5.8872,71.4465,"5/14/2007 11:00:00 AM","12/31/2007 11:00:00 PM",2.95258711051653,1.96688619705581,0.39,11.71,1.21684238946664,0.451786724722036,-0.32,2.46,0.0975356559842653,0.452023031795272,-1.44,1.34,26.0049900579892,6.07386678635623,6.49,37.67,63.23059,63.23059,"GEOID99   "
"CRMS0263_2007","Brackish","Barataria",-89.88548,29.55589,2007,0,0,2.98,0,0,0,0.9234,0,0,0,2.7776,0,2.7776,59.2955,"11/2/2007 12:00:00 PM","12/31/2007 11:00:00 PM",11.7945409870348,1.68547074131903,7.52,16.34,0.76728100806198,0.387243513215271,-0.45,1.8,-0.447421162511263,0.387352929983075,-1.67,0.59,17.7849334150072,3.89150374543865,4.55,27.58,16.28995,16.28995,"GEOID99   "
"CRMS0268_2007","Fresh","Barataria",-90.60425,29.79541,2007,0,0.28,3.64,0,0,0.3413,1.2222,0,0,0.4742,4.4456,0,4.9197,68.7131,"1/1/2007 12:00:00 AM","12/31/2007 11:00:00 PM",0.121446512710549,0.0401324771217432,0.05,0.36,1.32896106812402,0.418534609660595,0.08,2.34,NA,NA,NA,NA,22.0582429388503,6.11774101202615,8.3,33.17,99.98859,99.98859,"GEOID99   "
"CRMS0272_2007","Saline","Barataria",-89.69798,29.41799,2007,0,0,2.94,0,0,0,1.2435,0,0,0,3.6055,0,3.6055,84.5171,"9/26/2007 11:00:00 AM","12/31/2007 11:00:00 PM",19.8025371917683,3.38941035283621,7.75,25.27,1.10120160152873,0.679813288699432,-0.31,3.19,0.371201601960378,0.679813288119886,-1.04,2.46,20.7045787822102,5.18275248703017,6.32,31.94,25.33105,25.65069,"GEOID99   "
"CRMS0273_2007","Fresh","Barataria",-90.32299,29.81718,2007,0,0,2.68,0,0,0,1.091,0,0,0,2.9286,0,2.9286,42.1944,"1/1/2007 12:00:00 AM","12/31/2007 11:00:00 PM",0.713784677351306,0.168682356702284,0.24,1.15,1.43438660169212,0.284797941412466,0.81,2.55,0.153026601041055,0.264392270612651,-0.4,1.18,19.4555337565418,4.62012167532422,7.37,25.72,99.98859,84.86301,"GEOID99   "
"CRMS0278_2007","Fresh","Barataria",-90.22924,29.80993,2007,0,0,2.92,0.992,0,0,0.835,0.175,0,0,2.4676,0.2263,2.6939,39.1414,"5/24/2007 4:00:00 PM","12/31/2007 11:00:00 PM",0.390205726153904,0.108981379545684,0.11,0.8,1.07554107317098,0.404398665248282,0.33,2.39,NA,NA,NA,NA,23.7039258392117,5.90127646896153,0,33.36,53.8242,57.80822,"GEOID99   "
"CRMS0282_2007","Saline","Barataria",-89.76048,29.49783,2007,0,0,3.08,0,0,0,0.9691,0,0,0,3.0488,0,3.0488,64.4821,"9/26/2007 2:00:00 PM","12/31/2007 11:00:00 PM",17.25857267619,2.74517029358001,11.63,21.86,1.06359618562766,0.668166998972745,-0.74,2.96,-0.086403812733729,0.668167000048792,-1.89,1.81,20.4209161546587,4.77187922102287,9.81,30.72,26.39269,26.34703,"GEOID99   "
"CRMS0292_2007","Saline","Terrebonne",-90.22924,29.14218,2007,0,0,1.68,0,0,0,0.6493,0,0,0,1.4802,0,1.4802,26.6765,"1/1/2007 12:00:00 AM","12/31/2007 11:00:00 PM",26.5547940355979,3.21609408032879,8.36,36.76,0.769036765456628,0.640482528719146,-1.46,2.59,-0.316402473336451,0.640509077083103,-2.55,1.5,23.5134235551208,6.96303835837083,2.48,40.4,93.39041,99.66895,"GEOID99   "
"CRMS0293_2007","Brackish","Terrebonne",-91.19802,29.24379,2007,0,0,3.88,0,0,0,0.6782,0,0,0,2.6211,0,2.6211,55.6831,"1/1/2007 12:00:00 AM","12/31/2007 11:00:00 PM",10.5067397529327,4.2016710547113,1.33,21.43,0.847580221351978,0.504211707358467,-1.28,2.06,-0.568114651007174,0.504309429400312,-2.69,0.64,23.0329073851166,7.01553923183761,3.53,36.47,99.96575,99.96575,"GEOID99   "
"CRMS0294_2007","Fresh","Terrebonne",-90.94801,29.41798,2007,0,0,3.58,0.08,0,0,1.0363,0.0061,0,0,3.7776,0.0049,3.7825,51.3992,"1/1/2007 12:00:00 AM","12/31/2007 11:00:00 PM",0.347814095074612,0.535428000480597,0.14,5.96,1.39203158996723,0.334624069382029,0.03,2.26,NA,NA,NA,NA,22.7525613577369,6.77980197450281,8.3,34.49,93.94977,93.94977,"GEOID99   "
"CRMS0296_2007","Fresh","Terrebonne",-90.91676,29.41798,2007,0,0,3.52,0,0,0,0.8412,0,0,0,2.9686,0,2.9686,42.8334,"1/1/2007 12:00:00 AM","12/31/2007 11:00:00 PM",3.72110543974633,0.346013101925736,2.66,4.3,1.37597706681644,0.256886841644496,0.83,2.23,0.037850118010446,0.252772517854756,-0.41,1.07,20.9930959933279,3.09321179608981,15.43,25.96,91.70091,73.66438,"GEOID99   "
"CRMS0302_2007","Saline","Terrebonne",-90.91699,29.14783,2007,0,0,2.2,0,0,0,0.5641,0,0,0,1.2349,0,1.2349,14.1745,"1/1/2007 12:00:00 AM","12/31/2007 11:00:00 PM",22.4566832549177,4.50143347162435,9.38,35.77,0.849564441373706,0.76303329316197,-2,3.32,-0.270435557828792,0.763033293471236,-3.12,2.2,22.4133732374437,6.62655501800986,6.09,36.27,75.71918,89.6347,"GEOID99   "
"CRMS0303_2007","Saline","Terrebonne",-91.07301,29.24379,2007,0,0,3.44,0,0,0,0.6156,0,0,0,2.1327,0,2.1327,40.0043,"1/1/2007 12:00:00 AM","12/31/2007 11:00:00 PM",13.3284274220058,4.64063120414858,1.24,25.25,0.848558218626425,0.724293285464638,-1.28,2.96,-0.411441780337171,0.724293285065672,-2.54,1.7,22.9713378958506,7.01255203721742,2.4,37.86,99.88585,100,"GEOID99   "
"CRMS0305_2007","Intermediate","Terrebonne",-91.19802,29.38895,2007,0,0,2.36,0,0,0,0.8077,0,0,0,1.8533,0,1.8533,28.3374,"1/1/2007 12:00:00 AM","12/31/2007 11:00:00 PM",1.38710541839427,2.19969859467504,0,14.99,0.782148655783651,0.71939168478346,-1.5,2.88,-0.587851342670044,0.719391683796145,-2.87,1.51,22.8505398578641,7.31246439018322,4.29,37.44,77.10046,99.82877,"GEOID99   "
"CRMS0307_2007","Saline","Terrebonne",-90.82301,29.25105,2007,0,0,3.46,0,0,0,1.1063,0,0,0,3.8169,0,3.8169,88.9883,"5/9/2007 10:00:00 AM","12/31/2007 11:00:00 PM",13.3456150845066,2.29455061674033,7.74,20.72,1.1534555705234,0.583220113707959,-0.72,2.81,0.0901815937510173,0.58346249252064,-1.78,1.75,25.6867853338802,5.50115573111155,8.29,34.98,64.77169,64.74886,"GEOID99   "
"CRMS0309_2007","Brackish","Terrebonne",-91.19802,29.25105,2007,0,0,3.1,0,0,0,0.7133,0,0,0,2.2112,0,2.2112,42.0779,"1/1/2007 12:00:00 AM","12/31/2007 11:00:00 PM",11.7663999970754,4.8191893189637,1.16,25.18,0.78316543127069,0.653013660013366,-1.26,2.53,-0.512327571527519,0.653018381827176,-2.55,1.24,24.5179293575954,5.81766924242001,8.94,34.84,69.34931,69.34931,"GEOID99   "
"CRMS0310_2007","Saline","Terrebonne",-90.29328,29.29463,2007,0,0,2.78,0,0,0,0.9509,0,0,0,2.6339,0,2.6339,57.225,"1/1/2007 12:00:00 AM","12/31/2007 11:00:00 PM",18.4714895295229,4.41022312512838,7.05,28.74,0.898395856275314,0.567737714123519,-0.47,2.45,0.00839585657252368,0.567737712621171,-1.36,1.56,21.8555173970387,6.90275512196443,0.56,36.92,74.64612,81.55251,"GEOID99   "
"CRMS0311_2007","Saline","Terrebonne",-90.79176,29.21476,2007,0,0,3.6,0,0,0,0.89,0,0,0,3.2028,0,3.2028,75.2835,"1/1/2007 12:00:00 AM","12/31/2007 11:00:00 PM",17.4063907746346,4.35247117801407,2.39,26.75,0.951624237028407,0.608433425015493,-0.62,2.94,0.204213036060718,0.591601625375828,-1.51,2.05,23.1894621449382,6.40043031511071,1.1,36.06,99.44064,99.09818,"GEOID99   "
"CRMS0312_2007","Intermediate","Terrebonne",-90.3855,29.50508,2007,0,0,3,0,0,0,0.759,0,0,0,2.3135,0,2.3135,34.2549,"1/1/2007 12:00:00 AM","12/31/2007 11:00:00 PM",2.95999056555913,0.771286509726887,0.26,7.53,1.05773501546883,0.462868561845196,-0.21,2.74,NA,NA,NA,NA,22.0374927363712,5.50294212359188,4.85,32.22,84.70319,90.46804,"GEOID99   "
"CRMS0315_2007","Saline","Terrebonne",-90.573,29.40347,2007,0,0,3.3,0,0,0,0.9538,0,0,0,3.1503,0,3.1503,73.1993,"1/1/2007 12:00:00 AM","12/31/2007 11:00:00 PM",9.86003440819366,2.77140786198626,1.25,16.48,1.19117442738453,0.609206759164538,-0.15,3.49,-0.0822243506549776,0.609488439145194,-1.42,2.22,22.9847416074508,6.90528696275245,-1.22,37.24,96.21004,95.35388,"GEOID99   "
"CRMS0318_2007","Saline","Terrebonne",-90.32546,29.29465,2007,0,0,2.64,0,0,0,0.7469,0,0,0,1.9913,0,1.9913,36.0634,"1/1/2007 12:00:00 AM","12/31/2007 11:00:00 PM",20.5066911806644,2.53620291668892,3.01,26.61,1.02340254429603,0.635779944245106,-0.33,3.02,0.0534025446998704,0.635779942975025,-1.3,2.05,23.0072522837287,7.30448041443047,-1.29,40.12,96.25571,95.11415,"GEOID99   "
"CRMS0319_2007","Saline","Terrebonne",-90.32471,29.32367,2007,0,0,2.46,0,0,0,0.7316,0,0,0,1.7912,0,1.7912,28.1757,"6/14/2007 11:00:00 AM","12/31/2007 11:00:00 PM",19.9397957849898,1.41731748355779,11.06,24,0.820223213766865,0.52883334695325,-0.87,2.07,-0.176306818098634,0.529337213426564,-1.87,1.07,25.1999074990669,6.96901426917547,10.68,36.67,35.77625,28.12786,"GEOID99   "
"CRMS0322_2007","Saline","Terrebonne",-91.10454,29.24379,2007,0,0,2.76,0,0,0,0.7043,0,0,0,1.9343,0,1.9343,34.2871,"1/1/2007 12:00:00 AM","12/31/2007 11:00:00 PM",15.922451730103,4.24708876177458,3.76,26.55,0.917025114046452,0.505258192095848,-0.59,2.55,-0.192974885645616,0.505258190919553,-1.7,1.44,23.2525559397593,6.69703493553296,4.29,35.9,99.9201,100,"GEOID99   "
"CRMS0326_2007","Brackish","Terrebonne",-91.07301,29.27282,2007,0,0,2.98,0,0,0,0.8078,0,0,0,2.4483,0,2.4483,43.1444,"1/1/2007 12:00:00 AM","12/31/2007 11:00:00 PM",9.04556963738377,4.04404711166994,0.94,18.73,1.00588926856946,0.614101022661507,-1.02,3.63,-0.227110730620903,0.614101024315103,-2.253,2.397,23.1501678050381,6.50997940536771,5.81,35.89,100,100,"GEOID99   "
"CRMS0327_2007","Fresh","Terrebonne",-91.07301,29.44702,2007,0,0.08,3.66,0,0,0.1372,0.8321,0,0,0.1098,3.0364,0,3.1461,45.2407,"5/8/2007 1:00:00 PM","12/31/2007 11:00:00 PM",0.487066578193234,0.708881756751656,0.19,7.48,1.1571179620116,0.382042503156232,-0.32,2.18,NA,NA,NA,NA,27.1133355753458,5.27504807118219,13.79,35.06,51.09589,51.09589,"GEOID99   "
"CRMS0331_2007","Fresh","Terrebonne",-90.54175,29.58492,2007,0,0.08,3.42,0,0,0.3719,0.7926,0,0,0.1488,2.6381,0,2.7868,40.5377,"1/1/2007 12:00:00 AM","12/31/2007 11:00:00 PM",0.253484017617966,0.0371226014348066,0.1,0.38,1.30080821925294,0.407525575473521,-0.01,2.56,NA,NA,NA,NA,21.635574200382,5.54793876008129,9.16,30.51,100,100,"GEOID99   "
"CRMS0332_2007","Saline","Terrebonne",-91.04176,29.30185,2007,0,0,3.4,0,0,0,0.9296,0,0,0,3.2003,0,3.2003,71.0483,"1/1/2007 12:00:00 AM","12/31/2007 11:00:00 PM",8.50949505217152,4.89830281361879,0.47,22.49,0.991146069280077,0.606908028805079,-1.26,2.8,-0.464853929834605,0.60690802956781,-2.716,1.344,22.6255066387961,6.79268386363357,3.83,35.9,92.23744,95.42238,"GEOID99   "
"CRMS0335_2007","Saline","Terrebonne",-90.38772,29.27286,2007,0,0,1.62,0,0,0,0.6434,0,0,0,1.0514,0,1.0514,10.8556,"6/25/2007 10:00:00 AM","12/31/2007 11:00:00 PM",NA,NA,NA,NA,1.47161538315343,0.34743681206986,0.96,2.99,0.481615384671387,0.347436812304099,-0.03,2,NA,NA,NA,NA,0,51.94064,"GEOID99   "
"CRMS0336_2007","Saline","Terrebonne",-90.38642,29.32365,2007,0,0,3.06,0,0,0,0.7012,0,0,0,2.2121,0,2.2121,43.4218,"1/1/2007 12:00:00 AM","12/31/2007 11:00:00 PM",18.880455318046,2.33003137817555,10.24,23.22,0.966070170825329,0.676474240671527,-0.9,2.99,-0.0852239891675052,0.676740798778495,-1.95,1.94,23.6704087734158,6.45451672839312,0.48,35.72,86.99772,94.02969,"GEOID99   "
"CRMS0337_2007","Saline","Terrebonne",-90.35593,29.30915,2007,0,0,2.88,0,0,0,0.7073,0,0,0,2.0371,0,2.0371,37.4862,"1/1/2007 12:00:00 AM","12/31/2007 11:00:00 PM",18.1049491086312,3.59894358407923,8.37,25.26,0.926018846666283,0.661322221288512,-0.56,2.99,-0.105981152558169,0.661322220959114,-1.592,1.958,22.277742225338,7.18500884759699,-0.46,36.13,65.04566,73.89269,"GEOID99   "
"CRMS0338_2007","Saline","Terrebonne",-90.41821,29.33091,2007,0,0,2.66,0,0,0,0.6585,0,0,0,1.7517,0,1.7517,27.7701,"1/1/2007 12:00:00 AM","12/31/2007 11:00:00 PM",19.2520669839842,2.95157971806795,7.42,24.61,0.923840254244587,0.692814063727306,-0.8,3.03,0.00884025496197315,0.692814064185336,-1.715,2.115,23.2037542670196,6.73791693984501,3.83,37.05,89.96575,96.75799,"GEOID99   "
"CRMS0341_2007","Saline","Terrebonne",-90.51227,29.30914,2007,0,0,3,0,0,0,0.7437,0,0,0,2.2275,0,2.2275,43.7611,"5/17/2007 2:00:00 PM","12/31/2007 11:00:00 PM",21.3867743527993,2.75549411051862,9.64,30.45,1.06230518152533,0.68382637319885,-1.11,3.15,-0.0381401151315007,0.684100017775213,-2.21,2.05,23.9189592918547,6.13293293351104,4.01,36.76,47.3516,59.47488,"GEOID99   "
"CRMS0345_2007","Saline","Terrebonne",-90.76129,29.17122,2007,0,0,2.52,0,0,0,0.7071,0,0,0,1.767,0,1.767,30.1805,"1/1/2007 12:00:00 AM","12/31/2007 11:00:00 PM",21.6683958042526,3.08476973909938,11.59,32.03,0.47155857465963,0.660767530091751,-1.47,2.55,-0.104441424829781,0.660767530495099,-2.046,1.974,23.0366499132967,6.82458051590075,3.84,36.57,80.69634,99.97717,"GEOID99   "
"CRMS0347_2007","Saline","Terrebonne",-90.69962,29.16397,2007,0,0,2.76,0,0,0,0.9478,0,0,0,2.5849,0,2.5849,55.8852,"1/1/2007 12:00:00 AM","12/31/2007 11:00:00 PM",20.1773349643904,3.33219276113824,5.96,27.22,0.659317162883046,0.574482365641814,-0.44,2.79,0.11331716384595,0.574482366400652,-0.986,2.244,22.7181025587079,7.08225766871325,0.19,39.63,88.71004,86.59818,"GEOID99   "
"CRMS0354_2007","Intermediate","Terrebonne",-91.01051,29.33088,2007,0,0,2.2,0.156,0,0,0.6678,0.0608,0,0,1.496,0.0237,1.5198,23.2566,"1/1/2007 12:00:00 AM","12/31/2007 11:00:00 PM",4.80677850777214,3.53435809167524,0.06,17.24,1.05442233814805,0.520789777993535,-0.2,2.76,-0.196807446114507,0.52112782867653,-1.45,1.51,22.9638154130682,7.11368238168413,0.8,37.85,99.00685,98.11644,"GEOID99   "
"CRMS0355_2007","Saline","Terrebonne",-90.54149,29.29663,2007,0,0.88,2.116,0.36,0,0.5944,0.5921,0.1311,0,1.2925,1.4722,0.1176,2.8823,57.5533,"1/1/2007 12:00:00 AM","12/31/2007 11:00:00 PM",NA,NA,NA,NA,1.35364419135559,0.356615611656646,0.74,3.29,0.158644194716702,0.356615610995862,-0.455,2.095,17.5675589331326,3.16034533913038,12.05,23.8,0,91.43836,"GEOID99   "
"CRMS0367_2007","Fresh","Terrebonne",-90.573,29.62847,2007,0,0.36,3.58,0,0,0.4419,1.0118,0,0,0.8137,3.6486,0,4.4623,59.1075,"1/1/2007 12:00:00 AM","12/31/2007 11:00:00 PM",0.218968706378222,0.0484413688558932,0.09,0.45,1.21218039294396,0.433458605939055,-0.16,2.6,NA,NA,NA,NA,23.1332309286907,6.77690372005295,6.44,35.71,99.95434,90.3653,"GEOID99   "
"CRMS0369_2007","Saline","Terrebonne",-90.69801,29.2946,2007,0,0,3.2,0,0,0,0.8441,0,0,0,2.6951,0,2.6951,59.0607,"5/31/2007 11:00:00 AM","12/31/2007 11:00:00 PM",10.1245299126979,4.01242778255024,1.24,18.56,1.41651479445071,0.479906682766176,-0.26,2.6,-0.249859088502943,0.480043043466926,-1.92,0.94,26.1523605834967,6.07006473044355,6.77,36.85,56.09589,48.6073,"GEOID99   "
"CRMS0371_2007","Fresh","Terrebonne",-91.07301,29.42524,2007,0,0.012,3.5,0,0,0.2743,0.963,0,0,0.0329,3.3857,0,3.4187,49.089,"1/1/2007 12:00:00 AM","12/31/2007 11:00:00 PM",0.411167808335496,0.692707859064474,0.11,7.89,0.965102739007421,0.371889045559132,-0.52,2.1,NA,NA,NA,NA,22.1868059433759,6.7982303192984,7.85,34.62,100,100,"GEOID99   "
"CRMS0374_2007","Saline","Terrebonne",-90.793,29.1567,2007,0,0,2.32,0,0,0,0.6096,0,0,0,1.4965,0,1.4965,23.5332,"1/1/2007 12:00:00 AM","12/31/2007 11:00:00 PM",21.0458665185119,3.09142479236124,9.34,27.63,0.98027941313316,0.53419426339567,-0.1,2.77,-0.0997205855690454,0.534194262165399,-1.18,1.69,23.1217151646616,6.96223624681384,0.29,38.72,83.98402,83.34475,"GEOID99   "
"CRMS0376_2007","Saline","Terrebonne",-90.85667,29.12767,2007,0,0,2.4,0,0,0,0.8412,0,0,0,2.0103,0,2.0103,36.0026,"1/1/2007 12:00:00 AM","12/31/2007 11:00:00 PM",21.9449637531771,3.87262316657991,9.58,38.77,0.900424802461651,0.721120297426017,-1.21,3.02,0.100424802793936,0.721120296930647,-2.01,2.22,23.127468309079,6.69053702502057,5.65,36.29,88.19635,99.96575,"GEOID99   "
"CRMS0377_2007","Saline","Terrebonne",-91.0108,29.22927,2007,0,0,2.76,0,0,0,0.4633,0,0,0,1.2839,0,1.2839,15.5923,"6/6/2007 12:00:00 PM","12/31/2007 11:00:00 PM",17.6278280970138,3.49547816591047,8.96,25.6,1.02664328607953,0.691276495455109,-1.23,2.98,-0.225937875539796,0.691367143004474,-2.49,1.73,25.6066246015521,6.00268919685711,10.53,34.27,56.97489,56.96347,"GEOID99   "
"CRMS0381_2007","Fresh","Terrebonne",-90.85426,29.44702,2007,0,0.3,3.136,0.024,0,0.2408,0.9754,0.0091,0,0.3695,3.2786,8e-04,3.6489,52.3966,"1/1/2007 12:00:00 AM","12/31/2007 11:00:00 PM",1.95444696809596,0.297516045473601,1.17,2.53,1.27981364926058,0.270450661506853,0.86,2.11,NA,NA,NA,NA,21.5008148485857,5.55238068539712,6.74,28.69,70.28539,76.57535,"GEOID99   "
"CRMS0382_2007","Fresh","Terrebonne",-90.85426,29.4325,2007,0.004,0.776,3.16,0.232,0.3658,1.1889,0.7558,0.0152,0.0146,1.5096,2.3936,0.0184,3.9362,54.5266,"1/1/2007 12:00:00 AM","12/31/2007 11:00:00 PM",1.52063477360021,0.573230952141777,0.17,2.46,1.27112912355268,0.307393280827519,0.53,2.18,NA,NA,NA,NA,21.9751512624042,5.38680009944033,7.88,30.85,99.98859,99.98859,"GEOID99   "
"CRMS0383_2007","Saline","Terrebonne",-90.94888,29.2075,2007,0,0,2.66,0,0,0,0.6505,0,0,0,1.7414,0,1.7414,27.7609,"1/1/2007 12:00:00 AM","12/31/2007 11:00:00 PM",16.6571772449563,4.0774197114164,4.86,26.23,1.16042298531564,0.657122456854561,-1.03,2.82,-0.154755809236667,0.657224912534415,-2.345,1.5,23.1859400647952,6.86802982521606,6.61,36.85,76.8379,82.04338,"GEOID99   "
"CRMS0386_2007","Saline","Terrebonne",-90.35425,29.4325,2007,0,0.2,3.64,0,0,0.1219,0.8444,0,0,0.2438,3.0807,0,3.3245,74.2614,"1/1/2007 12:00:00 AM","12/31/2007 11:00:00 PM",11.9867016739709,3.42842198842085,2.59,19.75,1.05031396217159,0.491690118716381,-0.44,2.73,-0.164098641214094,0.491946775626468,-1.65,1.52,23.5213563194802,6.72140370726522,5.34,36.83,99.98859,99.98859,"GEOID99   "
"CRMS0387_2007","Saline","Terrebonne",-90.323,29.41073,2007,0,0,3.46,0,0,0,0.6767,0,0,0,2.3392,0,2.3392,46.9226,"1/1/2007 12:00:00 AM","12/31/2007 11:00:00 PM",14.0616108968986,3.82855437496915,3.54,24.16,0.802876105983803,0.512729183204097,-0.84,2.64,-0.498743085977487,0.512798778882408,-2.15,1.34,23.4097149974839,6.9364479665517,4.45,50,82.55708,82.55708,"GEOID99   "
"CRMS0390_2007","Intermediate","Terrebonne",-90.66676,29.46879,2007,0,0,1.7891,0.4364,0,0,0.7536,0.0221,0,0,1.4573,0.0393,1.4966,25.8818,"1/1/2007 12:00:00 AM","12/31/2007 11:00:00 PM",8.27313258084112,1.72496511606067,4.3,12.18,0.984245618785043,0.477861330035217,-0.14,2.34,-0.0902401038692112,0.478207453790887,-1.21,1.27,23.1216053018627,7.24677254686796,3.82,37.03,79.98859,70.3653,"GEOID99   "
"CRMS0392_2007","Intermediate","Terrebonne",-90.66676,29.45428,2007,0,0,1.96,0.5,0,0,0.896,0.0395,0,0,1.7535,0.0748,1.8283,29.5488,"7/26/2007 11:00:00 AM","12/31/2007 11:00:00 PM",9.02534734241754,0.854322553976712,6.84,10.11,1.22980598917021,0.433181016652431,0.31,2.56,0.0266590581800305,0.421728943176667,-0.92,1.32,25.4662884103813,5.41994654987626,8.21,31.43,26.621,40.01141,"GEOID99   "
"CRMS0394_2007","Brackish","Terrebonne",-90.85426,29.35992,2007,0,0,3.44,0.056,0,0,0.7711,0.0091,0,0,2.6553,0.0011,2.6564,49.9104,"1/1/2007 12:00:00 AM","12/31/2007 11:00:00 PM",5.69502038121701,1.75483072808388,-0.02,12.43,1.14926704268378,0.380927338453446,0.46,2.58,NA,NA,NA,NA,23.4642724247571,6.86992181732008,0.11,36.63,92.43151,86.90639,"GEOID99   "
"CRMS0395_2007","Intermediate","Terrebonne",-90.88551,29.35992,2007,0,0,3.36,0.06,0,0,0.7514,0.0015,0,0,2.5495,9e-04,2.5504,40.6913,"1/1/2007 12:00:00 AM","12/31/2007 11:00:00 PM",3.86646613837598,2.41132936607511,0.5,15,1.09164916876534,0.471473844669272,-0.38,2.64,NA,NA,NA,NA,23.6741049448261,6.66364528518058,4.8,36.48,93.55023,93.51598,"GEOID99   "
"CRMS0396_2007","Brackish","Terrebonne",-90.88551,29.3454,2007,0,0,3.34,0,0,0,0.8837,0,0,0,2.9424,0,2.9424,65.9047,"1/1/2007 12:00:00 AM","12/31/2007 11:00:00 PM",6.35081449507642,3.37804585315735,0.78,18.57,1.03363144919665,0.485448767104627,-0.7,2.58,NA,NA,NA,NA,22.8655479008208,6.64245061396527,4.85,34.58,92.92237,92.92237,"GEOID99   "
"CRMS0397_2007","Saline","Terrebonne",-90.26049,29.35266,2007,0,0,3.36,0,0,0,0.9022,0,0,0,3.04,0,3.04,70.4361,"1/1/2007 12:00:00 AM","12/31/2007 11:00:00 PM",15.7044418656549,2.79923998002793,6.14,20.58,0.927737345103916,0.513831131128588,-0.49,2.7,-0.0705714950879811,0.514084673136734,-1.48,1.7,23.6210812610059,6.78292651930185,0,36.34,88.35617,97.87671,"GEOID99   "
"CRMS0398_2007","Intermediate","Terrebonne",-90.91676,29.38895,2007,0,0,3.08,0.096,0,0,0.8109,0.0182,0,0,2.4754,0.0049,2.4802,42.3216,"1/1/2007 12:00:00 AM","12/31/2007 11:00:00 PM",NA,NA,NA,NA,1.21329717923142,0.295286596249839,0.51,2.35,-0.240840278689011,0.295268468102206,-0.95,0.89,15.8796643749638,2.01426013672789,11.17,19.96,0,99.98859,"GEOID99   "
"CRMS0399_2007","Intermediate","Terrebonne",-91.10426,29.30185,2007,0,0,3,0.08,0,0,0.5701,0.0061,0,0,1.8238,0.0049,1.8287,34.7381,"1/1/2007 12:00:00 AM","12/31/2007 11:00:00 PM",5.8984242365693,3.27780393355737,0.44,18.61,1.07870300659444,0.385477764305582,0.1,2.37,-0.532296992322141,0.385477765608118,-1.511,0.759,23.4522032699319,7.08281579306069,4.03,36.16,84.97717,85.02283,"GEOID99   "
"CRMS0400_2007","Intermediate","Terrebonne",-90.5105,29.49057,2007,0,0,2.74,0,0,0,0.5701,0,0,0,1.558,0,1.558,24.0636,"1/1/2007 12:00:00 AM","12/31/2007 11:00:00 PM",5.88353379707209,4.14425692580471,0.39,17.91,1.37430121474663,0.390824162405727,0.11,2.51,0.144204471311447,0.390914164045391,-1.12,1.28,23.7726513336088,6.1744322656996,8.94,37.05,87.31735,87.31735,"GEOID99   "
"CRMS0416_2007","Brackish","Terrebonne",-90.47925,29.47605,2007,0,0.84,2.596,0,0,0.8717,0.8352,0,0,1.3106,2.3796,0,3.6902,59.0907,"1/1/2007 12:00:00 AM","12/31/2007 11:00:00 PM",6.52702249347218,1.74341205040859,2.06,12.89,1.18142586801685,0.424051484875509,0,2.48,-0.177230707129708,0.424458014347914,-1.36,1.12,23.8396848765039,6.60953834156559,4.8,37.65,99.98859,84.46347,"GEOID99   "
"CRMS0421_2007","Saline","Terrebonne",-90.82439,29.17122,2007,0,0,2.22,0,0,0,0.7498,0,0,0,1.677,0,1.677,25.6852,"1/1/2007 12:00:00 AM","12/31/2007 11:00:00 PM",19.6665624514933,4.08768211421922,6.25,29.28,0.808696439253885,0.691523758835265,-1.8,2.92,0.108696439229829,0.691523758361556,-2.5,2.22,22.9128002491354,6.81031032012035,7.89,34.96,94.57763,94.57763,"GEOID99   "
"CRMS0434_2007","Saline","Terrebonne",-90.72926,29.32363,2007,0,0,3.18,0,0,0,0.9541,0,0,0,3.0647,0,3.0647,62.7099,"1/1/2007 12:00:00 AM","12/31/2007 11:00:00 PM",7.38091315794977,5.56375279229147,0.15,23.38,1.13808074939933,0.499986843810094,-0.38,2.74,-0.222321857107384,0.500169801946087,-1.74,1.38,26.1323668451326,6.2234836040872,10.94,38.37,97.00913,99.80593,"GEOID99   "
"CRMS0461_2007","Fresh","Atchafalaya",-91.32302,29.58492,2007,0,0,3.5,0,0,0,1.2101,0,0,0,4.1308,0,4.1308,56.071,"1/1/2007 12:00:00 AM","12/31/2007 11:00:00 PM",0.226280910805556,0.0634597429380089,0.1,0.81,1.37853851601611,0.597043874158855,-0.57,3.01,-0.293461482048871,0.5970438747145,-2.242,1.338,20.4044085692686,7.86515091063705,5.5,35.59,93.71004,93.65297,"GEOID99   "
"CRMS0463_2007","Fresh","Atchafalaya",-91.32302,29.49057,2007,0,0,3.34,0,0,0,1.0149,0,0,0,3.5201,0,3.5201,48.3844,"1/1/2007 12:00:00 AM","12/31/2007 11:00:00 PM",0.438114895898558,0.60452136661009,0.06,9.23,1.13195190277217,0.6739581878326,-0.4,3.4,NA,NA,NA,NA,23.3543486923875,6.03289710766606,5.77,36.16,85.44521,85.44521,"GEOID99   "
"CRMS0464_2007","Fresh","Atchafalaya",-91.38552,29.5196,2007,0.34,0,3.16,0,0.6096,0,0.8322,0,2.0726,0,2.6302,0,4.7028,43.5167,"1/1/2007 12:00:00 AM","12/31/2007 11:00:00 PM",0.214715671751836,0.230024777871097,0,0.81,1.2831108637779,0.663622663716061,-0.78,3.57,NA,NA,NA,NA,22.3391605413984,6.19418791955025,7.86,30.44,49.38356,82.27169,"GEOID99   "
"CRMS0465_2007","Fresh","Atchafalaya",-91.38552,29.54137,2007,0.64,0,2.8,0,3.2004,0,1.1918,0,5.4254,0,3.3407,0,8.7662,69.3775,"1/1/2007 12:00:00 AM","12/31/2007 11:00:00 PM",0.19433805341465,0.0669271522067238,0.09,0.39,1.25822056892525,0.523544094281151,-0.16,2.9,NA,NA,NA,NA,19.592245456368,8.03569204799019,6.93,32.73,50.78767,46.06165,"GEOID99   "
"CRMS0482_2007","Fresh","Atchafalaya",-91.35427,29.58492,2007,0,0,3.62,0,0,0,0.817,0,0,0,2.9644,0,2.9644,43.0555,"6/7/2007 1:00:00 PM","12/31/2007 11:00:00 PM",0.263024812472342,0.0283732648720723,0.21,0.36,0.818845831815819,0.664015153256863,-1.15,2.49,-0.43715416773004,0.664015153330933,-2.406,1.234,23.4599079959466,6.17258817490614,10.85,32.62,40.94749,40.94749,"GEOID99   "
"CRMS0488_2007","Fresh","Teche/Vermilion",-91.54178,29.70831,2007,0.18,0,2.82,0,0.2713,0,1.0941,0,0.4883,0,3.0829,0,3.5713,50.9963,"1/1/2007 12:00:00 AM","12/31/2007 11:00:00 PM",0.346513891065334,0.0601992799051907,0.16,0.54,1.98175477326203,0.217887336512141,1.58,3.1,0.451754775940202,0.217887338223035,0.05,1.57,18.8998347141443,5.4515891790048,7.29,26.37,97.38585,97.38585,"GEOID99   "
"CRMS0489_2007","Fresh","Teche/Vermilion",-91.54178,29.59944,2007,0,0,2.46,0,0,0,1.1765,0,0,0,2.8431,0,2.8431,41.7064,"1/1/2007 12:00:00 AM","12/31/2007 11:00:00 PM",1.58706853659214,2.04611055075637,0.1,9.96,1.22839039138385,0.645420909668402,-0.26,3.72,-0.378928122538182,0.645560366527784,-1.87,2.11,21.3835744553164,7.31841175971369,-1.54,36.43,73.28767,63.68722,"GEOID99   "
"CRMS0490_2007","Fresh","Teche/Vermilion",-91.51053,29.67928,2007,0,0,2.02,0,0,0,1.085,0,0,0,2.1987,0,2.1987,32.583,"3/27/2007 11:00:00 AM","12/31/2007 11:00:00 PM",NA,NA,NA,NA,1.77348494024871,0.17392150102298,1.45,2.53,0.503484937841505,0.173921501286395,0.18,1.26,22.1802204753246,2.88478142495914,13.88,26.09,0,76.55251,"GEOID99   "
"CRMS0493_2007","Fresh","Teche/Vermilion",-91.76053,29.75186,2007,0.024,0,3.08,0,0.5913,0,0.8168,0,0.0729,0,2.5187,0,2.5916,37.779,"11/5/2007 12:00:00 PM","12/31/2007 11:00:00 PM",0.672433660936862,0.323771975068902,0.22,2.14,0.659460076022567,0.685975356405746,-0.99,2.2,-1.19685931522187,0.685788844321021,-2.85,0.35,16.4156538180483,3.51776338370384,7.37,24.14,15.05708,15.01141,"GEOID99   "
"CRMS0494_2007","Intermediate","Teche/Vermilion",-91.79178,29.7446,2007,0,0,2.68,0,0,0,0.768,0,0,0,2.1223,0,2.1223,32.0984,"1/1/2007 12:00:00 AM","12/31/2007 11:00:00 PM",1.15816607097105,0.876460417206204,0.08,5.76,1.46149112991245,0.317285427503651,1.01,3.2,-0.0241158536788667,0.321409481894037,-0.48,1.72,21.3002581662161,6.91711209090567,-1.4,34.52,92.93379,82.37443,"GEOID99   "
"CRMS0498_2007","Brackish","Teche/Vermilion",-91.85429,29.49783,2007,0,0,2.02,0,0,0,0.6676,0,0,0,1.4083,0,1.4083,22.8912,"4/17/2007 11:00:00 AM","12/31/2007 11:00:00 PM",9.02342465951691,2.76476036255378,3.41,14.54,1.45355841979492,0.284888484686178,0.14,2.39,0.353558420273119,0.28488848463894,-0.96,1.29,25.4556357742605,5.39373331596268,8.57,36.34,70.83333,70.83333,"GEOID99   "
"CRMS0499_2007","Brackish","Teche/Vermilion",-91.85429,29.57041,2007,0,0,2.84,0,0,0,1.0516,0,0,0,2.9994,0,2.9994,66.2644,"4/18/2007 10:00:00 AM","12/31/2007 11:00:00 PM",5.62055868294613,2.52131039328153,2.01,11.69,1.31340052801051,0.455276383339499,-0.01,2.7,0.0334005286007312,0.455276382779687,-1.29,1.42,25.7679097651253,5.86336420108217,2.78,37.47,69.06393,69.08676,"GEOID99   "
"CRMS0504_2007","Brackish","Teche/Vermilion",-91.88554,29.53412,2007,0,0,2.3,0,0,0,0.7712,0,0,0,1.782,0,1.782,28.9082,"4/17/2007 1:00:00 PM","12/31/2007 11:00:00 PM",5.72529576576163,2.05817474711262,2.04,10.85,1.29920350555647,0.393896458842391,0.1,2.32,0.442156313448961,0.394029288433863,-0.76,1.46,24.4698302692896,5.84543990883332,4.32,37.55,61.1758,61.19863,"GEOID99   "
"CRMS0514_2007","Intermediate","Teche/Vermilion",-91.82304,29.85347,2007,0,0,2.94,0,0,0,1.2679,0,0,0,3.6537,0,3.6537,53.2263,"1/1/2007 12:00:00 AM","12/31/2007 11:00:00 PM",1.61702180916797,0.640027473100714,0.24,3.62,1.19908312357793,0.778870615663937,-0.71,3.26,-1.03091687445732,0.778870612858848,-2.94,1.03,21.9927905901133,6.84242666419788,2.17,37.35,99.96575,99.97717,"GEOID99   "
"CRMS0517_2007","Intermediate","Teche/Vermilion",-91.57303,29.64299,2007,0,0,2.64,0,0,0,0.9084,0,0,0,2.4411,0,2.4411,35.8667,"1/1/2007 12:00:00 AM","12/31/2007 11:00:00 PM",1.32495220662876,1.74165253182776,0.09,7.63,1.17034952048428,0.823368409323002,-1.28,3.68,-0.879650478027284,0.823368409459622,-3.33,1.63,22.4876420675217,6.70563053150835,0.09,34.54,99.121,98.96119,"GEOID99   "
"CRMS0520_2007","Intermediate","Teche/Vermilion",-91.88554,29.58492,2007,0,0,3.78,0,0,0,1.012,0,0,0,3.8255,0,3.8255,67.3191,"4/19/2007 12:00:00 PM","12/31/2007 11:00:00 PM",5.49515284984092,2.3882004827103,1.27,13.37,1.21916260058923,0.689443196577285,-1.42,3.2,-0.470837398033922,0.689443196150602,-3.11,1.51,25.4851341272366,5.90076263886777,8.15,35.92,70.20548,70.20548,"GEOID99   "
"CRMS0522_2007","Brackish","Teche/Vermilion",-91.82304,29.49782,2007,0,0,2.26,0,0,0,0.5854,0,0,0,1.3219,0,1.3219,18.6122,"4/17/2007 9:00:00 AM","12/31/2007 11:00:00 PM",NA,NA,NA,NA,1.18614634137328,0.306042487569548,0.63,2.12,0.276146341503666,0.306042487075268,-0.28,1.21,22.5478879335675,2.09250059154174,17.96,25.1,0,28.08219,"GEOID99   "
"CRMS0523_2007","Brackish","Teche/Vermilion",-91.82304,29.57767,2007,0,0,3.68,0,0,0,0.7863,0,0,0,2.8916,0,2.8916,64.491,"11/28/2007 2:00:00 PM","12/31/2007 11:00:00 PM",7.86326032016695,0.604750726225118,6.85,10.15,0.614038214979658,0.666627493375645,-0.81,2.26,-0.905961781118516,0.66662749339261,-2.33,0.74,15.6089694645569,4.04424131177189,5.56,24.24,8.858447,8.961187,"GEOID99   "
"CRMS0527_2007","Brackish","Teche/Vermilion",-91.85429,29.70831,2007,0,0,2.86,0,0,0,1.1888,0,0,0,3.3945,0,3.3945,76.0574,"10/10/2007 11:00:00 AM","12/31/2007 11:00:00 PM",4.66377473833112,1.07251654117725,1.27,7.07,1.07561332556987,0.833964724235055,-0.73,3.75,-0.628717819443147,0.83386072365518,-2.44,2.05,17.9178318064264,4.98243464054477,4.62,29.19,22.5,22.61415,"GEOID99   "
"CRMS0528_2007","Intermediate","Teche/Vermilion",-91.91679,29.82444,2007,0,0,3.28,0,0,0,1.268,0,0,0,4.1856,0,4.1856,69.7794,"10/31/2007 11:00:00 AM","12/31/2007 11:00:00 PM",3.0813343545268,0.672693645306848,0.86,4.43,NA,NA,NA,NA,NA,NA,NA,NA,16.4657616895096,5.12388856411928,-0.97,27.14,15.05708,0,"GEOID99   "
"CRMS0529_2007","Brackish","Teche/Vermilion",-91.91679,29.59944,2007,0,0,0.652,0,0,0,0.3779,0,0,0,0.3541,0,0.3541,4.7415,"12/17/2007 1:00:00 PM","12/31/2007 11:00:00 PM",5.73536021015486,0.414544883022936,5.13,6.54,2.65239193631868,0.456636085419129,1.37,3.72,0.997521611794786,0.456290231029944,-0.28,2.06,13.1734581983055,2.82820406191233,8.15,19.11,3.961187,3.961187,"GEOID99   "
"CRMS0530_2007","Brackish","Teche/Vermilion",-92.01054,29.57767,2007,0,0,1.7,0,0,0,0.832,0,0,0,1.3501,0,1.3501,18.9162,"4/18/2007 12:00:00 PM","12/31/2007 11:00:00 PM",NA,NA,NA,NA,1.33110873767789,0.766079805244963,-0.48,3.65,0.481108738120484,0.766079804555562,-1.33,2.8,22.6677424729558,3.00197852742172,16.8,26.71,0,69.49772,"GEOID99   "
"CRMS0531_2007","Brackish","Teche/Vermilion",-91.94804,29.85347,2007,0,0,2.86,0,0,0,1.0512,0,0,0,3.0437,0,3.0437,58.4855,"12/19/2007 12:00:00 PM","12/31/2007 11:00:00 PM",2.37194538116455,0.153183018615874,1.7,2.64,1.0910309238865,0.590921809335622,-0.17,2.12,-1.08896907050278,0.590921807170503,-2.35,-0.06,13.2917667007446,2.37834838511941,8.1,19.24,3.344749,3.321918,"GEOID99   "
"CRMS0532_2007","Intermediate","Teche/Vermilion",-91.94804,29.82444,2007,0,0,2.14,0,0,0,0.9114,0,0,0,2.1818,0,2.1818,42.6097,"3/28/2007 10:00:00 AM","12/31/2007 11:00:00 PM",2.17773238667469,0.886144915516535,0.71,5.38,0.779144746216019,0.773751682669137,-1.08,3.37,-0.940855251748382,0.773751682490309,-2.8,1.65,25.0622808606832,6.03817215413787,6.35,37.99,74.05251,74.21233,"GEOID99   "
"CRMS0543_2007","Fresh","Teche/Vermilion",-91.63553,29.75186,2007,0,0,3.4,0,0,0,1.0056,0,0,0,3.38,0,3.38,48.1582,"1/1/2007 12:00:00 AM","12/31/2007 11:00:00 PM",0.391507170125596,0.233497340282455,0.05,2.47,1.14169039848147,0.648258723888583,-0.09,3.38,-0.80998026227021,0.648250933124818,-2.04,1.43,22.6861867958282,6.75673359053621,0,36.78,82.78539,80.97031,"GEOID99   "
"CRMS0544_2007","Intermediate","Teche/Vermilion",-91.57303,29.68654,2007,0,0,2.74,0,0,0,1.082,0,0,0,2.9339,0,2.9339,42.7838,"1/1/2007 12:00:00 AM","12/31/2007 11:00:00 PM",1.98054458599362,1.03556500577084,0.12,6.63,1.17833999138126,0.743607932609547,-1.14,3.34,-0.190035392306656,0.743796440489773,-2.51,1.97,20.6944137519456,3.96509117207797,10.6,28.21,99.98859,99.98859,"GEOID99   "
"CRMS0545_2007","Fresh","Teche/Vermilion",-91.60428,29.71557,2007,0,0,2.14,0,0,0,1.4776,0,0,0,3.1786,0,3.1786,45.9492,"10/16/2007 1:00:00 PM","12/31/2007 11:00:00 PM",1.58537077130252,0.630042212837127,0.35,5.96,1.26002726207955,0.811303968970767,-0.77,4.16,-0.29508178873595,0.811614822959415,-2.32,2.6,18.3682933358096,4.22545302827236,9.42,28,20.93607,20.93607,"GEOID99   "
"CRMS0549_2007","Brackish","Teche/Vermilion",-91.85429,29.8317,2007,0,0,2.44,0,0,0,1.0913,0,0,0,2.4363,0,2.4363,40.6973,"1/1/2007 12:00:00 AM","12/31/2007 11:00:00 PM",1.58764812284562,0.694184414506417,0.2,4.54,1.95218010057276,0.416458105012442,1.45,3.81,-0.196432010312496,0.416798186047064,-0.7,1.66,21.6095356205398,7.24659355889138,-2.95,37.72,50.47945,56.91781,"GEOID99   "
"CRMS0550_2007","Intermediate","Teche/Vermilion",-91.69803,29.76637,2007,0,0,3.32,0,0,0,0.9234,0,0,0,2.9767,0,2.9767,43.4483,"11/6/2007 11:00:00 AM","12/31/2007 11:00:00 PM",0.397644787060248,0.148914455005652,0.19,1.08,0.809460074583444,0.712217962053264,-1.14,2.41,-0.692942964716216,0.71216068351716,-2.64,0.91,16.2974600766548,3.28247813041108,9.34,24.63,14.7831,15.01141,"GEOID99   "
"CRMS0551_2007","Intermediate","Teche/Vermilion",-91.54178,29.70105,2007,0,0.4,2.6,0,0,0.8351,0.8352,0,0,0.801,2.3874,0,3.1884,46.8816,"11/27/2007 12:00:00 PM","12/31/2007 11:00:00 PM",0.324251207392573,0.0632210349612337,0.23,0.5,1.33597087522842,0.4708904548451,-0.2,2.41,-1.12402912443142,0.47089044976562,-2.66,-0.05,14.9687077204386,2.40257880120937,10.46,20.24,9.452055,9.406393,"GEOID99   "
"CRMS0552_2007","Intermediate","Teche/Vermilion",-92.13554,29.79541,2007,0.04,0,2.62,0,0.2896,0,1.3503,0,0.1158,0,3.5296,0,3.6454,56.7471,"12/6/2007 11:00:00 AM","12/31/2007 11:00:00 PM",1.13352136739299,0.694759427459282,0.1,3.16,0.939421335838156,0.50450975845248,0.2,2.12,-0.540578662062478,0.504509761663427,-1.28,0.64,15.3084812176512,4.00590558976752,3.74,23.31,6.678082,6.312785,"GEOID99   "
"CRMS0553_2007","Intermediate","Mermentau",-93.01057,29.84623,2007,0,0,0.728,0,0,0,0.6584,0,0,0,0.5072,0,0.5072,14.3502,"3/6/2007 3:00:00 PM","12/31/2007 11:00:00 PM",2.43524992141587,0.831280252215276,0.95,7.16,1.36397600537417,0.329216320708066,0.78,1.97,0.773976003000467,0.329216317262969,0.19,1.38,25.9139184689224,5.22848391472423,6.58,38.73,69.42922,69.45206,"GEOID99   "
"CRMS0554_2007","Intermediate","Mermentau",-92.6668,29.83171,2007,0.32,0,2.8,0,0.8596,0,1.3837,0,1.0071,0,3.6482,0,4.6553,58.5495,"7/24/2007 11:00:00 AM","12/31/2007 11:00:00 PM",0.547222945035825,0.122165007585705,0.27,0.83,1.14776220105333,0.341238337033328,0.54,2.01,0.212458462107671,0.341479290296093,-0.4,1.07,23.4473260597772,6.79875096365795,8.17,37.99,43.77854,43.9726,"GEOID99   "
"CRMS0556_2007","Fresh","Mermentau",-92.79181,29.91155,2007,0,0,2.24,0,0,0,1.0757,0,0,0,2.4812,0,2.4812,36.9636,"11/2/2007 11:00:00 AM","12/31/2007 11:00:00 PM",1.28354794099833,0.288892061295875,0.66,1.58,1.55170749083026,0.0908805163668282,1.36,1.75,0.351707487276503,0.0908805095068558,0.16,0.55,16.1830160889782,2.66886490617196,10.14,20.94,16.31279,16.31279,"GEOID99   "
"CRMS0557_2007","Fresh","Mermentau",-92.66681,29.94058,2007,0,0,1.48,0,0,0,0.829,0,0,0,1.2501,0,1.2501,21.1637,"12/4/2007 1:00:00 PM","12/31/2007 11:00:00 PM",NA,NA,NA,NA,NA,NA,NA,NA,NA,NA,NA,NA,NA,NA,NA,NA,0,0,"GEOID99   "
"CRMS0562_2007","Intermediate","Mermentau",-92.76056,29.76639,2007,0,0,3.08,0,0,0,1.2468,0,0,0,3.7465,0,3.7465,62.594,"1/3/2007 3:00:00 PM","9/5/2007 5:00:00 AM",1.10761904266832,0.429802408916179,0.4,3.63,1.18638234620483,0.395122512625998,0.5,2.15,0.376382347479977,0.395122515269972,-0.31,1.34,24.2713867016494,7.5869428655399,5.62,36.37,65.44521,65.44521,"GEOID99   "
"CRMS0574_2007","Fresh","Mermentau",-92.63555,29.79542,2007,0,0.124,2.28,0,0,0.6157,1.6062,0,0,0.2699,3.6257,0,3.8956,56.1133,"7/12/2007 1:00:00 PM","12/31/2007 11:00:00 PM",0.615511733006543,0.129261476447614,0.31,0.86,1.13224425636583,0.346397443213993,0.47,2.04,0.542244255768435,0.346397442401607,-0.12,1.45,24.224822326994,6.74811450047948,9.03,36.8,47.18037,47.20319,"GEOID99   "
"CRMS0575_2007","Fresh","Mermentau",-92.94807,29.94058,2007,0,0,1.86,0,0,0,0.7071,0,0,0,1.4208,0,1.4208,24.1638,"8/9/2007 11:00:00 AM","12/31/2007 11:00:00 PM",NA,NA,NA,NA,1.76087696041891,0.133520847687088,1.49,2.06,0.350876959853766,0.133520846171856,0.08,0.65,NA,NA,NA,NA,0,34.23516,"GEOID99   "
"CRMS0581_2007","Saline","Mermentau",-92.72931,29.66477,2007,0,0,0.708,0,0,0,0.6736,0,0,0,0.3406,0,0.3406,2.8835,"1/1/2007 12:00:00 AM","12/31/2007 11:00:00 PM",8.54995089975601,4.21155649361018,1.8,30.18,0.750247800984556,0.306169500727724,-0.06,1.82,0.327285599652446,0.306214746688685,-0.48,1.4,21.9728046127878,7.07482672048506,2.11,34.91,99.96575,99.96575,"GEOID99   "
"CRMS0583_2007","Intermediate","Mermentau",-92.91681,29.83896,2007,0,0,3.04,0,0,0,0.8779,0,0,0,2.6312,0,2.6312,43.9944,"10/10/2007 2:00:00 PM","12/31/2007 11:00:00 PM",2.8505915001984,0.541405191775812,1.89,4.02,1.30606168177058,0.141940844601494,1.13,1.63,0.246061678294043,0.141940842240633,0.07,0.57,17.9474873677785,3.51765562348591,10.36,25.87,22.57991,22.57991,"GEOID99   "
"CRMS0584_2007","Brackish","Mermentau",-92.85431,29.79542,2007,0,0.092,1.54,0,0,0.3414,0.8869,0,0,0.1066,1.3447,0,1.4512,21.6047,"1/1/2007 12:00:00 AM","12/31/2007 11:00:00 PM",4.17736536883572,2.78402557764279,0.75,16.86,1.24610700246669,0.388623934275924,0.14,2.47,-0.00389299755741659,0.388623932899155,-1.11,1.22,23.0584816225743,7.26582263315322,1.75,38.84,98.35616,98.78996,"GEOID99   "
"CRMS0587_2007","Intermediate","Mermentau",-92.91681,29.79542,2007,0,0,3.3,0,0,0,0.9325,0,0,0,3.0693,0,3.0693,44.9859,"10/10/2007 11:00:00 AM","12/31/2007 11:00:00 PM",0.90937404994228,0.180559766436897,0.59,1.23,1.2597375136322,0.0995892197744801,1.09,1.47,0.619737504197756,0.0995892169113992,0.45,0.83,16.6616860020949,4.08901320395972,7.3,25.14,22.61415,22.61415,"GEOID99   "
"CRMS0588_2007","Brackish","Mermentau",-92.82306,29.77364,2007,0,0,2.24,0,0,0,0.9966,0,0,0,2.1894,0,2.1894,41.1122,"1/3/2007 12:00:00 PM","12/31/2007 11:00:00 PM",3.93598087683708,2.84525050738676,0.93,14.06,1.30491150340561,0.285441473571992,0.85,3.27,0.337564447967435,0.285417560272714,-0.12,2.31,25.0557815322856,6.40104634110489,2.79,38.82,69.24658,59.3379,"GEOID99   "
"CRMS0589_2007","Brackish","Mermentau",-92.82306,29.66477,2007,0,0,3.62,0,0,0,0.6067,0,0,0,2.1987,0,2.1987,42.7199,"1/1/2007 12:00:00 AM","12/31/2007 11:00:00 PM",NA,NA,NA,NA,2.34406101383597,0.547170083798994,1.08,3.35,0.954061016584605,0.547170084486355,-0.31,1.96,22.2096538250906,4.99836038863723,9.33,27.83,0,84.1895,"GEOID99   "
"CRMS0590_2007","Intermediate","Mermentau",-92.82306,29.93332,2007,0,0,0.484,0,0,0,0.8399,0,0,0,0.7622,0,0.7622,12.9845,"1/1/2007 12:00:00 AM","12/31/2007 11:00:00 PM",0.298364724199515,0.151888173576258,0.04,0.97,1.40757098141277,0.321374998743993,0.51,2.5,0.671514696298893,0.321431810814035,-0.23,1.77,23.1179660786891,6.72100370051344,0,37.21,91.51826,91.26712,"GEOID99   "
"CRMS0593_2007","Fresh","Mermentau",-92.76056,29.99139,2007,0.02,0.504,2.64,0,0.2225,1.1369,0.7224,0,0.0445,0.8544,1.9283,0,2.8272,40.424,"10/9/2007 11:00:00 AM","12/31/2007 11:00:00 PM",0.211860348525785,0.0533347098572314,0.11,0.29,1.60728179623659,0.133670144896637,1.33,1.82,0.747281793480799,0.133670147501387,0.47,0.96,16.7263341608785,3.6033538133354,8.39,25.15,22.88813,22.88813,"GEOID99   "
"CRMS0595_2007","Intermediate","Mermentau",-92.63555,29.85348,2007,0,0.132,2.34,0,0,0.6004,1.2916,0,0,0.1691,3.2273,0,3.3964,48.6864,"3/26/2007 11:00:00 AM","12/31/2007 11:00:00 PM",0.558581759626011,0.102669823859415,0.28,0.88,1.11350471641189,0.35743947449214,0.05,2.1,0.250380502995279,0.35771471504843,-0.82,1.24,24.6017814385816,5.97016849481121,9.51,35.82,72.60274,72.60274,"GEOID99   "
"CRMS0599_2007","Brackish","Mermentau",-92.66681,29.6067,2007,0,0,2.68,0,0,0,0.697,0,0,0,1.8649,0,1.8649,30.7979,"1/1/2007 12:00:00 AM","12/31/2007 11:00:00 PM",14.9465123658401,5.57656644963995,1.59,31.07,1.52023611891475,0.381542737845359,0.76,2.69,0.250236119492242,0.381542736925247,-0.51,1.42,23.6313121997044,7.57558395173778,2.9,40.11,72.00913,71.55251,"GEOID99   "
"CRMS0600_2007","Saline","Mermentau",-92.54181,29.57767,2007,0,0,2.96,0,0,0,0.564,0,0,0,1.6737,0,1.6737,25.2371,"12/11/2007 1:00:00 PM","12/31/2007 11:00:00 PM",NA,NA,NA,NA,2.16020370500879,0.0617166146389266,2.04,2.4,-0.139796333467159,0.0617165941498416,-0.26,0.1,NA,NA,NA,NA,0,5.605023,"GEOID99   "
"CRMS0603_2007","Intermediate","Mermentau",-92.76056,29.80268,2007,0,0.032,0.924,0,0,0.1829,1.0911,0,0,0.0585,0.9795,0,1.038,19.1452,"7/12/2007 11:00:00 AM","12/31/2007 11:00:00 PM",1.25107169193312,0.189988471473557,0.76,1.66,1.44355339739219,0.363826930764543,0.75,2.33,0.450570386250784,0.3638894423159,-0.25,1.33,24.7660412746726,6.12332840076533,12.21,36.1,46.97488,47.03196,"GEOID99   "
"CRMS0604_2007","Intermediate","Mermentau",-92.76056,29.75912,2007,0,0,1.98,0,0,0,1.1612,0,0,0,2.3621,0,2.3621,34.0406,"7/11/2007 2:00:00 PM","12/31/2007 11:00:00 PM",1.03517266994753,0.256981683130776,0.4,1.51,1.50139121631125,0.354477455213265,0.83,2.39,0.422316230783909,0.354570436482588,-0.25,1.31,24.9672249660859,6.04760168351952,12.17,35.17,46.27854,46.27854,"GEOID99   "
"CRMS0605_2007","Intermediate","Mermentau",-92.91682,29.86074,2007,0,0,2.22,0,0,0,0.7469,0,0,0,1.6535,0,1.6535,24.4228,"1/1/2007 12:00:00 AM","12/31/2007 11:00:00 PM",2.03781106336003,0.594653111840972,0.84,5.11,1.43058326630639,0.35551841193928,0.67,2.22,0.300583270498704,0.355518415744329,-0.46,1.09,22.8530146525057,7.30924486900338,2.73,37.74,99.45206,75.742,"GEOID99   "
"CRMS0608_2007","Brackish","Mermentau",-92.6668,29.67203,2007,0,0.352,2.16,0,0,0.9023,1.1337,0,0,0.5619,2.4057,0,2.9676,53.8774,"1/1/2007 12:00:00 AM","12/31/2007 11:00:00 PM",NA,NA,NA,NA,1.33873732737224,0.341700510582172,0.66,2.88,0.378737329238816,0.341700510870018,-0.3,1.92,20.9387242212797,4.51405137035375,10.77,26.88,0,76.57535,"GEOID99   "
"CRMS0609_2007","Brackish","Mermentau",-92.6043,29.63574,2007,0,0.072,3.1,0,0,0.1067,0.4512,0,0,0.0768,1.3817,0,1.4585,20.5831,"12/11/2007 11:00:00 AM","12/31/2007 11:00:00 PM",12.5266125700295,1.90063228261551,9.42,19.28,1.16154158381371,0.137560247079307,0.93,1.47,-0.291460446480654,0.137677811187835,-0.52,0.02,14.7508316373728,4.70959260015463,3.84,27.19,5.627854,5.627854,"GEOID99   "
"CRMS0610_2007","Brackish","Mermentau",-92.63555,29.6067,2007,0,0.052,2.52,0,0,0.3139,0.8748,0,0,0.082,2.1581,0,2.2402,45.342,"1/1/2007 12:00:00 AM","12/31/2007 11:00:00 PM",NA,NA,NA,NA,1.77283916501185,0.179220980366319,1.32,2.71,0.542839161903614,0.179220984726156,0.09,1.48,20.4841033780625,5.64985167800939,0,28.82,0,86.16438,"GEOID99   "
"CRMS0614_2007","Saline","Mermentau",-92.88556,29.73736,2007,0,0.02,1.54,0,0,0.0701,0.4268,0,0,0.014,0.7753,0,0.7893,10.6713,"7/11/2007 11:00:00 AM","12/31/2007 11:00:00 PM",16.2815169787482,1.65227184487369,11.46,20.8,1.06594042505406,0.177954903285808,0.73,1.99,-0.207732405090705,0.178249803347479,-0.55,0.72,24.252839290377,7.1835106695034,3.11,39.44,47.40868,47.52283,"GEOID99   "
"CRMS0615_2007","Brackish","Mermentau",-92.82306,29.67929,2007,0,0.16,1.6,0,0,0.1219,0.9326,0,0,0.195,1.8419,0,2.037,25.7139,"1/1/2007 12:00:00 AM","12/31/2007 11:00:00 PM",11.263108724707,3.40721516798639,5.16,21.35,1.10875871524782,0.284862838045887,0.46,1.73,0.146718481646489,0.285038098284178,-0.51,0.77,22.7971916345223,7.31095533796751,3.64,37.6,99.95434,99.87443,"GEOID99   "
"CRMS0616_2007","Intermediate","Mermentau",-92.26054,29.73009,2007,0,0,1.08,0,0,0,1.1002,0,0,0,1.2547,0,1.2547,21.3714,"1/1/2007 12:00:00 AM","12/31/2007 11:00:00 PM",3.61305724444096,0.848935442765389,0.77,5.32,1.27322860772196,0.358103526234521,0.55,2.35,0.0232286072597563,0.3581035255801,-0.7,1.1,22.9117734953272,6.24756171534875,5.56,31.95,99.9201,99.9201,"GEOID99   "
"CRMS0618_2007","Brackish","Mermentau",-92.26054,29.73735,2007,0,0,1.88,0,0,0,0.9418,0,0,0,1.6923,0,1.6923,25.7802,"1/1/2007 12:00:00 AM","12/31/2007 11:00:00 PM",2.09880325741935,0.868796672451587,0.49,5.28,1.38164500879391,0.496254660228952,0.61,3.57,-0.0483549904404736,0.496254659502101,-0.82,2.14,22.0991611929497,7.55035634606776,-2.77,40.42,91.09589,82.57991,"GEOID99   "
"CRMS0622_2007","Intermediate","Mermentau",-92.97931,29.80993,2007,0,0,1.8,0,0,0,0.884,0,0,0,1.6375,0,1.6375,24.0198,"10/10/2007 12:00:00 PM","12/31/2007 11:00:00 PM",NA,NA,NA,NA,1.47404041236097,0.0840945444520498,1.32,1.67,0.794040403281799,0.084094548588314,0.64,0.99,NA,NA,NA,NA,0,22.60274,"GEOID99   "
"CRMS0624_2007","Intermediate","Mermentau",-92.88556,29.86074,2007,0,0,2.02,0,0,0,0.9906,0,0,0,1.9909,0,1.9909,33.3121,"1/1/2007 12:00:00 AM","12/31/2007 11:00:00 PM",2.57152105147646,2.66138023819737,0.48,15.28,1.20095824449191,0.403823409410832,0.48,2,0.480958243370652,0.403823408103941,-0.24,1.28,22.7474303314584,7.08691760641646,4.16,37.85,93.81279,63.9726,"GEOID99   "
"CRMS0626_2007","Intermediate","Mermentau",-92.6043,29.6938,2007,0,0,3.26,0,0,0,2.0542,0,0,0,6.6703,0,6.6703,78.1098,"1/8/2007 2:00:00 PM","12/31/2007 11:00:00 PM",NA,NA,NA,NA,1.55498135454532,0.422439741756614,0.69,2.6,0.146942411137169,0.422435862825098,-0.72,1.19,19.1067421810773,3.96962433692474,0,25.95,0,82.65982,"GEOID99   "
"CRMS0630_2007","Intermediate","Mermentau",-92.79182,29.78626,2007,0,0.188,2.3,0,0,0.6889,0.9813,0,0,0.4438,2.2967,0,2.7405,40.002,"1/1/2007 12:00:00 AM","12/31/2007 11:00:00 PM",4.42634483504684,2.51081433689742,0.86,12.53,1.23192294064887,0.670369227510884,0.05,2.43,0.541922944876967,0.670369232276856,-0.64,1.74,22.4493081181503,7.00035178365314,3.63,35.07,91.63242,99.85159,"GEOID99   "
"CRMS0632_2007","Intermediate","Mermentau",-92.38555,29.57041,2007,0,0,2.18,0,0,0,1.0424,0,0,0,2.1842,0,2.1842,36.0141,"8/6/2007 11:00:00 AM","12/31/2007 11:00:00 PM",2.41299999909198,0.733562759727993,0.63,5.33,1.06666929191492,0.14363154712275,0.84,1.31,0.756669289507265,0.143631548527872,0.53,1,21.269233374791,6.7467664700659,7.4,38.35,26.82648,28.99543,"GEOID99   "
"CRMS0633_2007","Intermediate","Mermentau",-92.32304,29.56315,2007,0,0,1.88,0,0,0,0.8716,0,0,0,1.5915,0,1.5915,25.3548,"8/6/2007 1:00:00 PM","12/31/2007 11:00:00 PM",4.33962281702078,1.77819377903508,1.41,10.98,0.781756551743775,0.400825120076925,-0.39,1.68,0.231756552881565,0.400825120241668,-0.94,1.13,23.9616069632986,6.46780898761253,6.67,37.59,37.83105,37.88813,"GEOID99   "
"CRMS0635_2007","Intermediate","Calcasieu/Sabine",-93.47932,29.91881,2007,0,0,2.82,0,0,0,1.2223,0,0,0,3.3921,0,3.3921,53.0564,"2/28/2007 2:00:00 PM","12/31/2007 11:00:00 PM",NA,NA,NA,NA,1.4188235279728,0.253505091962541,0.69,2.05,0.298894440170789,0.253444235889119,-0.43,0.93,20.6428430282749,2.47199856054896,14.98,24.52,0,70.83333,"GEOID99   "
"CRMS0638_2007","Intermediate","Calcasieu/Sabine",-93.51057,29.868,2007,0,0,2.76,0,0,0,0.6979,0,0,0,1.9644,0,1.9644,31.733,"1/1/2007 12:00:00 AM","12/31/2007 11:00:00 PM",NA,NA,NA,NA,1.41896892797812,0.228170207218644,0.89,2.04,0.173929121355327,0.228191129278005,-0.36,0.79,19.077019367743,4.18117650696933,12.47,25.61,0,88.90411,"GEOID99   "
"CRMS0639_2007","Intermediate","Calcasieu/Sabine",-93.47932,29.88977,2007,0,0,2.92,0,0,0,1.4235,0,0,0,4.1558,0,4.1558,59.885,"2/28/2007 4:00:00 PM","12/31/2007 11:00:00 PM",NA,NA,NA,NA,1.4941786371463,0.276474530090988,0.59,2.2,0.162172692841873,0.276489363026112,-0.75,0.87,22.3469428645543,3.46075048822745,13.86,27.44,0,69.14384,"GEOID99   "
"CRMS0641_2007","Intermediate","Calcasieu/Sabine",-93.51057,29.89703,2007,0,0,1.728,0,0,0,0.7226,0,0,0,1.3512,0,1.3512,22.265,"1/1/2007 12:00:00 AM","12/31/2007 11:00:00 PM",5.61478897508898,3.51473383595295,2.13,17.19,1.31566438323831,0.296356598927385,0.56,1.99,0.0883858446946121,0.296739671097338,-0.67,0.76,22.7314988475956,7.19955116572984,4.15,36.88,99.80593,100,"GEOID99   "
"CRMS0642_2007","Intermediate","Calcasieu/Sabine",-93.47932,29.868,2007,0,0,2.86,0,0,0,1.3717,0,0,0,3.9182,0,3.9182,57.7568,"2/27/2007 12:00:00 PM","12/31/2007 11:00:00 PM",NA,NA,NA,NA,1.59588291773468,0.259460043975459,0.75,2.14,0.416595708946788,0.25953694285943,-0.43,0.96,21.5533379990666,2.48524084118051,16.89,26.3,0,70.78767,"GEOID99   "
"CRMS0644_2007","Brackish","Calcasieu/Sabine",-93.29182,29.83171,2007,0,0,1.788,0,0,0,0.5304,0,0,0,0.9594,0,0.9594,11.3019,"8/7/2007 12:00:00 PM","12/31/2007 11:00:00 PM",NA,NA,NA,NA,1.46206304932503,0.413483951619353,0.89,2.72,0.882063049669336,0.413483953019441,0.31,2.14,NA,NA,NA,NA,0,24.62329,"GEOID99   "
"CRMS0645_2007","Brackish","Calcasieu/Sabine",-93.19807,29.84623,2007,0,0,1.932,0,0,0,0.6401,0,0,0,1.1747,0,1.1747,16.7763,"8/7/2007 1:00:00 PM","12/31/2007 11:00:00 PM",10.5467127264707,2.78611470919707,3.72,20.13,0.672620198758025,0.36489664912107,0.02,1.69,0.032620198714678,0.364896647293681,-0.62,1.05,23.3028677093864,6.82314074747807,6.69,35.73,32.22602,40.12557,"GEOID99   "
"CRMS0647_2007","Intermediate","Calcasieu/Sabine",-93.47932,29.84623,2007,0,0,3.44,0,0,0,1.0668,0,0,0,3.6723,0,3.6723,60.2862,"2/28/2007 12:00:00 PM","12/31/2007 11:00:00 PM",NA,NA,NA,NA,1.77902771716007,0.187285481641438,1.18,2.26,0.288223534979589,0.187378664124349,-0.31,0.77,20.6930236644573,3.29866260755595,13.52,25.01,0,75.37672,"GEOID99   "
"CRMS0648_2007","Intermediate","Calcasieu/Sabine",-93.16682,29.83897,2007,0,0,3.28,0,0,0,0.7954,0,0,0,2.605,0,2.605,54.4357,"11/7/2007 1:00:00 PM","12/31/2007 11:00:00 PM",NA,NA,NA,NA,0.796702371723522,0.165742764597249,0.56,1.51,0.286702371922813,0.165742763729143,0.05,1,NA,NA,NA,NA,0,14.92009,"GEOID99   "
"CRMS0650_2007","Intermediate","Calcasieu/Sabine",-93.13557,29.91881,2007,0,0,2.3,0,0,0,1.4111,0,0,0,3.3775,0,3.3775,49.9512,"11/9/2007 11:00:00 AM","12/31/2007 11:00:00 PM",NA,NA,NA,NA,1.35778747079488,0.0708605073364222,1.23,1.6,0.325900080147761,0.0705955577747875,0.2,0.57,NA,NA,NA,NA,0,14.39498,"GEOID99   "
"CRMS0651_2007","Intermediate","Calcasieu/Sabine",-93.51057,29.96236,2007,0,0,1.32,0,0,0,0.7803,0,0,0,1.1931,0,1.1931,19.0599,"3/30/2007 10:00:00 AM","12/31/2007 11:00:00 PM",NA,NA,NA,NA,1.43659535938446,0.255978871663786,0.97,2.15,0.186306115853819,0.256220964113126,-0.28,0.9,22.1637627727539,2.89050171861557,16.46,26.17,0,75.77625,"GEOID99   "
"CRMS0655_2007","Saline","Calcasieu/Sabine",-93.41682,29.79542,2007,0,0,2.26,0,0,0,0.6189,0,0,0,1.3725,0,1.3725,16.7788,"8/3/2007 12:00:00 PM","12/31/2007 11:00:00 PM",9.60158058435707,0.749112228396761,6.75,10.93,1.34034557756581,0.319614254243534,0.79,2.05,0.2059317579475,0.319761785433858,-0.35,0.92,26.0501880904404,5.25705560293138,11.56,35.62,25.63927,26.09589,"GEOID99   "
"CRMS0656_2007","Brackish","Calcasieu/Sabine",-93.26057,30.02042,2007,0.24,0.16,1.76,0,0.2164,0.1067,0.8626,0,0.5194,0.1707,1.5185,0,2.2086,30.2934,"12/11/2007 3:00:00 PM","12/31/2007 11:00:00 PM",NA,NA,NA,NA,1.28987729549408,0.0854327586591035,1.13,1.89,0.0457873208779682,0.0854630810393259,-0.11,0.64,NA,NA,NA,NA,0,5.582192,"GEOID99   "
"CRMS0660_2007","Intermediate","Calcasieu/Sabine",-93.66682,29.91881,2007,0,0,2.24,0,0,0,0.8169,0,0,0,1.9283,0,1.9283,29.4202,"1/1/2007 12:00:00 AM","12/31/2007 11:00:00 PM",2.74618660789527,0.794689081476334,1.47,5.45,1.29095486988072,0.35078883359762,0.55,2.27,-0.0392325343977335,0.350887397430719,-0.78,0.94,22.5929969138992,7.37281650221417,2.2,38.66,99.71461,89.54338,"GEOID99   "
"CRMS0661_2007","Intermediate","Calcasieu/Sabine",-93.63557,29.84623,2007,0,0,2.72,0,0,0,0.9815,0,0,0,2.711,0,2.711,40.7109,"11/19/2007 2:00:00 PM","12/31/2007 11:00:00 PM",2.41966600783447,0.167363402916039,1.97,2.76,0.751188603828136,0.207850502340562,0.36,1.37,-0.582730843581274,0.207587651918332,-0.98,0.03,16.1394007758682,4.74299120306033,6.11,26.37,11.621,11.621,"GEOID99   "
"CRMS0665_2007","Intermediate","Calcasieu/Sabine",-93.69807,29.96236,2007,0,0,3.04,0,0,0,1.1308,0,0,0,3.4363,0,3.4363,56.745,"12/7/2007 1:00:00 PM","12/31/2007 11:00:00 PM",7.50577513403949,0.450260691084266,4.97,7.89,1.74516183909606,0.425794298116185,0.52,3.16,0.57516183897066,0.425794298357425,-0.65,1.99,16.495366270335,1.17888646852909,14.79,18.52,6.700913,6.700913,"GEOID99   "
"CRMS0669_2007","Intermediate","Calcasieu/Sabine",-93.72932,29.88251,2007,0,0,1.48,0,0,0,0.7651,0,0,0,1.1777,0,1.1777,18.5254,"1/1/2007 12:00:00 AM","12/31/2007 11:00:00 PM",3.6241759979248,1.26009341220531,1.8,7.88,NA,NA,NA,NA,NA,NA,NA,NA,22.7459002129086,7.32625109544932,2.65,38.25,99.88585,0,"GEOID99   "
"CRMS0672_2007","Brackish","Calcasieu/Sabine",-93.41682,29.83171,2007,0,0,2.32,0,0,0,0.6645,0,0,0,1.5552,0,1.5552,22.7638,"1/1/2007 12:00:00 AM","12/31/2007 11:00:00 PM",NA,NA,NA,NA,1.1950977511238,0.187886755399086,0.71,1.86,0.111219186473776,0.187684120619798,-0.37,0.78,18.749026105886,4.55888963767013,11.53,26.79,0,94.00685,"GEOID99   "
"CRMS0677_2007","Intermediate","Calcasieu/Sabine",-93.54182,29.85349,2007,0,0,2.38,0,0,0,1.0576,0,0,0,2.4614,0,2.4614,35.972,"3/7/2007 3:00:00 PM","12/31/2007 11:00:00 PM",NA,NA,NA,NA,2.02672427731501,0.25503102208488,1.14,2.94,0.785702535612049,0.255077643678258,-0.1,1.7,21.6558235204307,3.34537510979378,12.8,26.91,0,81.89497,"GEOID99   "
"CRMS0680_2007","Brackish","Calcasieu/Sabine",-93.51057,29.77365,2007,0,0,2.4,0,0,0,0.8382,0,0,0,2.0093,0,2.0093,36.6278,"7/30/2007 2:00:00 PM","12/31/2007 11:00:00 PM",1.13080949802303,0.436024852686278,0.4,2.16,1.78822179877687,0.113222674894364,1.52,2.19,0.162209929822991,0.113401107981741,-0.11,0.56,21.8437048075203,6.7698349806301,6.99,35.32,42.30594,42.30594,"GEOID99   "
"CRMS0682_2007","Brackish","Calcasieu/Sabine",-93.57307,29.82445,2007,0,0,2.98,0,0,0,1.2316,0,0,0,3.6765,0,3.6765,72.3157,"11/19/2007 3:00:00 PM","12/31/2007 11:00:00 PM",1.78784660732734,0.559916142116491,1,2.92,1.32538839626687,0.211962318737422,0.97,1.67,-0.354611601566964,0.211962314401083,-0.71,-0.01,14.7448279137926,3.94590175307565,6.77,23.09,11.60959,11.60959,"GEOID99   "
"CRMS0683_2007","Intermediate","Calcasieu/Sabine",-93.66682,29.88977,2007,0,0,1.768,0,0,0,0.6263,0,0,0,1.3582,0,1.3582,23.8818,"3/29/2007 12:00:00 PM","12/31/2007 11:00:00 PM",2.57603337754885,0.663725668613827,1.39,4.66,1.3938140663639,0.335547143668897,0.62,2.28,0.118720947945001,0.335629754512134,-0.65,1,25.0471487562147,6.03506986483671,4.88,38.83,74.56621,74.16666,"GEOID99   "
"CRMS0684_2007","Brackish","Calcasieu/Sabine",-93.82308,29.81719,2007,0,0,1.98,0,0,0,0.6495,0,0,0,1.2783,0,1.2783,16.4327,"12/12/2007 11:00:00 AM","12/31/2007 11:00:00 PM",9.74229849345648,1.18611922010937,5.81,11.62,NA,NA,NA,NA,NA,NA,NA,NA,14.6943165335438,4.15648891552188,5.68,24.99,3.824201,0,"GEOID99   "
"CRMS0685_2007","Saline","Calcasieu/Sabine",-93.38557,29.88977,2007,0,0,1.86,0,0,0,0.6738,0,0,0,1.261,0,1.261,14.5034,"1/1/2007 12:00:00 AM","12/31/2007 11:00:00 PM",13.4259723257979,4.69979594948074,3.33,24.45,1.18124203673375,0.494524657338796,-0.05,2.74,-0.249425234884071,0.494920309336686,-1.48,1.31,23.3112572021907,7.5185699818748,2.45,38.76,75.0799,75.27397,"GEOID99   "
"CRMS0687_2007","Saline","Calcasieu/Sabine",-93.35432,29.94058,2007,0,0,2.28,0,0,0,0.7774,0,0,0,1.809,0,1.809,32.2371,"9/28/2007 10:00:00 AM","12/31/2007 11:00:00 PM",18.1758792329959,2.94937899487046,10.38,23.69,1.25905726623397,0.675115965076585,-0.88,2.89,-0.211268722397247,0.675256099225268,-2.35,1.42,19.6864449152337,5.70797082029965,5.49,31.28,25.90183,25.91324,"GEOID99   "
"CRMS0691_2007","Fresh","Calcasieu/Sabine",-93.10432,29.96235,2007,0,0,1.72,0,0,0,1.3197,0,0,0,2.3017,0,2.3017,34.9478,"12/11/2007 4:00:00 PM","12/31/2007 11:00:00 PM",NA,NA,NA,NA,1.14522540984584,0.0309724404175016,1.1,1.22,0.487438521363208,0.0314109715687128,0.44,0.56,NA,NA,NA,NA,0,5.570776,"GEOID99   "
"CRMS0693_2007","Intermediate","Calcasieu/Sabine",-93.63557,29.89703,2007,0,0,1.076,0,0,0,1.1644,0,0,0,1.3913,0,1.3913,23.4162,"3/29/2007 1:00:00 PM","12/31/2007 11:00:00 PM",3.64473644287416,1.45405864207322,1.29,8.36,1.56372658611244,0.322633579423006,0.75,2.26,0.977720538382714,0.3225082743396,0.17,1.67,25.0468188664261,6.31038129900936,6.69,41.44,75.58219,75.57077,"GEOID99   "
"CRMS0694_2007","Intermediate","Calcasieu/Sabine",-93.54182,29.88251,2007,0,0,0.056,0,0,0,0.1006,0,0,0,0.0188,0,0.0188,2.9169,"1/1/2007 12:00:00 AM","12/31/2007 11:00:00 PM",3.85404765318944,0.723776059256719,2.19,6.29,1.5166097043889,0.320677779184883,0.81,2.39,0.673981537651635,0.320701441123543,-0.03,1.54,23.1697205963078,6.05317709172462,5.89,36.2,91.51826,91.51826,"GEOID99   "
"CRMS0978_2007","Saline","Terrebonne",-90.29251,29.32365,2007,0,0,3.52,0,0,0,0.7438,0,0,0,2.6283,0,2.6283,56.3068,"1/1/2007 12:00:00 AM","12/31/2007 11:00:00 PM",17.8909863501552,3.24488496330939,7.15,24.24,0.918345322921801,0.521503598105396,-0.71,2.8,-0.0437768644901486,0.52156570046172,-1.672,1.84,23.4662963748727,6.59007987740864,4.74,35.59,95.3653,99.96575,"GEOID99   "
"CRMS1069_2007","Saline","Pontchartrain",-89.21826,30.0485,2007,0,0,2.98,0,0,0,0.7136,0,0,0,2.1214,0,2.1214,39.6025,"11/1/2007 2:00:00 PM","12/31/2007 11:00:00 PM",27.2008249814404,2.74347147442372,5.82,32.3,0.677216876036233,0.623588026884675,-0.42,3.08,-0.632783123474709,0.623588025737586,-1.73,1.77,16.6773172500216,3.88181700435901,4.7,26.88,15.91324,15.42237,"GEOID99   "
"CRMS1205_2007","Intermediate","Calcasieu/Sabine",-93.57307,29.87526,2007,0,0,2.24,0,0,0,0.7285,0,0,0,1.6527,0,1.6527,25.5743,"12/13/2007 12:00:00 PM","12/31/2007 11:00:00 PM",2.9634684641082,0.26351015819934,2.32,3.6,1.42849100146208,0.0572091497324754,1.24,1.54,-0.0715090091935955,0.0572091522642781,-0.26,0.04,8.14657657452532,3.41321181108467,1.73,15.18,5.068493,5.068493,"GEOID99   "
"CRMS1409_2007","Intermediate","Mermentau",-93.01057,29.868,2007,0,0,2,0,0,0,1.5087,0,0,0,3.0949,0,3.0949,45.8081,"11/15/2007 11:00:00 AM","12/31/2007 11:00:00 PM",1.58015218128983,0.26428485723649,1.24,2.22,1.41274843508363,0.0990576782971552,1.24,1.62,0.70274843274213,0.0990576695764529,0.53,0.91,14.7999194340719,3.28037270816028,8.25,22.15,12.75114,12.75114,"GEOID99   "
"CRMS1446_2007","Fresh","Mermentau",-92.82306,29.92606,2007,0,0,1.32,0,0,0,1.2461,0,0,0,1.6888,0,1.6888,26.36,"1/1/2007 12:00:00 AM","12/31/2007 11:00:00 PM",0.387834773983325,0.153766462087952,0.07,0.91,1.48615240457182,0.397026132090188,0.7,2.52,0.462062879758545,0.3971865837604,-0.32,1.5,22.0756064517723,7.18325208951669,3.21,36.74,97.69406,97.67123,"GEOID99   "
"CRMS1650_2007","Intermediate","Teche/Vermilion",-92.04179,29.80992,2007,0,0,3.28,0,0,0,0.768,0,0,0,2.5313,0,2.5313,40.3319,"12/12/2007 12:00:00 PM","12/31/2007 11:00:00 PM",3.06779859272602,0.777099382566826,1.83,4.66,NA,NA,NA,NA,NA,NA,NA,NA,14.8854098331174,3.52311933557753,8.88,25.1,4.874429,0,"GEOID99   "
"CRMS1738_2007","Brackish","Calcasieu/Sabine",-93.22932,29.85349,2007,0,0,1.28,0,0,0,0.5151,0,0,0,0.6553,0,0.6553,7.4692,"12/19/2007 12:00:00 PM","12/31/2007 11:00:00 PM",12.2659566789758,1.59940171631094,9.29,18.01,0.195471697687259,0.225945538198855,-0.31,0.78,-0.484528301803852,0.225945540182228,-0.99,0.1,13.7091666682561,4.2246906569416,4.38,22.25,3.162101,3.025114,"GEOID99   "
"CRMS1743_2007","Brackish","Calcasieu/Sabine",-93.22932,29.88978,2007,0,0,1.96,0,0,0,0.5824,0,0,0,1.1612,0,1.1612,14.8594,"12/19/2007 1:00:00 PM","12/31/2007 11:00:00 PM",NA,NA,NA,NA,NA,NA,NA,NA,NA,NA,NA,NA,NA,NA,NA,NA,0,0,"GEOID99   "
"CRMS1838_2007","Intermediate","Calcasieu/Sabine",-93.69807,29.7809,2007,0,0,2.66,0,0,0,1.3076,0,0,0,3.4119,0,3.4119,49.61,"8/10/2007 10:00:00 AM","12/31/2007 11:00:00 PM",NA,NA,NA,NA,1.27769520644353,0.331351234561918,0.72,1.93,-0.282304788585239,0.331351234921026,-0.84,0.37,NA,NA,NA,NA,0,39.32648,"GEOID99   "
"CRMS1858_2007","Intermediate","Calcasieu/Sabine",-93.51057,29.83897,2007,0,0,2.28,0,0,0,1.4691,0,0,0,3.3107,0,3.3107,54.4672,"3/7/2007 12:00:00 PM","12/31/2007 11:00:00 PM",NA,NA,NA,NA,1.70171328890879,0.279652184248496,0.92,2.41,0.188622129553243,0.279703240642171,-0.6,0.9,21.6889871075942,3.1193825567768,13.79,25.55,0,82.02055,"GEOID99   "
"CRMS2154_2007","Intermediate","Calcasieu/Sabine",-93.69807,29.84623,2007,0,0,2.32,0,0,0,1.1093,0,0,0,2.6574,0,2.6574,45.9666,"12/13/2007 11:00:00 AM","12/31/2007 11:00:00 PM",NA,NA,NA,NA,NA,NA,NA,NA,NA,NA,NA,NA,NA,NA,NA,NA,0,0,"GEOID99   "
"CRMS2156_2007","Brackish","Calcasieu/Sabine",-93.69807,29.87526,2007,0,0,2.12,0.012,0,0,0.771,0.0061,0,0,1.5988,7e-04,1.5995,26.6504,"1/1/2007 12:00:00 AM","12/31/2007 11:00:00 PM",2.86090069180242,0.772256411939272,1.55,5.57,NA,NA,NA,NA,NA,NA,NA,NA,23.7602652019341,6.49314989914311,4.87,37.18,88.9726,0,"GEOID99   "
"CRMS2189_2007","Intermediate","Calcasieu/Sabine",-93.76058,29.92606,2007,0,0,3.5,0,0,0,0.5519,0,0,0,1.9319,0,1.9319,32.9182,"3/9/2007 10:00:00 AM","12/31/2007 11:00:00 PM",4.73962716641144,2.20319458565222,0.74,10.17,1.59314390645863,0.268160131571541,1.19,3.56,0.224059836048282,0.268245000886803,-0.18,2.19,24.5076445978638,4.84167196936752,7.66,39.84,73.78996,68.29909,"GEOID99   "
"CRMS2334_2007","Intermediate","Calcasieu/Sabine",-93.51057,29.88252,2007,0,0,1.252,0,0,0,0.692,0,0,0,0.9154,0,0.9154,15.7856,"1/1/2007 12:00:00 AM","12/31/2007 11:00:00 PM",5.19590776717967,2.82316968365817,1.92,14.65,1.65782639106845,0.308054223877909,0.92,2.42,0.507826390691589,0.308054223864132,-0.23,1.27,22.701757044578,7.3221882283248,3.87,37.44,98.02512,98.10503,"GEOID99   "
"CRMS2418_2007","Brackish","Calcasieu/Sabine",-93.16682,29.87526,2007,0,0,2.18,0,0,0,0.7559,0,0,0,1.6569,0,1.6569,26.5258,"11/7/2007 1:00:00 PM","12/31/2007 11:00:00 PM",5.22882937910726,1.8879714584908,2.83,9.62,0.502226471102867,0.145354350411129,0.26,1.05,-0.547773525503613,0.145354351517865,-0.79,0,16.4429915894419,4.57163177244533,6.55,25.43,14.92009,14.92009,"GEOID99   "
"CRMS2568_2007","Fresh","Atchafalaya",-91.35427,29.56315,2007,0.46,0.96,3.6,0,0.9754,2.1946,1.067,0,2.1703,3.0175,3.8662,0,9.054,86.3153,"6/7/2007 2:00:00 PM","12/31/2007 11:00:00 PM",0.257661711497928,0.035235602962197,0.18,0.77,0.774809159687206,0.668026952712513,-1.47,2.51,-0.559190840312841,0.668026952758001,-2.804,1.176,24.9455403875471,6.01727374768113,9.85,33.86,56.82648,56.82648,"GEOID99   "
"CRMS2614_2007","Brackish","Breton Sound",-89.32296,29.33814,2007,0,0,2.94,0,0,0,1.5849,0,0,0,4.9711,0,4.9711,67.5605,"6/26/2007 10:00:00 AM","12/31/2007 11:00:00 PM",3.25335837281019,3.44550467584579,0.18,19.78,1.61542642446728,0.676408606707623,-0.34,3.76,0.0149536015753113,0.67677825290775,-1.94,2.16,24.8123884177872,6.52373467680752,7.45,37.88,51.66666,51.66666,"GEOID99   "
"CRMS2785_2007","Fresh","Terrebonne",-91.04176,29.50508,2007,0,0,3.6,0,0,0,1.1521,0,0,0,4.1506,0,4.1506,59.8886,"1/1/2007 12:00:00 AM","12/31/2007 11:00:00 PM",0.30675419542323,0.505965825990438,0.07,8.68,1.24773718358615,0.346062665027163,-0.24,2.09,NA,NA,NA,NA,22.7808185917749,6.98014584808596,8.05,35.78,99.98859,99.98859,"GEOID99   "
"CRMS2854_2007","Intermediate","Pontchartrain",-89.97923,30.30348,2007,0,0.06,3.38,0.04,0,0.134,0.772,0.003,0,0.0804,2.5826,0.0012,2.6642,39.034,"9/28/2007 1:00:00 PM","12/31/2007 11:00:00 PM",4.80212808339257,1.13821273426632,1.51,7.03,0.865750499273476,0.268339638363851,0.3,1.97,0.00575050051566996,0.268339639325776,-0.56,1.11,16.7404869851309,3.92433090608632,5.93,23.95,17.11187,17.11187,"GEOID99   "
"CRMS2939_2007","Fresh","Terrebonne",-90.573,29.59944,2007,0.888,0.16,3.26,0,1.3716,0.1829,0.5915,0,2.8903,0.2926,1.9154,0,5.0983,55.676,"6/5/2007 10:00:00 AM","12/31/2007 11:00:00 PM",0.502633583059908,0.0645094259678426,0.34,0.63,1.86601908537853,0.527251033042986,0.94,3.72,0.397658049907335,0.551299554970242,-0.36,1.53,23.3146381768744,1.95579437336538,18.96,26.31,50.84475,57.40868,"GEOID99   "
"CRMS3054_2007","Fresh","Barataria",-90.35425,29.72283,2007,0,0,3.24,0,0,0,1.4569,0,0,0,4.7255,0,4.7255,67.0086,"12/14/2007 1:00:00 PM","12/31/2007 11:00:00 PM",0.365632457316349,0.131717648556378,0.2,0.66,0.599045347031161,0.342553101707612,-0.35,1.14,-0.580954652661924,0.342553101096239,-1.53,-0.04,14.909355596028,2.06772262387223,11.92,21.88,4.783105,4.783105,"GEOID99   "
"CRMS3296_2007","Saline","Terrebonne",-90.47925,29.38896,2007,0,0,3.252,0,0,0,0.7833,0,0,0,2.5401,0,2.5401,54.2926,"5/17/2007 10:00:00 AM","12/31/2007 11:00:00 PM",NA,NA,NA,NA,1.40462610772077,0.44592838034853,0.48,3.21,0.256478664190219,0.446191194822132,-0.67,2.06,NA,NA,NA,NA,0,54.04109,"GEOID99   "
"CRMS3565_2007","Brackish","Barataria",-90.10424,29.49783,2007,0,0,2.76,0.044,0,0,0.6889,0.0165,0,0,1.9149,0.001,1.916,34.6205,"1/1/2007 12:00:00 AM","12/31/2007 11:00:00 PM",NA,NA,NA,NA,1.09116703188613,0.403257129965101,0.26,2.75,-0.00401362089751348,0.403445217654494,-0.83,1.655,NA,NA,NA,NA,0,98.89269,"GEOID99   "
"CRMS3590_2007","Saline","Barataria",-89.94798,29.48331,2007,0,0,3.58,0,0,0,1.1001,0,0,0,3.925,0,3.925,89.627,"12/4/2007 3:00:00 PM","12/31/2007 11:00:00 PM",14.2861795940719,2.61347239143182,7.98,20.52,0.751765599961944,0.524090023920093,-0.69,2.26,-0.598234397703654,0.52409002348233,-2.04,0.91,16.915038055118,3.37765436697994,11.7,24.26,7.5,7.5,"GEOID99   "
"CRMS3617_2007","Brackish","Barataria",-89.91673,29.54863,2007,0,0,3.06,0,0,0,1.0911,0,0,0,3.3568,0,3.3568,62.9172,"9/12/2007 10:00:00 AM","12/31/2007 11:00:00 PM",11.0595569885034,2.19902332167536,6,16.29,1.05641502217137,0.526099543527456,-0.31,2.47,0.0764150227432751,0.526099543305128,-1.29,1.49,21.4320271383485,5.38339932153217,7.39,32.68,30.1484,30.09132,"GEOID99   "
"CRMS3626_2007","Brackish","Pontchartrain",-89.85423,30.10751,2007,0,0,3.2,0,0,0,0.9295,0,0,0,2.9713,0,2.9713,65.887,"9/29/2007 11:00:00 AM","12/31/2007 11:00:00 PM",9.30644988333993,0.944354325626811,5.85,12.59,0.771826279276198,0.633631030908019,-0.96,2.45,-0.29778619137632,0.633753248232656,-2.03,1.38,19.0724276160344,5.0748302331438,5.76,30.12,25.62786,25.62786,"GEOID99   "
"CRMS3639_2007","Brackish","Pontchartrain",-89.85423,29.90427,2007,0,0.04,2.92,1.18,0,0.1311,0.835,0.1281,0,0.0524,2.4337,0.2514,2.7375,59.3174,"11/9/2007 10:00:00 AM","12/31/2007 11:00:00 PM",12.0777195685338,1.24139158944422,7.75,15.54,0.82108129947257,0.369573304685781,-0.11,1.52,-0.504325202772227,0.369650495320727,-1.44,0.19,17.4161965076217,3.98279442117967,5.05,25.99,14.16667,14.0411,"GEOID99   "
"CRMS3641_2007","Brackish","Pontchartrain",-89.85423,29.91879,2007,0,0,2.82,0.02,0,0,0.9477,0.0091,0,0,2.6487,0.0018,2.6505,50.4335,"11/9/2007 12:00:00 PM","12/31/2007 11:00:00 PM",10.6167197550178,0.999443389122522,6.83,11.95,0.970749394870592,0.434803629655725,-0.29,1.83,-0.12925060392987,0.434803628318662,-1.39,0.73,17.22189832548,4.28815290014284,4.56,26.08,14.3379,14.16667,"GEOID99   "
"CRMS3650_2007","Brackish","Pontchartrain",-89.82298,30.0567,2007,0,0,3.3,0,0,0,1.0697,0,0,0,3.5145,0,3.5145,77.3714,"9/29/2007 12:00:00 PM","12/31/2007 11:00:00 PM",9.92701292867061,1.44244671994266,5.16,13.71,0.771639927994267,0.792207467505738,-1.2,3.07,-0.717023172292115,0.792160629684346,-2.69,1.58,19.5646167528183,4.68999632198839,10.21,30.21,25.60502,25.61644,"GEOID99   "
"CRMS3664_2007","Brackish","Pontchartrain",-89.82298,29.91153,2007,0,0,3.4,0,0,0,0.8075,0,0,0,2.7297,0,2.7297,59.7369,"11/9/2007 12:00:00 PM","12/31/2007 11:00:00 PM",11.905370382871,1.69990573784651,4.1,15.79,0.903035426669831,0.424383760689349,-0.29,1.76,-0.277753622889003,0.424828573774147,-1.47,0.58,17.1666163712669,3.12903294379077,7.04,24.22,14.17808,14.17808,"GEOID99   "
"CRMS3667_2007","Brackish","Pontchartrain",-89.88548,30.25993,2007,0,0,3.24,0.012,0,0,0.71,0.003,0,0,2.34,4e-04,2.3404,44.0804,"9/28/2007 10:00:00 AM","12/31/2007 11:00:00 PM",8.0043111972069,1.07516502506296,4.84,12.25,1.00807932160592,0.572652751080018,-0.01,2.9,0.0664795004827454,0.573163075394326,-0.95,1.96,19.3118226415546,5.16892509298213,6.93,31.26,25.60502,25.61644,"GEOID99   "
"CRMS4014_2007","Fresh","Atchafalaya",-91.32302,29.54863,2007,0,0,3.42,0,0,0,1.1796,0,0,0,4.0198,0,4.0198,57.2336,"7/9/2007 2:00:00 PM","12/31/2007 11:00:00 PM",0.269491968995741,0.147428792480919,0.17,4.45,0.763651261012116,0.649442112156625,-1.19,2.52,-0.717348738079366,0.64944211189242,-2.671,1.039,27.1883021967015,4.08957451243951,16.37,34.1,34.82877,34.82877,"GEOID99   "
"CRMS4016_2007","Fresh","Atchafalaya",-91.38552,29.56315,2007,0,0,3.22,0,0,0,1.2373,0,0,0,3.8715,0,3.8715,53.7804,"6/7/2007 12:00:00 PM","12/31/2007 11:00:00 PM",0.244161053326957,0.0330058818662607,0.16,0.35,1.22917130105961,0.618179847461438,-0.65,2.89,-0.37482869724319,0.618179849022319,-2.254,1.286,27.5221112679946,3.97640189296877,15.56,34.53,38.98402,38.98402,"GEOID99   "
"CRMS4107_2007","Brackish","Pontchartrain",-89.85423,30.0567,2007,0,0,2.84,0.34,0,0,0.8046,0.0391,0,0,2.2645,0.0326,2.297,39.9736,"11/5/2007 5:00:00 PM","12/31/2007 11:00:00 PM",7.77551445689226,0.511696119848861,6.16,8.51,0.58369355871005,0.125231254193239,0.34,1.01,0.19369356075976,0.125231252043857,-0.05,0.62,16.1641006752088,3.58298485547266,8.14,23.73,15.42237,15.42237,"GEOID99   "
"CRMS4110_2007","Brackish","Pontchartrain",-89.66672,30.20187,2007,0,0.1,3.3,0,0,0.1676,0.9783,0,0,0.1676,3.1897,0,3.3573,65.2164,"12/18/2007 1:00:00 PM","12/31/2007 11:00:00 PM",0.436416936935159,0.364676675177802,0.05,2.06,0.591237785470602,0.473331019452889,-0.34,1.79,-0.768762213563249,0.473331018112668,-1.7,0.43,14.0709597525582,1.52561463300831,11.01,17.75,3.504566,3.504566,"GEOID99   "
"CRMS4406_2007","Brackish","Pontchartrain",-89.72922,30.20187,2007,0,0,3.28,0,0,0,1.224,0,0,0,4.0448,0,4.0448,80.0462,"11/2/2007 9:00:00 AM","12/31/2007 11:00:00 PM",8.62072676499352,1.30591329400084,5.25,14.18,0.38518518460153,0.292795455890565,-0.46,1.33,-0.374814814004779,0.2927954552318,-1.22,0.57,17.0472047713818,4.1839262518522,5.31,26.15,16.33562,16.33562,"GEOID99   "
"CRMS4407_2007","Intermediate","Pontchartrain",-89.72922,30.22363,2007,0,0,3.58,0,0,0,1.849,0,0,0,6.9718,0,6.9718,69.002,"11/2/2007 11:00:00 AM","12/31/2007 11:00:00 PM",6.78171030862437,1.14711643069272,2.68,11.89,0.550901500977737,0.201913209837679,0.23,1.36,-0.789098496774277,0.201913209868674,-1.11,0.02,17.4449999936469,4.10085866807996,6.77,25.38,13.94977,13.6758,"GEOID99   "
"CRMS4455_2007","Saline","Terrebonne",-90.94801,29.2583,2007,0,0,3.4,0,0,0,1.1307,0,0,0,3.8693,0,3.8693,85.5986,"1/1/2007 12:00:00 AM","12/31/2007 11:00:00 PM",11.7205844203099,4.53849365628253,1.13,20.36,1.01293938407522,0.524765681323085,-0.04,2.66,-0.0381748949895621,0.525287270969343,-1.15,1.55,22.8705950499726,6.96457647405652,0.99,36.37,77.54566,74.95434,"GEOID99   "
"CRMS4529_2007","Saline","Barataria",-89.82298,29.46879,2007,0,0,3.12,0,0,0,1.0515,0,0,0,3.2947,0,3.2947,76.0401,"7/25/2007 2:00:00 PM","12/31/2007 11:00:00 PM",14.3679256980531,3.52622233245474,5.32,21.4,1.00661760744505,0.64848840723377,-0.67,3.22,-0.583382391293733,0.648488408560715,-2.26,1.63,24.140899340561,6.28877226760384,8.54,36.27,43.64155,43.43607,"GEOID99   "
"CRMS4572_2007","Saline","Pontchartrain",-89.47921,30.0567,2007,0,0,3.18,0,0,0,1.0113,0,0,0,3.2061,0,3.2061,75.6669,"11/1/2007 9:00:00 AM","12/31/2007 11:00:00 PM",15.3758181832053,1.62590722168298,8.78,22.71,0.228512396546435,0.602137852172802,-1.18,2.47,-0.201487603565016,0.602137853037425,-1.61,2.04,17.5575289300651,3.22501374586408,9.65,23.91,13.81279,13.81279,"GEOID99   "
"CRMS4596_2007","Saline","Pontchartrain",-89.44796,30.0567,2007,0,0,2.84,0,0,0,0.965,0,0,0,2.76,0,2.76,60.99,"11/1/2007 11:00:00 AM","12/31/2007 11:00:00 PM",15.4666345449291,2.03330235819518,8.07,24.22,0.283158981097069,0.615021556638409,-1.07,2.46,-0.376841019014767,0.615021557300981,-1.73,1.8,16.7250791380345,2.89825897228634,10.89,23.07,16.58676,16.58676,"GEOID99   "
"CRMS4626_2007","Brackish","Mississippi River Delta",-89.19796,29.33814,2007,0,0,3.14,0,0,0,1.4782,0,0,0,4.6389,0,4.6389,65.731,"6/26/2007 12:00:00 PM","12/31/2007 11:00:00 PM",6.18237179816494,5.36610480951764,0.22,25.91,1.70532051118331,0.627398960924146,-0.08,3.72,-0.119197612711921,0.627812105824657,-1.91,1.9,25.1057581840417,6.07285687730837,9.19,38.02,51.64384,51.64384,"GEOID99   "
"CRMS4690_2007","Saline","Barataria",-90.04174,29.49783,2007,0,0,3.62,0,0,0,0.7894,0,0,0,2.8571,0,2.8571,65.3182,"1/1/2007 12:00:00 AM","12/31/2007 11:00:00 PM",6.91547291095072,3.77190222483284,0.74,18.48,0.89804419918997,0.544148209258223,-0.68,2.69,-0.0622535212329951,0.544322132159491,-1.64,1.73,22.7613108117549,6.89031961795458,2.03,36.5,99.45206,99.69178,"GEOID99   "
